gstin,ewb_no,ewb_date,doc_type,doc_no,doc_date,supply_type,sub_supply_type,from_gstin,from_state,from_place,to_gstin,to_state,hsn,taxable_value,igst,cgst,sgst,cess,total_invoice_value,transporter_id,transporter_name,vehicle_no,distance_km,valid_upto,status,cancelled,extended
29AABCV1234K1Z9,8363964343692,12-04-2024 19:01,INV,VPI/KA/24-25/0001,12-04-2024,Outward,Supply,29AABCV1234K1Z9,29,Bengaluru,27AAEFS1122H1ZJ,27,72085190,557039.05,100267.03,0.0,0.0,0.0,657306.08,29AAECM1177X1ZF,MAHALAKSHMI ROADLINES PRIVATE LIMITED,KA19EF2760,1069,18-04-2024 19:01,Active,N,N
29AABCV1234K1Z9,8037030983419,03-04-2024 20:39,INV,VPI/KA/24-25/0005,03-04-2024,Outward,Supply,29AABCV1234K1Z9,29,Bengaluru,29AAGFK9012M1ZX,29,72085190,938023.52,0.0,84422.12,84422.11,0.0,1106867.75,29AAECM1177X1ZF,MAHALAKSHMI ROADLINES PRIVATE LIMITED,KA01FE5046,491,06-04-2024 20:39,Active,N,N
29AABCV1234K1Z9,6618505441150,01-04-2024 10:12,INV,VPI/KA/24-25/0006,01-04-2024,Outward,Supply,29AABCV1234K1Z9,29,Bengaluru,27AAEFS1122H1ZJ,27,72085190,1615911.09,290864.0,0.0,0.0,0.0,1906775.09,29AAECM1177X1ZF,MAHALAKSHMI ROADLINES PRIVATE LIMITED,KA01JG2801,203,03-04-2024 10:12,Active,N,N
29AABCV1234K1Z9,3308029991152,30-04-2024 18:43,INV,VPI/KA/24-25/0007,30-04-2024,Outward,Supply,29AABCV1234K1Z9,29,Bengaluru,29AAGFK9012M1ZX,29,84819090,261193.11,0.0,23507.38,23507.38,0.0,308207.87,29AAECM1177X1ZF,MAHALAKSHMI ROADLINES PRIVATE LIMITED,KA43BH6483,546,03-05-2024 18:43,Active,N,N
29AABCV1234K1Z9,7106547539502,17-04-2024 13:28,INV,VPI/KA/24-25/0008,17-04-2024,Outward,Supply,29AABCV1234K1Z9,29,Bengaluru,07AAACN8899J1ZP,07,84139110,164042.66,29527.68,0.0,0.0,0.0,193570.34,29AAECM1177X1ZF,MAHALAKSHMI ROADLINES PRIVATE LIMITED,KA41JH2010,563,20-04-2024 13:28,Active,N,N
29AABCV1234K1Z9,1864677321051,11-04-2024 15:49,INV,VPI/KA/24-25/0009,11-04-2024,Outward,Supply,29AABCV1234K1Z9,29,Bengaluru,19AAACB6677K1Z6,19,73181500,69158.15,12448.47,0.0,0.0,0.0,81606.62,29AAECM1177X1ZF,MAHALAKSHMI ROADLINES PRIVATE LIMITED,KA16AF5813,1782,20-04-2024 15:49,Active,N,N
29AABCV1234K1Z9,3324531569586,14-04-2024 12:34,INV,VPI/KA/24-25/0010,14-04-2024,Outward,Supply,29AABCV1234K1Z9,29,Bengaluru,29AACCS7712F1ZB,29,72085190,1606175.35,0.0,144555.78,144555.78,0.0,1895286.91,29AAECM1177X1ZF,MAHALAKSHMI ROADLINES PRIVATE LIMITED,KA25JB6179,1264,21-04-2024 12:34,Active,N,N
29AABCV1234K1Z9,7025320736563,17-04-2024 13:33,INV,VPI/KA/24-25/0011,17-04-2024,Outward,Supply,29AABCV1234K1Z9,29,Bengaluru,07AAACN8899J1ZP,07,84139110,230338.69,41460.96,0.0,0.0,0.0,271799.65,29AAECM1177X1ZF,MAHALAKSHMI ROADLINES PRIVATE LIMITED,KA43LJ7941,1777,26-04-2024 13:33,Active,N,N
29AABCV1234K1Z9,4362378820726,14-04-2024 18:52,INV,VPI/KA/24-25/0013,14-04-2024,Outward,Supply,29AABCV1234K1Z9,29,Bengaluru,19AAACB6677K1Z6,19,72085190,876544.14,157777.95,0.0,0.0,0.0,1034322.09,29AAECM1177X1ZF,MAHALAKSHMI ROADLINES PRIVATE LIMITED,KA20EH3252,488,17-04-2024 18:52,Active,N,N
29AABCV1234K1Z9,6566985670483,11-04-2024 09:20,INV,VPI/KA/24-25/0015,11-04-2024,Outward,Supply,29AABCV1234K1Z9,29,Bengaluru,07AAACN8899J1ZP,07,84139110,353436.76,63618.62,0.0,0.0,0.0,417055.38,29AAECM1177X1ZF,MAHALAKSHMI ROADLINES PRIVATE LIMITED,KA36KE3434,820,16-04-2024 09:20,Active,N,N
29AABCV1234K1Z9,2144738489599,19-04-2024 15:00,INV,VPI/KA/24-25/0017,19-04-2024,Outward,Export,29AABCV1234K1Z9,29,Bengaluru,URP,96,84819090,1894725.64,0.0,0.0,0.0,0.0,1894725.64,29AAECM1177X1ZF,MAHALAKSHMI ROADLINES PRIVATE LIMITED,KA34BA1818,1004,25-04-2024 15:00,Active,N,N
29AABCV1234K1Z9,4804311289357,15-04-2024 13:22,INV,VPI/KA/24-25/0018,15-04-2024,Outward,Export,29AABCV1234K1Z9,29,Bengaluru,URP,96,84139110,1588178.99,0.0,0.0,0.0,0.0,1588178.99,29AAECM1177X1ZF,MAHALAKSHMI ROADLINES PRIVATE LIMITED,KA12CJ2874,529,18-04-2024 13:22,Active,N,N
29AABCV1234K1Z9,7016106474617,11-04-2024 18:42,INV,VPI/KA/24-25/0020,11-04-2024,Outward,Supply,29AABCV1234K1Z9,29,Bengaluru,URP,36,72085190,570544.52,102698.01,0.0,0.0,0.0,673242.53,29AAECM1177X1ZF,MAHALAKSHMI ROADLINES PRIVATE LIMITED,KA14BA5193,822,16-04-2024 18:42,Active,N,N
27AABCV1234K1ZD,3454570490075,29-04-2024 13:15,INV,VPI/MH/24-25/0001,29-04-2024,Outward,Supply,27AABCV1234K1ZD,27,Navi Mumbai,29AACCS7712F1ZB,29,84819090,492050.58,88569.1,0.0,0.0,0.0,580619.68,29AAECM1177X1ZF,MAHALAKSHMI ROADLINES PRIVATE LIMITED,KA34EK5115,268,01-05-2024 13:15,Active,N,N
27AABCV1234K1ZD,8315172697093,27-04-2024 14:57,INV,VPI/MH/24-25/0003,27-04-2024,Outward,Supply,27AABCV1234K1ZD,27,Navi Mumbai,07AAACN8899J1ZP,07,73181500,44182.19,7952.79,0.0,0.0,0.0,52134.98,29AAECM1177X1ZF,MAHALAKSHMI ROADLINES PRIVATE LIMITED,KA52AC5625,1447,05-05-2024 14:57,Active,N,N
27AABCV1234K1ZD,5167069021749,22-04-2024 20:35,INV,VPI/MH/24-25/0005,22-04-2024,Outward,Supply,27AABCV1234K1ZD,27,Navi Mumbai,27AAEFS1122H1ZJ,27,72085190,2012872.53,0.0,181158.53,181158.53,0.0,2375189.59,29AAECM1177X1ZF,MAHALAKSHMI ROADLINES PRIVATE LIMITED,KA46LJ9883,709,26-04-2024 20:35,Active,N,N
27AABCV1234K1ZD,8509281321460,14-04-2024 12:32,INV,VPI/MH/24-25/0006,14-04-2024,Outward,Supply,27AABCV1234K1ZD,27,Navi Mumbai,07AAACN8899J1ZP,07,84139110,289628.23,52133.08,0.0,0.0,0.0,341761.31,29AAECM1177X1ZF,MAHALAKSHMI ROADLINES PRIVATE LIMITED,KA33JB6481,1236,21-04-2024 12:32,Active,N,N
29AABCV1234K1Z9,1976235578683,19-05-2024 10:00,INV,VPI/KA/24-25/0022,19-05-2024,Outward,Supply,29AABCV1234K1Z9,29,Bengaluru,19AAACB6677K1Z6,19,72085190,1377744.6,247994.03,0.0,0.0,0.0,1625738.63,29AAECM1177X1ZF,MAHALAKSHMI ROADLINES PRIVATE LIMITED,KA52EH9692,1662,28-05-2024 10:00,Active,N,N
29AABCV1234K1Z9,4556448839093,19-05-2024 19:27,INV,VPI/KA/24-25/0024,19-05-2024,Outward,Supply,29AABCV1234K1Z9,29,Bengaluru,27AAEFS1122H1ZJ,27,73181500,96266.43,17327.96,0.0,0.0,0.0,113594.39,29AAECM1177X1ZF,MAHALAKSHMI ROADLINES PRIVATE LIMITED,KA51LD7101,1083,25-05-2024 19:27,Active,N,N
29AABCV1234K1Z9,8977015756655,07-05-2024 18:15,INV,VPI/KA/24-25/0025,07-05-2024,Outward,Supply,29AABCV1234K1Z9,29,Bengaluru,29AACCS7712F1ZB,29,73181500,82029.99,0.0,7382.7,7382.7,0.0,96795.39,29AAECM1177X1ZF,MAHALAKSHMI ROADLINES PRIVATE LIMITED,KA03HD3893,1437,15-05-2024 18:15,Active,N,N
29AABCV1234K1Z9,8855776106760,21-05-2024 13:33,INV,VPI/KA/24-25/0030,21-05-2024,Outward,Supply,29AABCV1234K1Z9,29,Bengaluru,27AAEFS1122H1ZJ,27,84819090,709301.01,127674.18,0.0,0.0,0.0,836975.19,29AAECM1177X1ZF,MAHALAKSHMI ROADLINES PRIVATE LIMITED,KA05BG3731,903,26-05-2024 13:33,Active,N,N
29AABCV1234K1Z9,3707771849981,08-05-2024 08:35,INV,VPI/KA/24-25/0031,08-05-2024,Outward,Supply,29AABCV1234K1Z9,29,Bengaluru,19AAACB6677K1Z6,19,72085190,2188068.93,393852.41,0.0,0.0,0.0,2581921.34,29AAECM1177X1ZF,MAHALAKSHMI ROADLINES PRIVATE LIMITED,KA44AB5424,1783,17-05-2024 08:35,Active,N,N
29AABCV1234K1Z9,5842011198007,04-05-2024 10:07,INV,VPI/KA/24-25/0033,04-05-2024,Outward,Supply,29AABCV1234K1Z9,29,Bengaluru,27AAEFS1122H1ZJ,27,40169390,46606.22,5592.75,0.0,0.0,0.0,52198.97,29AAECM1177X1ZF,MAHALAKSHMI ROADLINES PRIVATE LIMITED,KA13LK9098,409,07-05-2024 10:07,Active,N,N
29AABCV1234K1Z9,6715577665662,19-05-2024 19:52,INV,VPI/KA/24-25/0035,19-05-2024,Outward,Supply,29AABCV1234K1Z9,29,Bengaluru,29AAGFK9012M1ZX,29,72085190,781331.03,0.0,70319.8,70319.79,0.0,921970.62,29AAECM1177X1ZF,MAHALAKSHMI ROADLINES PRIVATE LIMITED,KA03FH9257,1715,28-05-2024 19:52,Active,N,N
29AABCV1234K1Z9,7782440926282,06-05-2024 16:31,INV,VPI/KA/24-25/0037,06-05-2024,Outward,Export,29AABCV1234K1Z9,29,Bengaluru,URP,96,84819090,1046480.28,0.0,0.0,0.0,0.0,1046480.28,29AAECM1177X1ZF,MAHALAKSHMI ROADLINES PRIVATE LIMITED,KA28JB9005,1477,14-05-2024 16:31,Active,N,N
29AABCV1234K1Z9,8575188333577,03-05-2024 12:43,INV,VPI/KA/24-25/0038,03-05-2024,Outward,Export,29AABCV1234K1Z9,29,Bengaluru,URP,96,84819090,1764376.42,0.0,0.0,0.0,0.0,1764376.42,29AAECM1177X1ZF,MAHALAKSHMI ROADLINES PRIVATE LIMITED,KA47BG1386,735,07-05-2024 12:43,Active,N,N
29AABCV1234K1Z9,8451804352742,31-05-2024 08:38,INV,VPI/KA/24-25/0040,31-05-2024,Outward,Supply,29AABCV1234K1Z9,29,Bengaluru,URP,32,40169390,925921.25,111110.55,0.0,0.0,0.0,1037031.8,29AAECM1177X1ZF,MAHALAKSHMI ROADLINES PRIVATE LIMITED,KA36KA4412,936,05-06-2024 08:38,Active,N,N
27AABCV1234K1ZD,3843850895197,12-05-2024 15:37,INV,VPI/MH/24-25/0007,12-05-2024,Outward,Supply,27AABCV1234K1ZD,27,Navi Mumbai,29AACCS7712F1ZB,29,84139110,942813.09,169706.36,0.0,0.0,0.0,1112519.45,29AAECM1177X1ZF,MAHALAKSHMI ROADLINES PRIVATE LIMITED,KA16JG6569,970,17-05-2024 15:37,Active,N,N
27AABCV1234K1ZD,6285689891049,16-05-2024 08:28,INV,VPI/MH/24-25/0008,16-05-2024,Outward,Supply,27AABCV1234K1ZD,27,Navi Mumbai,29AAFCQ2233R1ZV,29,84139110,1253611.53,0.0,0.0,0.0,0.0,1253611.53,29AAECM1177X1ZF,MAHALAKSHMI ROADLINES PRIVATE LIMITED,KA05GF6267,1584,24-05-2024 08:28,Active,N,N
27AABCV1234K1ZD,9578732705075,01-05-2024 16:09,INV,VPI/MH/24-25/0009,01-05-2024,Outward,Supply,27AABCV1234K1ZD,27,Navi Mumbai,29AAGFK9012M1ZX,29,40169390,82785.58,9934.27,0.0,0.0,0.0,92719.85,29AAECM1177X1ZF,MAHALAKSHMI ROADLINES PRIVATE LIMITED,KA36KE6510,345,03-05-2024 16:09,Active,N,N
27AABCV1234K1ZD,6554107758176,17-05-2024 15:42,INV,VPI/MH/24-25/0010,17-05-2024,Outward,Supply,27AABCV1234K1ZD,27,Navi Mumbai,19AAACB6677K1Z6,19,84819090,543969.16,97914.45,0.0,0.0,0.0,641883.61,29AAECM1177X1ZF,MAHALAKSHMI ROADLINES PRIVATE LIMITED,KA45FA8045,739,21-05-2024 15:42,Active,N,N
27AABCV1234K1ZD,2486255536459,13-05-2024 17:49,INV,VPI/MH/24-25/0011,13-05-2024,Outward,Supply,27AABCV1234K1ZD,27,Navi Mumbai,19AAACB6677K1Z6,19,40169390,182862.99,21943.56,0.0,0.0,0.0,204806.55,29AAECM1177X1ZF,MAHALAKSHMI ROADLINES PRIVATE LIMITED,KA31LK2630,658,17-05-2024 17:49,Active,N,N
27AABCV1234K1ZD,8978389019842,09-05-2024 13:02,INV,VPI/MH/24-25/0012,09-05-2024,Outward,Supply,27AABCV1234K1ZD,27,Navi Mumbai,29ADHPG5566Q1ZQ,29,73181500,183568.02,33042.24,0.0,0.0,0.0,216610.26,29AAECM1177X1ZF,MAHALAKSHMI ROADLINES PRIVATE LIMITED,KA25LH3708,1619,18-05-2024 13:02,Active,N,N
29AABCV1234K1Z9,4994332170203,21-06-2024 12:07,INV,VPI/KA/24-25/0041,21-06-2024,Outward,Supply,29AABCV1234K1Z9,29,Bengaluru,29ADHPG5566Q1ZQ,29,84819090,184087.55,0.0,16567.88,16567.88,0.0,217223.31,29AAECM1177X1ZF,MAHALAKSHMI ROADLINES PRIVATE LIMITED,KA24BA9961,209,23-06-2024 12:07,Active,N,N
29AABCV1234K1Z9,6867695306662,07-06-2024 10:40,INV,VPI/KA/24-25/0042,07-06-2024,Outward,Supply,29AABCV1234K1Z9,29,Bengaluru,07AAACN8899J1ZP,07,84819090,215035.61,38706.41,0.0,0.0,0.0,253742.02,29AAECM1177X1ZF,MAHALAKSHMI ROADLINES PRIVATE LIMITED,KA07GA9808,1713,16-06-2024 10:40,Active,N,N
29AABCV1234K1Z9,2336332595879,26-06-2024 18:17,INV,VPI/KA/24-25/0045,26-06-2024,Outward,Supply,29AABCV1234K1Z9,29,Bengaluru,36AABCD4455L1ZH,36,73181500,79628.35,14333.1,0.0,0.0,0.0,93961.45,29AAECM1177X1ZF,MAHALAKSHMI ROADLINES PRIVATE LIMITED,KA31DH5394,983,01-07-2024 18:17,Active,N,N
29AABCV1234K1Z9,3684219727740,20-06-2024 17:02,INV,VPI/KA/24-25/0046,20-06-2024,Outward,Supply,29AABCV1234K1Z9,29,Bengaluru,29ADHPG5566Q1ZQ,29,84819090,323553.89,0.0,29119.85,29119.85,0.0,381793.59,29AAECM1177X1ZF,MAHALAKSHMI ROADLINES PRIVATE LIMITED,KA13GB9720,1190,26-06-2024 17:02,Active,N,N
29AABCV1234K1Z9,6318681631739,14-06-2024 19:55,INV,VPI/KA/24-25/0047,14-06-2024,Outward,Supply,29AABCV1234K1Z9,29,Bengaluru,29AACCS7712F1ZB,29,84139110,200120.58,0.0,18010.85,18010.85,0.0,236142.28,29AAECM1177X1ZF,MAHALAKSHMI ROADLINES PRIVATE LIMITED,KA14EB9979,99,15-06-2024 19:55,Active,N,N
29AABCV1234K1Z9,3975366670108,03-06-2024 20:14,INV,VPI/KA/24-25/0051,03-06-2024,Outward,Supply,29AABCV1234K1Z9,29,Bengaluru,29AAGFK9012M1ZX,29,84139110,163277.66,0.0,14694.99,14694.99,0.0,192667.64,29AAECM1177X1ZF,MAHALAKSHMI ROADLINES PRIVATE LIMITED,KA40HG5408,761,07-06-2024 20:14,Active,N,N
29AABCV1234K1Z9,2944497835782,29-06-2024 08:24,INV,VPI/KA/24-25/0053,29-06-2024,Outward,Supply,29AABCV1234K1Z9,29,Bengaluru,27AAEFS1122H1ZJ,27,84139110,109718.85,19749.39,0.0,0.0,0.0,129468.24,29AAECM1177X1ZF,MAHALAKSHMI ROADLINES PRIVATE LIMITED,KA07EH6412,1401,07-07-2024 08:24,Active,N,N
29AABCV1234K1Z9,9736794565199,15-06-2024 11:18,INV,VPI/KA/24-25/0054,15-06-2024,Outward,Supply,29AABCV1234K1Z9,29,Bengaluru,19AAACB6677K1Z6,19,84819090,106606.26,19189.13,0.0,0.0,0.0,125795.39,29AAECM1177X1ZF,MAHALAKSHMI ROADLINES PRIVATE LIMITED,KA28HG6653,523,18-06-2024 11:18,Active,N,N
29AABCV1234K1Z9,2868492824498,28-06-2024 08:31,INV,VPI/KA/24-25/0057,28-06-2024,Outward,Export,29AABCV1234K1Z9,29,Bengaluru,URP,96,72085190,2977670.19,0.0,0.0,0.0,0.0,2977670.19,29AAECM1177X1ZF,MAHALAKSHMI ROADLINES PRIVATE LIMITED,KA50BH6615,1145,04-07-2024 08:31,Active,N,N
29AABCV1234K1Z9,4345279660581,02-06-2024 09:29,INV,VPI/KA/24-25/0058,02-06-2024,Outward,Export,29AABCV1234K1Z9,29,Bengaluru,URP,96,73181500,2312188.59,0.0,0.0,0.0,0.0,2312188.59,29AAECM1177X1ZF,MAHALAKSHMI ROADLINES PRIVATE LIMITED,KA17GE4373,1282,09-06-2024 09:29,Active,N,N
29AABCV1234K1Z9,4916654179952,15-06-2024 10:05,INV,VPI/KA/24-25/0059,15-06-2024,Outward,Supply,29AABCV1234K1Z9,29,Bengaluru,URP,06,84819090,2093757.72,376876.39,0.0,0.0,0.0,2470634.11,29AAECM1177X1ZF,MAHALAKSHMI ROADLINES PRIVATE LIMITED,KA08GE7660,22,16-06-2024 10:05,Active,N,N
27AABCV1234K1ZD,2246347637318,13-06-2024 20:15,INV,VPI/MH/24-25/0013,13-06-2024,Outward,Supply,27AABCV1234K1ZD,27,Navi Mumbai,27AAEFS1122H1ZJ,27,84819090,87712.72,0.0,7894.15,7894.14,0.0,103501.01,29AAECM1177X1ZF,MAHALAKSHMI ROADLINES PRIVATE LIMITED,KA45CK2520,1421,21-06-2024 20:15,Active,N,N
27AABCV1234K1ZD,3792388215698,12-06-2024 19:45,INV,VPI/MH/24-25/0014,12-06-2024,Outward,Supply,27AABCV1234K1ZD,27,Navi Mumbai,29AACCS7712F1ZB,29,84139110,195060.05,35110.81,0.0,0.0,0.0,230170.86,29AAECM1177X1ZF,MAHALAKSHMI ROADLINES PRIVATE LIMITED,KA27JF5827,1042,18-06-2024 19:45,Active,N,N
27AABCV1234K1ZD,1212298273636,22-06-2024 11:18,INV,VPI/MH/24-25/0016,22-06-2024,Outward,Supply,27AABCV1234K1ZD,27,Navi Mumbai,36AABCD4455L1ZH,36,73181500,200363.11,36065.36,0.0,0.0,0.0,236428.47,29AAECM1177X1ZF,MAHALAKSHMI ROADLINES PRIVATE LIMITED,KA34FB9341,1646,01-07-2024 11:18,Active,N,N
27AABCV1234K1ZD,6916477607242,11-06-2024 10:44,INV,VPI/MH/24-25/0017,11-06-2024,Outward,Supply,27AABCV1234K1ZD,27,Navi Mumbai,19AAACB6677K1Z6,19,72085190,1793982.26,322916.81,0.0,0.0,0.0,2116899.07,29AAECM1177X1ZF,MAHALAKSHMI ROADLINES PRIVATE LIMITED,KA38KK6336,759,15-06-2024 10:44,Active,N,N
29AABCV1234K1Z9,5154223394322,11-07-2024 18:41,INV,VPI/KA/24-25/0063,11-07-2024,Outward,Supply,29AABCV1234K1Z9,29,Bengaluru,29AAAGK3344N1Z0,29,84139110,53890.18,0.0,4850.12,4850.11,0.0,63590.41,29AAECM1177X1ZF,MAHALAKSHMI ROADLINES PRIVATE LIMITED,KA05LD4024,28,12-07-2024 18:41,Active,N,N
29AABCV1234K1Z9,1379011391621,31-07-2024 17:41,INV,VPI/KA/24-25/0064,31-07-2024,Outward,Supply,29AABCV1234K1Z9,29,Bengaluru,19AAACB6677K1Z6,19,84819090,577835.25,104010.35,0.0,0.0,0.0,681845.6,29AAECM1177X1ZF,MAHALAKSHMI ROADLINES PRIVATE LIMITED,KA34KK5838,1513,08-08-2024 17:41,Active,N,N
29AABCV1234K1Z9,5354490371408,17-07-2024 11:06,INV,VPI/KA/24-25/0065,17-07-2024,Outward,Supply,29AABCV1234K1Z9,29,Bengaluru,07AAACN8899J1ZP,07,84819090,310389.88,55870.18,0.0,0.0,0.0,366260.06,29AAECM1177X1ZF,MAHALAKSHMI ROADLINES PRIVATE LIMITED,KA28LB4890,182,18-07-2024 11:06,Active,N,N
29AABCV1234K1Z9,1138258676355,15-07-2024 17:24,INV,VPI/KA/24-25/0066,15-07-2024,Outward,Supply,29AABCV1234K1Z9,29,Bengaluru,27AAEFS1122H1ZJ,27,73181500,65025.42,11704.58,0.0,0.0,0.0,76730.0,29AAECM1177X1ZF,MAHALAKSHMI ROADLINES PRIVATE LIMITED,KA23BJ9158,405,18-07-2024 17:24,Active,N,N
29AABCV1234K1Z9,7065542396084,23-07-2024 08:21,INV,VPI/KA/24-25/0070,23-07-2024,Outward,Supply,29AABCV1234K1Z9,29,Bengaluru,27AAEFS1122H1ZJ,27,84819090,936238.38,168522.91,0.0,0.0,0.0,1104761.29,29AAECM1177X1ZF,MAHALAKSHMI ROADLINES PRIVATE LIMITED,KA14HH4090,1570,31-07-2024 08:21,Active,N,N
29AABCV1234K1Z9,4759553619698,27-07-2024 16:53,INV,VPI/KA/24-25/0074,27-07-2024,Outward,Supply,29AABCV1234K1Z9,29,Bengaluru,27AAEFS1122H1ZJ,27,73181500,60864.67,10955.64,0.0,0.0,0.0,71820.31,29AAECM1177X1ZF,MAHALAKSHMI ROADLINES PRIVATE LIMITED,KA44FE2955,1475,04-08-2024 16:53,Active,N,N
29AABCV1234K1Z9,5103635511268,06-07-2024 14:22,INV,VPI/KA/24-25/0075,06-07-2024,Outward,Supply,29AABCV1234K1Z9,29,Bengaluru,29ADHPG5566Q1ZQ,29,84139110,209234.79,0.0,18831.13,18831.13,0.0,246897.05,29AAECM1177X1ZF,MAHALAKSHMI ROADLINES PRIVATE LIMITED,KA29DE5833,380,08-07-2024 14:22,Active,N,N
29AABCV1234K1Z9,7965154447510,05-07-2024 17:05,INV,VPI/KA/24-25/0076,05-07-2024,Outward,Supply,29AABCV1234K1Z9,29,Bengaluru,29AAGFK9012M1ZX,29,73181500,152211.58,0.0,13699.04,13699.04,0.0,179609.66,29AAECM1177X1ZF,MAHALAKSHMI ROADLINES PRIVATE LIMITED,KA26KJ5076,677,09-07-2024 17:05,Active,N,N
29AABCV1234K1Z9,9023532464056,03-07-2024 09:11,INV,VPI/KA/24-25/0077,03-07-2024,Outward,Export,29AABCV1234K1Z9,29,Bengaluru,URP,96,84819090,1636202.09,0.0,0.0,0.0,0.0,1636202.09,29AAECM1177X1ZF,MAHALAKSHMI ROADLINES PRIVATE LIMITED,KA20GL1882,1429,11-07-2024 09:11,Active,N,N
29AABCV1234K1Z9,4873109557918,31-07-2024 10:26,INV,VPI/KA/24-25/0078,31-07-2024,Outward,Export,29AABCV1234K1Z9,29,Bengaluru,URP,96,72085190,2418808.73,0.0,0.0,0.0,0.0,2418808.73,29AAECM1177X1ZF,MAHALAKSHMI ROADLINES PRIVATE LIMITED,KA28CE9066,444,03-08-2024 10:26,Cancelled,Y,N
29AABCV1234K1Z9,5167819154638,21-07-2024 15:17,INV,VPI/KA/24-25/0079,21-07-2024,Outward,Supply,29AABCV1234K1Z9,29,Bengaluru,URP,06,84819090,2163958.69,389512.56,0.0,0.0,0.0,2553471.25,29AAECM1177X1ZF,MAHALAKSHMI ROADLINES PRIVATE LIMITED,KA30AL5134,228,23-07-2024 15:17,Active,N,N
29AABCV1234K1Z9,5593230793941,03-07-2024 20:47,INV,VPI/KA/24-25/0080,03-07-2024,Outward,Supply,29AABCV1234K1Z9,29,Bengaluru,URP,06,72085190,1189511.92,214112.15,0.0,0.0,0.0,1403624.07,29AAECM1177X1ZF,MAHALAKSHMI ROADLINES PRIVATE LIMITED,KA09CK3878,901,08-07-2024 20:47,Active,N,N
27AABCV1234K1ZD,7404151346098,28-07-2024 19:04,INV,VPI/MH/24-25/0019,28-07-2024,Outward,Supply,27AABCV1234K1ZD,27,Navi Mumbai,07AAACN8899J1ZP,07,73181500,129083.1,23234.96,0.0,0.0,0.0,152318.06,29AAECM1177X1ZF,MAHALAKSHMI ROADLINES PRIVATE LIMITED,KA08LE7953,154,29-07-2024 19:04,Active,N,N
27AABCV1234K1ZD,2383260909598,30-07-2024 19:35,INV,VPI/MH/24-25/0023,30-07-2024,Outward,Supply,27AABCV1234K1ZD,27,Navi Mumbai,29AAAGK3344N1Z0,29,84139110,253721.45,45669.86,0.0,0.0,0.0,299391.31,29AAECM1177X1ZF,MAHALAKSHMI ROADLINES PRIVATE LIMITED,KA17CH7115,848,04-08-2024 19:35,Active,N,N
27AABCV1234K1ZD,5175361917799,20-07-2024 19:37,INV,VPI/MH/24-25/0024,20-07-2024,Outward,Supply,27AABCV1234K1ZD,27,Navi Mumbai,19AAACB6677K1Z6,19,40169390,110123.44,13214.81,0.0,0.0,0.0,123338.25,29AAECM1177X1ZF,MAHALAKSHMI ROADLINES PRIVATE LIMITED,KA50LF4961,511,23-07-2024 19:37,Active,N,N
29AABCV1234K1Z9,5807120110646,29-08-2024 14:18,INV,VPI/KA/24-25/0083,29-08-2024,Outward,Supply,29AABCV1234K1Z9,29,Bengaluru,27AAEFS1122H1ZJ,27,84139110,824219.76,148359.56,0.0,0.0,0.0,972579.32,29AAECM1177X1ZF,MAHALAKSHMI ROADLINES PRIVATE LIMITED,KA19BA4770,385,31-08-2024 14:18,Active,N,N
29AABCV1234K1Z9,6084759503987,05-08-2024 20:33,INV,VPI/KA/24-25/0086,05-08-2024,Outward,Supply,29AABCV1234K1Z9,29,Bengaluru,29AACCS7712F1ZB,29,84819090,216135.1,0.0,19452.16,19452.16,0.0,255039.42,29AAECM1177X1ZF,MAHALAKSHMI ROADLINES PRIVATE LIMITED,KA37FL3541,1670,14-08-2024 20:33,Active,N,N
29AABCV1234K1Z9,1712583476025,26-08-2024 19:22,INV,VPI/KA/24-25/0087,26-08-2024,Outward,Supply,29AABCV1234K1Z9,29,Bengaluru,07AAACN8899J1ZP,07,84139110,196623.68,35392.26,0.0,0.0,0.0,232015.94,29AAECM1177X1ZF,MAHALAKSHMI ROADLINES PRIVATE LIMITED,KA31AD1575,601,30-08-2024 19:22,Active,N,N
29AABCV1234K1Z9,4658714938224,20-08-2024 17:58,INV,VPI/KA/24-25/0089,20-08-2024,Outward,Supply,29AABCV1234K1Z9,29,Bengaluru,36AABCD4455L1ZH,36,73181500,65111.72,11720.11,0.0,0.0,0.0,76831.83,29AAECM1177X1ZF,MAHALAKSHMI ROADLINES PRIVATE LIMITED,KA13EG6483,786,24-08-2024 17:58,Active,N,N
29AABCV1234K1Z9,8656287867268,23-08-2024 18:13,INV,VPI/KA/24-25/0092,23-08-2024,Outward,Supply,29AABCV1234K1Z9,29,Bengaluru,29ADHPG5566Q1ZQ,29,84139110,90798.23,0.0,8171.84,8171.84,0.0,107141.91,29AAECM1177X1ZF,MAHALAKSHMI ROADLINES PRIVATE LIMITED,KA49DH1262,1781,01-09-2024 18:13,Active,N,N
29AABCV1234K1Z9,2052852925569,14-08-2024 11:41,INV,VPI/KA/24-25/0093,14-08-2024,Outward,Supply,29AABCV1234K1Z9,29,Bengaluru,36AABCD4455L1ZH,36,72085190,1408925.13,253606.52,0.0,0.0,0.0,1662531.65,29AAECM1177X1ZF,MAHALAKSHMI ROADLINES PRIVATE LIMITED,KA52GH3586,549,17-08-2024 11:41,Active,N,N
29AABCV1234K1Z9,4885636694786,08-08-2024 10:56,INV,VPI/KA/24-25/0095,08-08-2024,Outward,Supply,29AABCV1234K1Z9,29,Bengaluru,19AAACB6677K1Z6,19,72085190,1882250.96,338805.17,0.0,0.0,0.0,2221056.13,29AAECM1177X1ZF,MAHALAKSHMI ROADLINES PRIVATE LIMITED,KA53ED4321,1605,17-08-2024 10:56,Active,N,N
29AABCV1234K1Z9,2525634199168,12-08-2024 12:15,INV,VPI/KA/24-25/0096,12-08-2024,Outward,Supply,29AABCV1234K1Z9,29,Bengaluru,29AACCS7712F1ZB,29,84819090,596706.67,0.0,53703.6,53703.6,0.0,704113.87,29AAECM1177X1ZF,MAHALAKSHMI ROADLINES PRIVATE LIMITED,KA09CH8633,88,13-08-2024 12:15,Active,N,N
29AABCV1234K1Z9,1822539836153,04-08-2024 12:03,INV,VPI/KA/24-25/0097,04-08-2024,Outward,Export,29AABCV1234K1Z9,29,Bengaluru,URP,96,84139110,840430.82,0.0,0.0,0.0,0.0,840430.82,29AAECM1177X1ZF,MAHALAKSHMI ROADLINES PRIVATE LIMITED,KA34HH5629,895,09-08-2024 12:03,Active,N,N
29AABCV1234K1Z9,8151298464802,08-08-2024 14:11,INV,VPI/KA/24-25/0098,08-08-2024,Outward,Export,29AABCV1234K1Z9,29,Bengaluru,URP,96,40169390,1861302.17,0.0,0.0,0.0,0.0,1861302.17,29AAECM1177X1ZF,MAHALAKSHMI ROADLINES PRIVATE LIMITED,KA03AC9942,901,13-08-2024 14:11,Active,N,N
29AABCV1234K1Z9,7668178999806,12-08-2024 09:49,INV,VPI/KA/24-25/0099,12-08-2024,Outward,Supply,29AABCV1234K1Z9,29,Bengaluru,URP,06,84139110,1397095.93,251477.27,0.0,0.0,0.0,1648573.2,29AAECM1177X1ZF,MAHALAKSHMI ROADLINES PRIVATE LIMITED,KA29BC5919,1558,20-08-2024 09:49,Active,N,N
29AABCV1234K1Z9,2293816327695,28-08-2024 15:15,INV,VPI/KA/24-25/0100,28-08-2024,Outward,Supply,29AABCV1234K1Z9,29,Bengaluru,URP,08,40169390,1758921.28,211070.55,0.0,0.0,0.0,1969991.83,29AAECM1177X1ZF,MAHALAKSHMI ROADLINES PRIVATE LIMITED,KA31GH6673,221,30-08-2024 15:15,Active,N,N
27AABCV1234K1ZD,8128194889265,19-08-2024 20:56,INV,VPI/MH/24-25/0025,19-08-2024,Outward,Supply,27AABCV1234K1ZD,27,Navi Mumbai,27AAEFS1122H1ZJ,27,84139110,59259.51,0.0,5333.36,5333.35,0.0,69926.22,29AAECM1177X1ZF,MAHALAKSHMI ROADLINES PRIVATE LIMITED,KA21JD7906,339,21-08-2024 20:56,Active,N,N
27AABCV1234K1ZD,4929445078068,20-08-2024 16:50,INV,VPI/MH/24-25/0026,20-08-2024,Outward,Supply,27AABCV1234K1ZD,27,Navi Mumbai,29AAFCQ2233R1ZV,29,84819090,236538.25,0.0,0.0,0.0,0.0,236538.25,29AAECM1177X1ZF,MAHALAKSHMI ROADLINES PRIVATE LIMITED,KA46GL2235,1008,26-08-2024 16:50,Active,N,N
27AABCV1234K1ZD,7953097159279,25-08-2024 08:13,INV,VPI/MH/24-25/0029,25-08-2024,Outward,Supply,27AABCV1234K1ZD,27,Navi Mumbai,07AAACN8899J1ZP,07,73181500,114079.83,20534.37,0.0,0.0,0.0,134614.2,29AAECM1177X1ZF,MAHALAKSHMI ROADLINES PRIVATE LIMITED,KA27FB3035,379,27-08-2024 08:13,Active,N,N
27AABCV1234K1ZD,5547681446109,01-08-2024 08:54,INV,VPI/MH/24-25/0030,01-08-2024,Outward,Supply,27AABCV1234K1ZD,27,Navi Mumbai,27AAEFS1122H1ZJ,27,72085190,1944383.07,0.0,174994.48,174994.47,0.0,2294372.02,29AAECM1177X1ZF,MAHALAKSHMI ROADLINES PRIVATE LIMITED,KA23KC2900,146,02-08-2024 08:54,Active,N,N
29AABCV1234K1Z9,8968028257063,30-09-2024 10:56,INV,VPI/KA/24-25/0102,30-09-2024,Outward,Supply,29AABCV1234K1Z9,29,Bengaluru,29AAFCQ2233R1ZV,29,84819090,138908.22,0.0,0.0,0.0,0.0,138908.22,29AAECM1177X1ZF,MAHALAKSHMI ROADLINES PRIVATE LIMITED,KA45AJ8555,254,02-10-2024 10:56,Active,N,N
29AABCV1234K1Z9,9275049888956,09-09-2024 12:03,INV,VPI/KA/24-25/0103,09-09-2024,Outward,Supply,29AABCV1234K1Z9,29,Bengaluru,29ADHPG5566Q1ZQ,29,84139110,573795.29,0.0,51641.58,51641.57,0.0,677078.44,29AAECM1177X1ZF,MAHALAKSHMI ROADLINES PRIVATE LIMITED,KA27EK7786,293,11-09-2024 12:03,Active,N,N
29AABCV1234K1Z9,9898789890813,10-09-2024 18:40,INV,VPI/KA/24-25/0104,10-09-2024,Outward,Supply,29AABCV1234K1Z9,29,Bengaluru,36AABCD4455L1ZH,36,84819090,398709.05,71767.63,0.0,0.0,0.0,470476.68,29AAECM1177X1ZF,MAHALAKSHMI ROADLINES PRIVATE LIMITED,KA20GA3591,1344,17-09-2024 18:40,Active,N,N
29AABCV1234K1Z9,9759525583183,08-09-2024 15:51,INV,VPI/KA/24-25/0105,08-09-2024,Outward,Supply,29AABCV1234K1Z9,29,Bengaluru,29ADHPG5566Q1ZQ,29,84139110,55002.57,0.0,4950.23,4950.23,0.0,64903.03,29AAECM1177X1ZF,MAHALAKSHMI ROADLINES PRIVATE LIMITED,KA23LK9080,886,13-09-2024 15:51,Active,N,N
29AABCV1234K1Z9,6606142907338,30-09-2024 14:43,INV,VPI/KA/24-25/0111,30-09-2024,Outward,Supply,29AABCV1234K1Z9,29,Bengaluru,29AAGFK9012M1ZX,29,84139110,416577.82,0.0,37492.01,37492.0,0.0,491561.83,29AAECM1177X1ZF,MAHALAKSHMI ROADLINES PRIVATE LIMITED,KA33CA5447,844,05-10-2024 14:43,Active,N,N
29AABCV1234K1Z9,6881730939717,20-09-2024 17:05,INV,VPI/KA/24-25/0112,20-09-2024,Outward,Supply,29AABCV1234K1Z9,29,Bengaluru,29ADHPG5566Q1ZQ,29,84819090,606887.15,0.0,54619.85,54619.84,0.0,716126.84,29AAECM1177X1ZF,MAHALAKSHMI ROADLINES PRIVATE LIMITED,KA13FE7005,711,24-09-2024 17:05,Active,N,N
29AABCV1234K1Z9,8278794537523,15-09-2024 16:13,INV,VPI/KA/24-25/0113,15-09-2024,Outward,Supply,29AABCV1234K1Z9,29,Bengaluru,07AAACN8899J1ZP,07,72085190,1889166.7,340050.01,0.0,0.0,0.0,2229216.71,29AAECM1177X1ZF,MAHALAKSHMI ROADLINES PRIVATE LIMITED,KA02BL6359,1711,24-09-2024 16:13,Active,N,N
29AABCV1234K1Z9,7232611772829,17-09-2024 20:07,INV,VPI/KA/24-25/0114,17-09-2024,Outward,Supply,29AABCV1234K1Z9,29,Bengaluru,29AACCS7712F1ZB,29,72085190,1402041.87,0.0,126183.77,126183.77,0.0,1654409.41,29AAECM1177X1ZF,MAHALAKSHMI ROADLINES PRIVATE LIMITED,KA52BF1480,802,22-09-2024 20:07,Active,N,N
29AABCV1234K1Z9,8503564873317,11-09-2024 19:43,INV,VPI/KA/24-25/0117,11-09-2024,Outward,Export,29AABCV1234K1Z9,29,Bengaluru,URP,96,72085190,1696909.82,0.0,0.0,0.0,0.0,1696909.82,29AAECM1177X1ZF,MAHALAKSHMI ROADLINES PRIVATE LIMITED,KA35KK4269,179,12-09-2024 19:43,Active,N,N
29AABCV1234K1Z9,7113808595200,06-09-2024 11:16,INV,VPI/KA/24-25/0118,06-09-2024,Outward,Export,29AABCV1234K1Z9,29,Bengaluru,URP,96,40169390,2564071.53,0.0,0.0,0.0,0.0,2564071.53,29AAECM1177X1ZF,MAHALAKSHMI ROADLINES PRIVATE LIMITED,KA02LD2374,1759,15-09-2024 11:16,Active,N,N
29AABCV1234K1Z9,6963014492761,21-09-2024 11:42,INV,VPI/KA/24-25/0119,21-09-2024,Outward,Supply,29AABCV1234K1Z9,29,Bengaluru,URP,06,40169390,941052.54,112926.3,0.0,0.0,0.0,1053978.84,29AAECM1177X1ZF,MAHALAKSHMI ROADLINES PRIVATE LIMITED,KA09DG8014,157,22-09-2024 11:42,Active,N,N
29AABCV1234K1Z9,3154529610877,26-09-2024 16:11,INV,VPI/KA/24-25/0120,26-09-2024,Outward,Supply,29AABCV1234K1Z9,29,Bengaluru,URP,08,73181500,753740.73,135673.33,0.0,0.0,0.0,889414.06,29AAECM1177X1ZF,MAHALAKSHMI ROADLINES PRIVATE LIMITED,KA29FC2301,991,01-10-2024 16:11,Active,N,N
27AABCV1234K1ZD,5644493892906,29-09-2024 18:29,INV,VPI/MH/24-25/0033,29-09-2024,Outward,Supply,27AABCV1234K1ZD,27,Navi Mumbai,29AAGFK9012M1ZX,29,84819090,1189148.46,214046.72,0.0,0.0,0.0,1403195.18,29AAECM1177X1ZF,MAHALAKSHMI ROADLINES PRIVATE LIMITED,KA23FJ3966,86,30-09-2024 18:29,Active,N,N
27AABCV1234K1ZD,4456357219742,23-09-2024 09:05,INV,VPI/MH/24-25/0035,23-09-2024,Outward,Supply,27AABCV1234K1ZD,27,Navi Mumbai,36AABCD4455L1ZH,36,84819090,127580.7,22964.53,0.0,0.0,0.0,150545.23,29AAECM1177X1ZF,MAHALAKSHMI ROADLINES PRIVATE LIMITED,KA19AD4481,892,28-09-2024 09:05,Active,N,N
27AABCV1234K1ZD,9419986848389,11-09-2024 16:49,INV,VPI/MH/24-25/0036,11-09-2024,Outward,Supply,27AABCV1234K1ZD,27,Navi Mumbai,07AAACN8899J1ZP,07,84139110,231084.63,41595.23,0.0,0.0,0.0,272679.86,29AAECM1177X1ZF,MAHALAKSHMI ROADLINES PRIVATE LIMITED,KA43DH1882,467,14-09-2024 16:49,Active,N,N
33AABCV1234K1ZK,4952065831624,28-09-2024 19:52,INV,VPI/TN/24-25/0001,28-09-2024,Outward,Supply,33AABCV1234K1ZK,33,Navi Mumbai,27AAEFS1122H1ZJ,27,72085190,751780.06,135320.41,0.0,0.0,0.0,887100.47,29AAECM1177X1ZF,MAHALAKSHMI ROADLINES PRIVATE LIMITED,KA50DA6222,1408,06-10-2024 19:52,Active,N,N
29AABCV1234K1Z9,9888217105873,21-10-2024 09:10,INV,VPI/KA/24-25/0121,21-10-2024,Outward,Supply,29AABCV1234K1Z9,29,Bengaluru,36AABCD4455L1ZH,36,84819090,185762.43,33437.24,0.0,0.0,0.0,219199.67,29AAECM1177X1ZF,MAHALAKSHMI ROADLINES PRIVATE LIMITED,KA43HJ6127,1346,28-10-2024 09:10,Active,N,N
29AABCV1234K1Z9,8635224264681,29-10-2024 15:48,INV,VPI/KA/24-25/0125,29-10-2024,Outward,Supply,29AABCV1234K1Z9,29,Bengaluru,29AAFCQ2233R1ZV,29,84139110,86449.57,0.0,0.0,0.0,0.0,86449.57,29AAECM1177X1ZF,MAHALAKSHMI ROADLINES PRIVATE LIMITED,KA26GG3482,142,30-10-2024 15:48,Active,N,N
29AABCV1234K1Z9,7085646670601,30-10-2024 14:48,INV,VPI/KA/24-25/0126,30-10-2024,Outward,Supply,29AABCV1234K1Z9,29,Bengaluru,29AAGFK9012M1ZX,29,84819090,346468.03,0.0,31182.13,31182.12,0.0,408832.28,29AAECM1177X1ZF,MAHALAKSHMI ROADLINES PRIVATE LIMITED,KA41GF5653,107,31-10-2024 14:48,Active,N,N
29AABCV1234K1Z9,9399815505342,16-10-2024 14:41,INV,VPI/KA/24-25/0128,16-10-2024,Outward,Supply,29AABCV1234K1Z9,29,Bengaluru,07AAACN8899J1ZP,07,84819090,51493.65,9268.86,0.0,0.0,0.0,60762.51,29AAECM1177X1ZF,MAHALAKSHMI ROADLINES PRIVATE LIMITED,KA45AG6527,671,20-10-2024 14:41,Active,N,N
29AABCV1234K1Z9,3931618487383,09-10-2024 13:00,INV,VPI/KA/24-25/0129,09-10-2024,Outward,Supply,29AABCV1234K1Z9,29,Bengaluru,29AACCS7712F1ZB,29,84139110,62844.48,0.0,5656.01,5656.0,0.0,74156.49,29AAECM1177X1ZF,MAHALAKSHMI ROADLINES PRIVATE LIMITED,KA19DC7155,109,10-10-2024 13:00,Active,N,N
29AABCV1234K1Z9,1553092437844,24-10-2024 11:38,INV,VPI/KA/24-25/0130,24-10-2024,Outward,Supply,29AABCV1234K1Z9,29,Bengaluru,29AACCS7712F1ZB,29,84819090,214732.9,0.0,19325.96,19325.96,0.0,253384.82,29AAECM1177X1ZF,MAHALAKSHMI ROADLINES PRIVATE LIMITED,KA43DE8632,780,28-10-2024 11:38,Active,N,N
29AABCV1234K1Z9,4157186222120,12-10-2024 12:43,INV,VPI/KA/24-25/0131,12-10-2024,Outward,Supply,29AABCV1234K1Z9,29,Bengaluru,19AAACB6677K1Z6,19,72085190,870330.27,156659.45,0.0,0.0,0.0,1026989.72,29AAECM1177X1ZF,MAHALAKSHMI ROADLINES PRIVATE LIMITED,KA02CJ2868,1642,21-10-2024 12:43,Active,N,N
29AABCV1234K1Z9,6356748372430,19-10-2024 10:46,INV,VPI/KA/24-25/0133,19-10-2024,Outward,Supply,29AABCV1234K1Z9,29,Bengaluru,29AACCS7712F1ZB,29,72085190,1304338.98,0.0,117390.51,117390.51,0.0,1539120.0,29AAECM1177X1ZF,MAHALAKSHMI ROADLINES PRIVATE LIMITED,KA37JA5662,976,24-10-2024 10:46,Active,N,Y
29AABCV1234K1Z9,5678703946080,14-10-2024 11:24,INV,VPI/KA/24-25/0134,14-10-2024,Outward,Supply,29AABCV1234K1Z9,29,Bengaluru,29AAFCQ2233R1ZV,29,72085190,1431131.92,0.0,0.0,0.0,0.0,1431131.92,29AAECM1177X1ZF,MAHALAKSHMI ROADLINES PRIVATE LIMITED,KA50AL6478,1781,23-10-2024 11:24,Active,N,N
29AABCV1234K1Z9,8594557856134,10-10-2024 17:19,INV,VPI/KA/24-25/0135,10-10-2024,Outward,Supply,29AABCV1234K1Z9,29,Bengaluru,36AABCD4455L1ZH,36,72085190,1502206.63,270397.19,0.0,0.0,0.0,1772603.82,29AAECM1177X1ZF,MAHALAKSHMI ROADLINES PRIVATE LIMITED,KA25CE5370,568,13-10-2024 17:19,Active,N,N
29AABCV1234K1Z9,9596606420817,16-10-2024 20:30,INV,VPI/KA/24-25/0136,16-10-2024,Outward,Supply,29AABCV1234K1Z9,29,Bengaluru,07AAACN8899J1ZP,07,84139110,249681.46,44942.66,0.0,0.0,0.0,294624.12,29AAECM1177X1ZF,MAHALAKSHMI ROADLINES PRIVATE LIMITED,KA22DH8177,1524,24-10-2024 20:30,Active,N,N
29AABCV1234K1Z9,1447405577342,06-10-2024 12:44,INV,VPI/KA/24-25/0137,06-10-2024,Outward,Export,29AABCV1234K1Z9,29,Bengaluru,URP,96,73181500,1580676.21,0.0,0.0,0.0,0.0,1580676.21,29AAECM1177X1ZF,MAHALAKSHMI ROADLINES PRIVATE LIMITED,KA36AD4991,1133,12-10-2024 12:44,Active,N,N
29AABCV1234K1Z9,3392092499720,09-10-2024 13:21,INV,VPI/KA/24-25/0138,09-10-2024,Outward,Export,29AABCV1234K1Z9,29,Bengaluru,URP,96,84819090,1253209.64,0.0,0.0,0.0,0.0,1253209.64,29AAECM1177X1ZF,MAHALAKSHMI ROADLINES PRIVATE LIMITED,KA05KC1641,65,10-10-2024 13:21,Active,N,N
29AABCV1234K1Z9,7516946947581,09-10-2024 11:58,INV,VPI/KA/24-25/0139,09-10-2024,Outward,Supply,29AABCV1234K1Z9,29,Bengaluru,URP,06,40169390,1334994.86,160199.38,0.0,0.0,0.0,1495194.24,29AAECM1177X1ZF,MAHALAKSHMI ROADLINES PRIVATE LIMITED,KA20JG5894,377,11-10-2024 11:58,Active,N,N
29AABCV1234K1Z9,1672698322773,14-10-2024 14:38,INV,VPI/KA/24-25/0140,14-10-2024,Outward,Supply,29AABCV1234K1Z9,29,Bengaluru,URP,06,84139110,865448.8,155780.78,0.0,0.0,0.0,1021229.58,29AAECM1177X1ZF,MAHALAKSHMI ROADLINES PRIVATE LIMITED,KA51DH1591,813,19-10-2024 14:38,Active,N,N
27AABCV1234K1ZD,3799851393574,26-10-2024 17:46,INV,VPI/MH/24-25/0037,26-10-2024,Outward,Supply,27AABCV1234K1ZD,27,Navi Mumbai,07AAACN8899J1ZP,07,84139110,132647.74,23876.59,0.0,0.0,0.0,156524.33,29AAECM1177X1ZF,MAHALAKSHMI ROADLINES PRIVATE LIMITED,KA44DA4778,958,31-10-2024 17:46,Active,N,N
27AABCV1234K1ZD,5186959233303,10-10-2024 11:30,INV,VPI/MH/24-25/0038,10-10-2024,Outward,Supply,27AABCV1234K1ZD,27,Navi Mumbai,36AABCD4455L1ZH,36,73181500,82432.76,14837.9,0.0,0.0,0.0,97270.66,29AAECM1177X1ZF,MAHALAKSHMI ROADLINES PRIVATE LIMITED,KA43JE3887,1640,19-10-2024 11:30,Active,N,N
27AABCV1234K1ZD,8722455058876,16-10-2024 18:06,INV,VPI/MH/24-25/0039,16-10-2024,Outward,Supply,27AABCV1234K1ZD,27,Navi Mumbai,29AAGFK9012M1ZX,29,72085190,750648.69,135116.76,0.0,0.0,0.0,885765.45,29AAECM1177X1ZF,MAHALAKSHMI ROADLINES PRIVATE LIMITED,KA43FF9744,487,19-10-2024 18:06,Active,N,N
27AABCV1234K1ZD,6562316854027,26-10-2024 13:36,INV,VPI/MH/24-25/0040,26-10-2024,Outward,Supply,27AABCV1234K1ZD,27,Navi Mumbai,29AAFCQ2233R1ZV,29,72085190,2185260.85,0.0,0.0,0.0,0.0,2185260.85,29AAECM1177X1ZF,MAHALAKSHMI ROADLINES PRIVATE LIMITED,KA32JG5664,363,28-10-2024 13:36,Active,N,N
27AABCV1234K1ZD,8321348020035,14-10-2024 14:34,INV,VPI/MH/24-25/0041,14-10-2024,Outward,Supply,27AABCV1234K1ZD,27,Navi Mumbai,29AACCS7712F1ZB,29,40169390,59499.16,7139.9,0.0,0.0,0.0,66639.06,29AAECM1177X1ZF,MAHALAKSHMI ROADLINES PRIVATE LIMITED,KA05BB8792,673,18-10-2024 14:34,Active,N,N
27AABCV1234K1ZD,6818838174374,21-10-2024 09:43,INV,VPI/MH/24-25/0042,21-10-2024,Outward,Supply,27AABCV1234K1ZD,27,Navi Mumbai,19AAACB6677K1Z6,19,73181500,101059.4,18190.69,0.0,0.0,0.0,119250.09,29AAECM1177X1ZF,MAHALAKSHMI ROADLINES PRIVATE LIMITED,KA44DF7573,871,26-10-2024 09:43,Active,N,N
33AABCV1234K1ZK,3328884126985,21-10-2024 14:45,INV,VPI/TN/24-25/0004,21-10-2024,Outward,Supply,33AABCV1234K1ZK,33,Navi Mumbai,29AACCS7712F1ZB,29,84139110,316569.65,56982.54,0.0,0.0,0.0,373552.19,29AAECM1177X1ZF,MAHALAKSHMI ROADLINES PRIVATE LIMITED,KA03DA2755,355,23-10-2024 14:45,Active,N,N
29AABCV1234K1Z9,6159177998734,10-11-2024 19:53,INV,VPI/KA/24-25/0141,10-11-2024,Outward,Supply,29AABCV1234K1Z9,29,Bengaluru,07AAACN8899J1ZP,07,84139110,572974.85,103135.47,0.0,0.0,0.0,676110.32,29AAECM1177X1ZF,MAHALAKSHMI ROADLINES PRIVATE LIMITED,KA04LE4444,822,15-11-2024 19:53,Active,N,N
29AABCV1234K1Z9,6032746554016,08-11-2024 16:00,INV,VPI/KA/24-25/0142,08-11-2024,Outward,Supply,29AABCV1234K1Z9,29,Bengaluru,19AAACB6677K1Z6,19,72085190,2084797.98,375263.64,0.0,0.0,0.0,2460061.62,29AAECM1177X1ZF,MAHALAKSHMI ROADLINES PRIVATE LIMITED,KA31GF6866,476,11-11-2024 16:00,Active,N,N
29AABCV1234K1Z9,8142794113146,16-11-2024 18:34,INV,VPI/KA/24-25/0144,16-11-2024,Outward,Supply,29AABCV1234K1Z9,29,Bengaluru,19AAACB6677K1Z6,19,73181500,126842.27,22831.61,0.0,0.0,0.0,149673.88,29AAECM1177X1ZF,MAHALAKSHMI ROADLINES PRIVATE LIMITED,KA49GB8779,911,21-11-2024 18:34,Active,N,N
29AABCV1234K1Z9,9592674119529,02-11-2024 20:38,INV,VPI/KA/24-25/0147,02-11-2024,Outward,Supply,29AABCV1234K1Z9,29,Bengaluru,07AAACN8899J1ZP,07,84139110,128267.47,23088.14,0.0,0.0,0.0,151355.61,29AAECM1177X1ZF,MAHALAKSHMI ROADLINES PRIVATE LIMITED,KA20CK5217,900,07-11-2024 20:38,Active,N,N
29AABCV1234K1Z9,3001621707862,19-11-2024 12:33,INV,VPI/KA/24-25/0150,19-11-2024,Outward,Supply,29AABCV1234K1Z9,29,Bengaluru,07AAACN8899J1ZP,07,84819090,43535.33,7836.36,0.0,0.0,0.0,51371.69,29AAECM1177X1ZF,MAHALAKSHMI ROADLINES PRIVATE LIMITED,KA52AF5043,321,21-11-2024 12:33,Active,N,N
29AABCV1234K1Z9,3764905498145,13-11-2024 11:53,INV,VPI/KA/24-25/0151,13-11-2024,Outward,Supply,29AABCV1234K1Z9,29,Bengaluru,29AAGFK9012M1ZX,29,84139110,99994.43,0.0,8999.5,8999.5,0.0,117993.43,29AAECM1177X1ZF,MAHALAKSHMI ROADLINES PRIVATE LIMITED,KA09FG1566,1435,21-11-2024 11:53,Active,N,N
29AABCV1234K1Z9,3654599952081,25-11-2024 16:15,INV,VPI/KA/24-25/0152,25-11-2024,Outward,Supply,29AABCV1234K1Z9,29,Bengaluru,29AACCS7712F1ZB,29,84819090,717347.68,0.0,64561.29,64561.29,0.0,846470.26,29AAECM1177X1ZF,MAHALAKSHMI ROADLINES PRIVATE LIMITED,KA44AD3587,171,26-11-2024 16:15,Active,N,N
29AABCV1234K1Z9,1751142280774,27-11-2024 15:55,INV,VPI/KA/24-25/0153,27-11-2024,Outward,Supply,29AABCV1234K1Z9,29,Bengaluru,29AACCS7712F1ZB,29,84139110,197519.85,0.0,17776.79,17776.78,0.0,233073.42,29AAECM1177X1ZF,MAHALAKSHMI ROADLINES PRIVATE LIMITED,KA51FG2403,1619,06-12-2024 15:55,Active,N,N
29AABCV1234K1Z9,8956586067742,03-11-2024 13:00,INV,VPI/KA/24-25/0156,03-11-2024,Outward,Supply,29AABCV1234K1Z9,29,Bengaluru,29AAFCQ2233R1ZV,29,84819090,89710.28,0.0,0.0,0.0,0.0,89710.28,29AAECM1177X1ZF,MAHALAKSHMI ROADLINES PRIVATE LIMITED,KA52LE5357,1124,09-11-2024 13:00,Active,N,N
29AABCV1234K1Z9,5702210789584,04-11-2024 13:38,INV,VPI/KA/24-25/0157,04-11-2024,Outward,Export,29AABCV1234K1Z9,29,Bengaluru,URP,96,73181500,2696303.25,0.0,0.0,0.0,0.0,2696303.25,29AAECM1177X1ZF,MAHALAKSHMI ROADLINES PRIVATE LIMITED,KA50JC2511,1795,13-11-2024 13:38,Active,N,N
29AABCV1234K1Z9,5149558663000,15-11-2024 11:38,INV,VPI/KA/24-25/0158,15-11-2024,Outward,Export,29AABCV1234K1Z9,29,Bengaluru,URP,96,84819090,1425036.83,0.0,0.0,0.0,0.0,1425036.83,29AAECM1177X1ZF,MAHALAKSHMI ROADLINES PRIVATE LIMITED,KA43KK3840,1022,21-11-2024 11:38,Active,N,N
29AABCV1234K1Z9,3361482203385,09-11-2024 11:34,INV,VPI/KA/24-25/0159,09-11-2024,Outward,Supply,29AABCV1234K1Z9,29,Bengaluru,URP,32,84819090,2856865.08,514235.71,0.0,0.0,0.0,3371100.79,29AAECM1177X1ZF,MAHALAKSHMI ROADLINES PRIVATE LIMITED,KA42BK5748,509,12-11-2024 11:34,Active,N,N
29AABCV1234K1Z9,1789814996409,08-11-2024 17:05,INV,VPI/KA/24-25/0160,08-11-2024,Outward,Supply,29AABCV1234K1Z9,29,Bengaluru,URP,36,40169390,2251137.53,270136.5,0.0,0.0,0.0,2521274.03,29AAECM1177X1ZF,MAHALAKSHMI ROADLINES PRIVATE LIMITED,KA02KG3336,1661,17-11-2024 17:05,Active,N,N
27AABCV1234K1ZD,2124103231355,21-11-2024 19:57,INV,VPI/MH/24-25/0046,21-11-2024,Outward,Supply,27AABCV1234K1ZD,27,Navi Mumbai,29AAGFK9012M1ZX,29,84819090,1217991.86,219238.53,0.0,0.0,0.0,1437230.39,29AAECM1177X1ZF,MAHALAKSHMI ROADLINES PRIVATE LIMITED,KA21GA5259,1111,27-11-2024 19:57,Active,N,N
27AABCV1234K1ZD,4115175746819,06-11-2024 19:38,INV,VPI/MH/24-25/0047,06-11-2024,Outward,Supply,27AABCV1234K1ZD,27,Navi Mumbai,27AAEFS1122H1ZJ,27,73181500,125268.69,0.0,11274.18,11274.18,0.0,147817.05,29AAECM1177X1ZF,MAHALAKSHMI ROADLINES PRIVATE LIMITED,KA34KL8391,1492,14-11-2024 19:38,Active,N,N
27AABCV1234K1ZD,1579015844960,10-11-2024 19:26,INV,VPI/MH/24-25/0048,10-11-2024,Outward,Supply,27AABCV1234K1ZD,27,Navi Mumbai,29AACCS7712F1ZB,29,40169390,75314.86,9037.78,0.0,0.0,0.0,84352.64,29AAECM1177X1ZF,MAHALAKSHMI ROADLINES PRIVATE LIMITED,KA27DF2281,940,15-11-2024 19:26,Active,N,N
33AABCV1234K1ZK,5445731315264,26-11-2024 08:23,INV,VPI/TN/24-25/0007,26-11-2024,Outward,Supply,33AABCV1234K1ZK,33,Navi Mumbai,07AAACN8899J1ZP,07,84819090,74904.66,13482.84,0.0,0.0,0.0,88387.5,29AAECM1177X1ZF,MAHALAKSHMI ROADLINES PRIVATE LIMITED,KA25BG3950,42,27-11-2024 08:23,Active,N,N
33AABCV1234K1ZK,1941857325274,19-11-2024 20:35,INV,VPI/TN/24-25/0008,19-11-2024,Outward,Supply,33AABCV1234K1ZK,33,Navi Mumbai,29ADHPG5566Q1ZQ,29,72085190,527222.09,94899.98,0.0,0.0,0.0,622122.07,29AAECM1177X1ZF,MAHALAKSHMI ROADLINES PRIVATE LIMITED,KA32BH5056,1280,26-11-2024 20:35,Active,N,N
33AABCV1234K1ZK,4618596971767,16-11-2024 09:07,INV,VPI/TN/24-25/0009,16-11-2024,Outward,Supply,33AABCV1234K1ZK,33,Navi Mumbai,29AACCS7712F1ZB,29,84819090,198186.46,35673.56,0.0,0.0,0.0,233860.02,29AAECM1177X1ZF,MAHALAKSHMI ROADLINES PRIVATE LIMITED,KA04BA4754,1744,25-11-2024 09:07,Active,N,N
29AABCV1234K1Z9,1685232031510,07-12-2024 19:44,INV,VPI/KA/24-25/0161,07-12-2024,Outward,Supply,29AABCV1234K1Z9,29,Bengaluru,36AABCD4455L1ZH,36,84819090,582783.15,104900.97,0.0,0.0,0.0,687684.12,29AAECM1177X1ZF,MAHALAKSHMI ROADLINES PRIVATE LIMITED,KA33GL1260,590,10-12-2024 19:44,Active,N,N
29AABCV1234K1Z9,9862637099009,12-12-2024 09:11,INV,VPI/KA/24-25/0165,12-12-2024,Outward,Supply,29AABCV1234K1Z9,29,Bengaluru,36AABCD4455L1ZH,36,84139110,264543.83,47617.89,0.0,0.0,0.0,312161.72,29AAECM1177X1ZF,MAHALAKSHMI ROADLINES PRIVATE LIMITED,KA52CB4923,1358,19-12-2024 09:11,Active,N,N
29AABCV1234K1Z9,8788515859162,07-12-2024 16:02,INV,VPI/KA/24-25/0166,07-12-2024,Outward,Supply,29AABCV1234K1Z9,29,Bengaluru,29AAAGK3344N1Z0,29,84139110,80931.5,0.0,7283.84,7283.83,0.0,95499.17,29AAECM1177X1ZF,MAHALAKSHMI ROADLINES PRIVATE LIMITED,KA18CE6436,1655,16-12-2024 16:02,Active,N,N
29AABCV1234K1Z9,5476762108349,30-12-2024 11:33,INV,VPI/KA/24-25/0167,30-12-2024,Outward,Supply,29AABCV1234K1Z9,29,Bengaluru,29AAFCQ2233R1ZV,29,84819090,503455.64,0.0,0.0,0.0,0.0,503455.64,29AAECM1177X1ZF,MAHALAKSHMI ROADLINES PRIVATE LIMITED,KA18HA5787,1775,08-01-2025 11:33,Active,N,N
29AABCV1234K1Z9,3516661514062,10-12-2024 08:21,INV,VPI/KA/24-25/0168,10-12-2024,Outward,Supply,29AABCV1234K1Z9,29,Bengaluru,36AABCD4455L1ZH,36,84139110,280758.77,50536.58,0.0,0.0,0.0,331295.35,29AAECM1177X1ZF,MAHALAKSHMI ROADLINES PRIVATE LIMITED,KA53DD8143,911,15-12-2024 08:21,Active,N,N
29AABCV1234K1Z9,8043224322450,31-12-2024 08:03,INV,VPI/KA/24-25/0170,31-12-2024,Outward,Supply,29AABCV1234K1Z9,29,Bengaluru,07AAACN8899J1ZP,07,72085190,402175.11,72391.52,0.0,0.0,0.0,474566.63,29AAECM1177X1ZF,MAHALAKSHMI ROADLINES PRIVATE LIMITED,KA12GK3759,1683,09-01-2025 08:03,Active,N,N
29AABCV1234K1Z9,9455373510315,05-12-2024 09:21,INV,VPI/KA/24-25/0172,05-12-2024,Outward,Supply,29AABCV1234K1Z9,29,Bengaluru,36AABCD4455L1ZH,36,84139110,70270.05,12648.61,0.0,0.0,0.0,82918.66,29AAECM1177X1ZF,MAHALAKSHMI ROADLINES PRIVATE LIMITED,KA52LE1344,1368,12-12-2024 09:21,Active,N,N
29AABCV1234K1Z9,2092318876969,10-12-2024 08:54,INV,VPI/KA/24-25/0176,10-12-2024,Outward,Supply,29AABCV1234K1Z9,29,Bengaluru,29AACCS7712F1ZB,29,84819090,734987.19,0.0,66148.85,66148.84,0.0,867284.88,29AAECM1177X1ZF,MAHALAKSHMI ROADLINES PRIVATE LIMITED,KA35AL4781,1537,18-12-2024 08:54,Active,N,N
29AABCV1234K1Z9,1035580614319,11-12-2024 14:20,INV,VPI/KA/24-25/0177,11-12-2024,Outward,Export,29AABCV1234K1Z9,29,Bengaluru,URP,96,84139110,1169703.57,0.0,0.0,0.0,0.0,1169703.57,29AAECM1177X1ZF,MAHALAKSHMI ROADLINES PRIVATE LIMITED,KA10EL7363,1285,18-12-2024 14:20,Active,N,N
29AABCV1234K1Z9,2388166438375,18-12-2024 19:06,INV,VPI/KA/24-25/0178,18-12-2024,Outward,Export,29AABCV1234K1Z9,29,Bengaluru,URP,96,40169390,2272711.06,0.0,0.0,0.0,0.0,2272711.06,29AAECM1177X1ZF,MAHALAKSHMI ROADLINES PRIVATE LIMITED,KA34GF8344,620,22-12-2024 19:06,Active,N,N
29AABCV1234K1Z9,4623066874942,23-12-2024 12:01,INV,VPI/KA/24-25/0179,23-12-2024,Outward,Supply,29AABCV1234K1Z9,29,Bengaluru,URP,06,72085190,2548890.19,458800.23,0.0,0.0,0.0,3007690.42,29AAECM1177X1ZF,MAHALAKSHMI ROADLINES PRIVATE LIMITED,KA14HH5127,1529,31-12-2024 12:01,Active,N,N
29AABCV1234K1Z9,3723141497662,23-12-2024 11:07,INV,VPI/KA/24-25/0180,23-12-2024,Outward,Supply,29AABCV1234K1Z9,29,Bengaluru,URP,24,40169390,1926331.9,231159.83,0.0,0.0,0.0,2157491.73,29AAECM1177X1ZF,MAHALAKSHMI ROADLINES PRIVATE LIMITED,KA18CJ4412,26,24-12-2024 11:07,Active,N,N
27AABCV1234K1ZD,2028249624125,09-12-2024 14:44,INV,VPI/MH/24-25/0049,09-12-2024,Outward,Supply,27AABCV1234K1ZD,27,Navi Mumbai,29AACCS7712F1ZB,29,84139110,280462.85,50483.31,0.0,0.0,0.0,330946.16,29AAECM1177X1ZF,MAHALAKSHMI ROADLINES PRIVATE LIMITED,KA43FK3881,1029,15-12-2024 14:44,Active,N,N
27AABCV1234K1ZD,2039485406925,19-12-2024 20:11,INV,VPI/MH/24-25/0050,19-12-2024,Outward,Supply,27AABCV1234K1ZD,27,Navi Mumbai,27AAEFS1122H1ZJ,27,84819090,642783.72,0.0,57850.54,57850.53,0.0,758484.79,29AAECM1177X1ZF,MAHALAKSHMI ROADLINES PRIVATE LIMITED,KA09AA5407,616,23-12-2024 20:11,Active,N,N
27AABCV1234K1ZD,4864272440269,04-12-2024 18:46,INV,VPI/MH/24-25/0051,04-12-2024,Outward,Supply,27AABCV1234K1ZD,27,Navi Mumbai,29AACCS7712F1ZB,29,84139110,605603.58,109008.64,0.0,0.0,0.0,714612.22,29AAECM1177X1ZF,MAHALAKSHMI ROADLINES PRIVATE LIMITED,KA28DE7094,1418,12-12-2024 18:46,Active,N,N
27AABCV1234K1ZD,7553784053427,13-12-2024 17:49,INV,VPI/MH/24-25/0053,13-12-2024,Outward,Supply,27AABCV1234K1ZD,27,Navi Mumbai,36AABCD4455L1ZH,36,84139110,389357.39,70084.33,0.0,0.0,0.0,459441.72,29AAECM1177X1ZF,MAHALAKSHMI ROADLINES PRIVATE LIMITED,KA53JD5038,278,15-12-2024 17:49,Active,N,N
27AABCV1234K1ZD,5123031339472,20-12-2024 12:06,INV,VPI/MH/24-25/0054,20-12-2024,Outward,Supply,27AABCV1234K1ZD,27,Navi Mumbai,29AAGFK9012M1ZX,29,84819090,136134.58,24504.22,0.0,0.0,0.0,160638.8,29AAECM1177X1ZF,MAHALAKSHMI ROADLINES PRIVATE LIMITED,KA03BF9149,1482,28-12-2024 12:06,Active,N,N
33AABCV1234K1ZK,3985661705200,13-12-2024 08:07,INV,VPI/TN/24-25/0010,13-12-2024,Outward,Supply,33AABCV1234K1ZK,33,Navi Mumbai,29AAFCQ2233R1ZV,29,72085190,590834.15,0.0,0.0,0.0,0.0,590834.15,29AAECM1177X1ZF,MAHALAKSHMI ROADLINES PRIVATE LIMITED,KA34GL3409,323,15-12-2024 08:07,Active,N,N
33AABCV1234K1ZK,3026719808614,29-12-2024 09:50,INV,VPI/TN/24-25/0012,29-12-2024,Outward,Supply,33AABCV1234K1ZK,33,Navi Mumbai,29AACCS7712F1ZB,29,72085190,161153.13,29007.56,0.0,0.0,0.0,190160.69,29AAECM1177X1ZF,MAHALAKSHMI ROADLINES PRIVATE LIMITED,KA04KC1462,93,30-12-2024 09:50,Active,N,N
29AABCV1234K1Z9,4776901818003,21-01-2025 17:37,INV,VPI/KA/24-25/0182,21-01-2025,Outward,Supply,29AABCV1234K1Z9,29,Bengaluru,29AACCS7712F1ZB,29,84139110,184609.8,0.0,16614.88,16614.88,0.0,217839.56,29AAECM1177X1ZF,MAHALAKSHMI ROADLINES PRIVATE LIMITED,KA09GJ3002,28,22-01-2025 17:37,Active,N,N
29AABCV1234K1Z9,2919035449715,13-01-2025 18:28,INV,VPI/KA/24-25/0183,13-01-2025,Outward,Supply,29AABCV1234K1Z9,29,Bengaluru,19AAACB6677K1Z6,19,84819090,54918.45,9885.32,0.0,0.0,0.0,64803.77,29AAECM1177X1ZF,MAHALAKSHMI ROADLINES PRIVATE LIMITED,KA29HA4854,687,17-01-2025 18:28,Active,N,N
29AABCV1234K1Z9,3204994500809,27-01-2025 08:21,INV,VPI/KA/24-25/0184,27-01-2025,Outward,Supply,29AABCV1234K1Z9,29,Bengaluru,07AAACN8899J1ZP,07,72085190,1065326.24,191758.72,0.0,0.0,0.0,1257084.96,29AAECM1177X1ZF,MAHALAKSHMI ROADLINES PRIVATE LIMITED,KA25LJ9498,1607,05-02-2025 08:21,Active,N,N
29AABCV1234K1Z9,6958851785427,17-01-2025 20:36,INV,VPI/KA/24-25/0186,17-01-2025,Outward,Supply,29AABCV1234K1Z9,29,Bengaluru,29ADHPG5566Q1ZQ,29,72085190,1265586.73,0.0,113902.81,113902.8,0.0,1493392.34,29AAECM1177X1ZF,MAHALAKSHMI ROADLINES PRIVATE LIMITED,KA34ED1846,1181,23-01-2025 20:36,Active,N,N
29AABCV1234K1Z9,8145331974343,16-01-2025 16:59,INV,VPI/KA/24-25/0187,16-01-2025,Outward,Supply,29AABCV1234K1Z9,29,Bengaluru,27AAEFS1122H1ZJ,27,84819090,333752.63,60075.47,0.0,0.0,0.0,393828.1,29AAECM1177X1ZF,MAHALAKSHMI ROADLINES PRIVATE LIMITED,KA06EJ2421,285,18-01-2025 16:59,Active,N,N
29AABCV1234K1Z9,5683296574366,14-01-2025 15:35,INV,VPI/KA/24-25/0188,14-01-2025,Outward,Supply,29AABCV1234K1Z9,29,Bengaluru,29ADHPG5566Q1ZQ,29,72085190,589292.14,0.0,53036.3,53036.29,0.0,695364.73,29AAECM1177X1ZF,MAHALAKSHMI ROADLINES PRIVATE LIMITED,KA20FK4671,843,19-01-2025 15:35,Active,N,N
29AABCV1234K1Z9,8892857431109,22-01-2025 18:31,INV,VPI/KA/24-25/0191,22-01-2025,Outward,Supply,29AABCV1234K1Z9,29,Bengaluru,36AABCD4455L1ZH,36,84139110,65154.28,11727.77,0.0,0.0,0.0,76882.05,29AAECM1177X1ZF,MAHALAKSHMI ROADLINES PRIVATE LIMITED,KA48GC8227,1155,28-01-2025 18:31,Active,N,N
29AABCV1234K1Z9,1646850731363,14-01-2025 17:56,INV,VPI/KA/24-25/0192,14-01-2025,Outward,Supply,29AABCV1234K1Z9,29,Bengaluru,29ADHPG5566Q1ZQ,29,84819090,326778.86,0.0,29410.1,29410.09,0.0,385599.05,29AAECM1177X1ZF,MAHALAKSHMI ROADLINES PRIVATE LIMITED,KA50KC3068,24,15-01-2025 17:56,Active,N,N
29AABCV1234K1Z9,3547745677254,18-01-2025 17:45,INV,VPI/KA/24-25/0193,18-01-2025,Outward,Supply,29AABCV1234K1Z9,29,Bengaluru,29AAAGK3344N1Z0,29,72085190,1386461.19,0.0,124781.51,124781.5,0.0,1636024.2,29AAECM1177X1ZF,MAHALAKSHMI ROADLINES PRIVATE LIMITED,KA06FL8294,1487,26-01-2025 17:45,Active,N,N
29AABCV1234K1Z9,1426523905959,13-01-2025 13:05,INV,VPI/KA/24-25/0197,13-01-2025,Outward,Export,29AABCV1234K1Z9,29,Bengaluru,URP,96,73181500,999181.47,0.0,0.0,0.0,0.0,999181.47,29AAECM1177X1ZF,MAHALAKSHMI ROADLINES PRIVATE LIMITED,KA52DA5580,583,16-01-2025 13:05,Active,N,N
29AABCV1234K1Z9,6058091650104,14-01-2025 16:30,INV,VPI/KA/24-25/0198,14-01-2025,Outward,Export,29AABCV1234K1Z9,29,Bengaluru,URP,96,72085190,1389538.73,0.0,0.0,0.0,0.0,1389538.73,29AAECM1177X1ZF,MAHALAKSHMI ROADLINES PRIVATE LIMITED,KA44JF4233,615,18-01-2025 16:30,Active,N,N
29AABCV1234K1Z9,8938411793571,04-01-2025 11:20,INV,VPI/KA/24-25/0199,04-01-2025,Outward,Supply,29AABCV1234K1Z9,29,Bengaluru,URP,36,73181500,571051.74,102789.31,0.0,0.0,0.0,673841.05,29AAECM1177X1ZF,MAHALAKSHMI ROADLINES PRIVATE LIMITED,KA40CB1243,594,07-01-2025 11:20,Active,N,N
29AABCV1234K1Z9,4326451315714,26-01-2025 17:31,INV,VPI/KA/24-25/0200,26-01-2025,Outward,Supply,29AABCV1234K1Z9,29,Bengaluru,URP,24,73181500,1286779.53,231620.32,0.0,0.0,0.0,1518399.85,29AAECM1177X1ZF,MAHALAKSHMI ROADLINES PRIVATE LIMITED,KA52CL1666,319,28-01-2025 17:31,Active,N,N
27AABCV1234K1ZD,9675226591744,01-01-2025 18:53,INV,VPI/MH/24-25/0055,01-01-2025,Outward,Supply,27AABCV1234K1ZD,27,Navi Mumbai,29AACCS7712F1ZB,29,73181500,317846.3,57212.33,0.0,0.0,0.0,375058.63,29AAECM1177X1ZF,MAHALAKSHMI ROADLINES PRIVATE LIMITED,KA19LE8082,826,06-01-2025 18:53,Active,N,N
27AABCV1234K1ZD,5953300468234,12-01-2025 12:07,INV,VPI/MH/24-25/0056,12-01-2025,Outward,Supply,27AABCV1234K1ZD,27,Navi Mumbai,07AAACN8899J1ZP,07,40169390,119385.95,14326.31,0.0,0.0,0.0,133712.26,29AAECM1177X1ZF,MAHALAKSHMI ROADLINES PRIVATE LIMITED,KA20GG8367,1354,19-01-2025 12:07,Active,N,N
27AABCV1234K1ZD,2557925993297,21-01-2025 10:59,INV,VPI/MH/24-25/0058,21-01-2025,Outward,Supply,27AABCV1234K1ZD,27,Navi Mumbai,29AACCS7712F1ZB,29,84139110,140659.16,25318.65,0.0,0.0,0.0,165977.81,29AAECM1177X1ZF,MAHALAKSHMI ROADLINES PRIVATE LIMITED,KA41FB9772,1482,29-01-2025 10:59,Active,N,N
27AABCV1234K1ZD,3795812592299,06-01-2025 19:05,INV,VPI/MH/24-25/0059,06-01-2025,Outward,Supply,27AABCV1234K1ZD,27,Navi Mumbai,29ADHPG5566Q1ZQ,29,73181500,136838.51,24630.93,0.0,0.0,0.0,161469.44,29AAECM1177X1ZF,MAHALAKSHMI ROADLINES PRIVATE LIMITED,KA40DA6552,514,09-01-2025 19:05,Active,N,N
33AABCV1234K1ZK,4448577349944,15-01-2025 20:47,INV,VPI/TN/24-25/0014,15-01-2025,Outward,Supply,33AABCV1234K1ZK,33,Navi Mumbai,07AAACN8899J1ZP,07,84139110,174221.59,31359.89,0.0,0.0,0.0,205581.48,29AAECM1177X1ZF,MAHALAKSHMI ROADLINES PRIVATE LIMITED,KA46GB2896,1052,21-01-2025 20:47,Active,N,N
33AABCV1234K1ZK,9534922233639,25-01-2025 20:50,INV,VPI/TN/24-25/0015,25-01-2025,Outward,Supply,33AABCV1234K1ZK,33,Navi Mumbai,27AAEFS1122H1ZJ,27,72085190,636700.24,114606.04,0.0,0.0,0.0,751306.28,29AAECM1177X1ZF,MAHALAKSHMI ROADLINES PRIVATE LIMITED,KA47EF7252,1563,02-02-2025 20:50,Active,N,N
29AABCV1234K1Z9,5324627962001,25-02-2025 19:54,INV,VPI/KA/24-25/0202,25-02-2025,Outward,Supply,29AABCV1234K1Z9,29,Bengaluru,27AAEFS1122H1ZJ,27,84139110,93775.18,16879.53,0.0,0.0,0.0,110654.71,29AAECM1177X1ZF,MAHALAKSHMI ROADLINES PRIVATE LIMITED,KA43KA6120,1760,06-03-2025 19:54,Active,N,N
29AABCV1234K1Z9,6918180106245,12-02-2025 12:47,INV,VPI/KA/24-25/0204,12-02-2025,Outward,Supply,29AABCV1234K1Z9,29,Bengaluru,29AAGFK9012M1ZX,29,84139110,295098.41,0.0,26558.86,26558.85,0.0,348216.12,29AAECM1177X1ZF,MAHALAKSHMI ROADLINES PRIVATE LIMITED,KA17LC1876,1200,19-02-2025 12:47,Active,N,N
29AABCV1234K1Z9,9708257471471,28-02-2025 08:58,INV,VPI/KA/24-25/0205,28-02-2025,Outward,Supply,29AABCV1234K1Z9,29,Bengaluru,36AABCD4455L1ZH,36,84819090,47945.51,8630.19,0.0,0.0,0.0,56575.7,29AAECM1177X1ZF,MAHALAKSHMI ROADLINES PRIVATE LIMITED,KA22GF3954,647,04-03-2025 08:58,Active,N,N
29AABCV1234K1Z9,3106128403902,06-02-2025 15:31,INV,VPI/KA/24-25/0207,06-02-2025,Outward,Supply,29AABCV1234K1Z9,29,Bengaluru,29AACCS7712F1ZB,29,84819090,239556.44,0.0,21560.08,21560.08,0.0,282676.6,29AAECM1177X1ZF,MAHALAKSHMI ROADLINES PRIVATE LIMITED,KA29LC3096,1092,12-02-2025 15:31,Active,N,N
29AABCV1234K1Z9,8362015018071,06-02-2025 16:25,INV,VPI/KA/24-25/0208,06-02-2025,Outward,Supply,29AABCV1234K1Z9,29,Bengaluru,07AAACN8899J1ZP,07,84139110,115751.87,20835.34,0.0,0.0,0.0,136587.21,29AAECM1177X1ZF,MAHALAKSHMI ROADLINES PRIVATE LIMITED,KA50FC5098,325,08-02-2025 16:25,Active,N,N
29AABCV1234K1Z9,1364715753865,19-02-2025 19:43,INV,VPI/KA/24-25/0210,19-02-2025,Outward,Supply,29AABCV1234K1Z9,29,Bengaluru,29AACCS7712F1ZB,29,73181500,72440.09,0.0,6519.61,6519.61,0.0,85479.31,29AAECM1177X1ZF,MAHALAKSHMI ROADLINES PRIVATE LIMITED,KA09CA8347,718,23-02-2025 19:43,Active,N,N
29AABCV1234K1Z9,4184105468860,17-02-2025 19:15,INV,VPI/KA/24-25/0211,17-02-2025,Outward,Supply,29AABCV1234K1Z9,29,Bengaluru,29AACCS7712F1ZB,29,84139110,664849.69,0.0,59836.47,59836.47,0.0,784522.63,29AAECM1177X1ZF,MAHALAKSHMI ROADLINES PRIVATE LIMITED,KA10JB8287,1617,26-02-2025 19:15,Active,N,N
29AABCV1234K1Z9,3797332407108,25-02-2025 09:10,INV,VPI/KA/24-25/0212,25-02-2025,Outward,Supply,29AABCV1234K1Z9,29,Bengaluru,29AACCS7712F1ZB,29,84819090,98035.36,0.0,8823.18,8823.18,0.0,115681.72,29AAECM1177X1ZF,MAHALAKSHMI ROADLINES PRIVATE LIMITED,KA08JH4777,245,27-02-2025 09:10,Active,N,N
29AABCV1234K1Z9,7563448422010,18-02-2025 18:21,INV,VPI/KA/24-25/0214,18-02-2025,Outward,Supply,29AABCV1234K1Z9,29,Bengaluru,07AAACN8899J1ZP,07,84819090,326362.51,58745.25,0.0,0.0,0.0,385107.76,29AAECM1177X1ZF,MAHALAKSHMI ROADLINES PRIVATE LIMITED,KA42JE7316,401,21-02-2025 18:21,Active,N,N
29AABCV1234K1Z9,3902790722013,05-02-2025 08:15,INV,VPI/KA/24-25/0215,05-02-2025,Outward,Supply,29AABCV1234K1Z9,29,Bengaluru,27AAEFS1122H1ZJ,27,84139110,1043457.8,187822.4,0.0,0.0,0.0,1231280.2,29AAECM1177X1ZF,MAHALAKSHMI ROADLINES PRIVATE LIMITED,KA19FB7476,1043,11-02-2025 08:15,Active,N,N
29AABCV1234K1Z9,6543312745691,12-02-2025 14:47,INV,VPI/KA/24-25/0216,12-02-2025,Outward,Supply,29AABCV1234K1Z9,29,Bengaluru,29AACCS7712F1ZB,29,73181500,84519.14,0.0,7606.73,7606.72,0.0,99732.59,29AAECM1177X1ZF,MAHALAKSHMI ROADLINES PRIVATE LIMITED,KA10GK7247,1313,19-02-2025 14:47,Active,N,N
29AABCV1234K1Z9,2738390444048,17-02-2025 16:18,INV,VPI/KA/24-25/0217,17-02-2025,Outward,Export,29AABCV1234K1Z9,29,Bengaluru,URP,96,40169390,1634689.72,0.0,0.0,0.0,0.0,1634689.72,29AAECM1177X1ZF,MAHALAKSHMI ROADLINES PRIVATE LIMITED,KA41CB6092,323,19-02-2025 16:18,Active,N,N
29AABCV1234K1Z9,9234054829356,08-02-2025 11:29,INV,VPI/KA/24-25/0218,08-02-2025,Outward,Export,29AABCV1234K1Z9,29,Bengaluru,URP,96,73181500,2497400.88,0.0,0.0,0.0,0.0,2497400.88,29AAECM1177X1ZF,MAHALAKSHMI ROADLINES PRIVATE LIMITED,KA47DK8194,144,09-02-2025 11:29,Active,N,N
29AABCV1234K1Z9,8506786737433,09-02-2025 09:01,INV,VPI/KA/24-25/0219,09-02-2025,Outward,Supply,29AABCV1234K1Z9,29,Bengaluru,URP,24,84819090,1639283.52,295071.03,0.0,0.0,0.0,1934354.55,29AAECM1177X1ZF,MAHALAKSHMI ROADLINES PRIVATE LIMITED,KA17EK1727,1262,16-02-2025 09:01,Active,N,N
27AABCV1234K1ZD,6336474843855,14-02-2025 20:51,INV,VPI/MH/24-25/0061,14-02-2025,Outward,Supply,27AABCV1234K1ZD,27,Navi Mumbai,29AACCS7712F1ZB,29,72085190,709454.25,127701.77,0.0,0.0,0.0,837156.02,29AAECM1177X1ZF,MAHALAKSHMI ROADLINES PRIVATE LIMITED,KA02DH5461,1012,20-02-2025 20:51,Active,N,N
27AABCV1234K1ZD,7573325564590,22-02-2025 16:19,INV,VPI/MH/24-25/0062,22-02-2025,Outward,Supply,27AABCV1234K1ZD,27,Navi Mumbai,07AAACN8899J1ZP,07,84819090,82115.56,14780.8,0.0,0.0,0.0,96896.36,29AAECM1177X1ZF,MAHALAKSHMI ROADLINES PRIVATE LIMITED,KA37FF6404,1125,28-02-2025 16:19,Active,N,N
27AABCV1234K1ZD,3141761751425,12-02-2025 15:23,INV,VPI/MH/24-25/0064,12-02-2025,Outward,Supply,27AABCV1234K1ZD,27,Navi Mumbai,27AAEFS1122H1ZJ,27,84139110,720883.15,0.0,64879.49,64879.48,0.0,850642.12,29AAECM1177X1ZF,MAHALAKSHMI ROADLINES PRIVATE LIMITED,KA34KE7731,307,14-02-2025 15:23,Active,N,N
33AABCV1234K1ZK,2125966574323,16-02-2025 15:43,INV,VPI/TN/24-25/0016,16-02-2025,Outward,Supply,33AABCV1234K1ZK,33,Navi Mumbai,29AACCS7712F1ZB,29,72085190,622105.37,111978.97,0.0,0.0,0.0,734084.34,29AAECM1177X1ZF,MAHALAKSHMI ROADLINES PRIVATE LIMITED,KA22GH3898,802,21-02-2025 15:43,Active,N,N
29AABCV1234K1Z9,4962635417364,16-03-2025 13:28,INV,VPI/KA/24-25/0221,16-03-2025,Outward,Supply,29AABCV1234K1Z9,29,Bengaluru,29AAGFK9012M1ZX,29,72085190,1659866.98,0.0,149388.03,149388.03,0.0,1958643.04,29AAECM1177X1ZF,MAHALAKSHMI ROADLINES PRIVATE LIMITED,KA13FJ7135,1307,23-03-2025 13:28,Active,N,N
29AABCV1234K1Z9,7388138301183,05-03-2025 14:55,INV,VPI/KA/24-25/0222,05-03-2025,Outward,Supply,29AABCV1234K1Z9,29,Bengaluru,07AAACN8899J1ZP,07,84139110,189366.95,34086.05,0.0,0.0,0.0,223453.0,29AAECM1177X1ZF,MAHALAKSHMI ROADLINES PRIVATE LIMITED,KA52LA8514,1095,11-03-2025 14:55,Active,N,N
29AABCV1234K1Z9,7848413108588,05-03-2025 16:06,INV,VPI/KA/24-25/0227,05-03-2025,Outward,Supply,29AABCV1234K1Z9,29,Bengaluru,19AAACB6677K1Z6,19,72085190,2068334.63,372300.23,0.0,0.0,0.0,2440634.86,29AAECM1177X1ZF,MAHALAKSHMI ROADLINES PRIVATE LIMITED,KA42LF2616,617,09-03-2025 16:06,Active,N,N
29AABCV1234K1Z9,2629438653706,16-03-2025 17:18,INV,VPI/KA/24-25/0228,16-03-2025,Outward,Supply,29AABCV1234K1Z9,29,Bengaluru,29AACCS7712F1ZB,29,73181500,61373.71,0.0,5523.64,5523.63,0.0,72420.98,29AAECM1177X1ZF,MAHALAKSHMI ROADLINES PRIVATE LIMITED,KA05FJ9142,388,18-03-2025 17:18,Active,N,N
29AABCV1234K1Z9,8009772790297,02-03-2025 10:59,INV,VPI/KA/24-25/0230,02-03-2025,Outward,Supply,29AABCV1234K1Z9,29,Bengaluru,29AAGFK9012M1ZX,29,72085190,1430282.17,0.0,128725.4,128725.39,0.0,1687732.96,29AAECM1177X1ZF,MAHALAKSHMI ROADLINES PRIVATE LIMITED,KA11KG9910,1580,10-03-2025 10:59,Active,N,N
29AABCV1234K1Z9,6733456702896,11-03-2025 10:50,INV,VPI/KA/24-25/0231,11-03-2025,Outward,Supply,29AABCV1234K1Z9,29,Bengaluru,36AABCD4455L1ZH,36,73181500,57035.98,10266.48,0.0,0.0,0.0,67302.46,29AAECM1177X1ZF,MAHALAKSHMI ROADLINES PRIVATE LIMITED,KA05GD8889,193,12-03-2025 10:50,Active,N,N
29AABCV1234K1Z9,5552874157264,07-03-2025 09:47,INV,VPI/KA/24-25/0234,07-03-2025,Outward,Supply,29AABCV1234K1Z9,29,Bengaluru,19AAACB6677K1Z6,19,84139110,52152.9,9387.52,0.0,0.0,0.0,61540.42,29AAECM1177X1ZF,MAHALAKSHMI ROADLINES PRIVATE LIMITED,KA44JC4142,521,10-03-2025 09:47,Active,N,N
29AABCV1234K1Z9,3157481805282,26-03-2025 19:31,INV,VPI/KA/24-25/0237,26-03-2025,Outward,Export,29AABCV1234K1Z9,29,Bengaluru,URP,96,73181500,860412.72,0.0,0.0,0.0,0.0,860412.72,29AAECM1177X1ZF,MAHALAKSHMI ROADLINES PRIVATE LIMITED,KA36EC8108,674,30-03-2025 19:31,Active,N,N
29AABCV1234K1Z9,5821912164942,05-03-2025 17:39,INV,VPI/KA/24-25/0238,05-03-2025,Outward,Export,29AABCV1234K1Z9,29,Bengaluru,URP,96,73181500,1665698.16,0.0,0.0,0.0,0.0,1665698.16,29AAECM1177X1ZF,MAHALAKSHMI ROADLINES PRIVATE LIMITED,KA44JF9764,282,07-03-2025 17:39,Active,N,N
29AABCV1234K1Z9,8841776877061,31-03-2025 18:00,INV,VPI/KA/24-25/0239,31-03-2025,Outward,Supply,29AABCV1234K1Z9,29,Bengaluru,URP,24,72085190,2028481.99,365126.76,0.0,0.0,0.0,2393608.75,29AAECM1177X1ZF,MAHALAKSHMI ROADLINES PRIVATE LIMITED,KA39KF8374,679,04-04-2025 18:00,Active,N,N
29AABCV1234K1Z9,4871222230501,23-03-2025 18:25,INV,VPI/KA/24-25/0240,23-03-2025,Outward,Supply,29AABCV1234K1Z9,29,Bengaluru,URP,08,84139110,1014950.19,182691.03,0.0,0.0,0.0,1197641.22,29AAECM1177X1ZF,MAHALAKSHMI ROADLINES PRIVATE LIMITED,KA18GK2411,900,28-03-2025 18:25,Active,N,N
27AABCV1234K1ZD,5401022753541,18-03-2025 08:07,INV,VPI/MH/24-25/0068,18-03-2025,Outward,Supply,27AABCV1234K1ZD,27,Navi Mumbai,29AACCS7712F1ZB,29,72085190,1764020.08,317523.61,0.0,0.0,0.0,2081543.69,29AAECM1177X1ZF,MAHALAKSHMI ROADLINES PRIVATE LIMITED,KA05FL3324,1230,25-03-2025 08:07,Active,N,N
27AABCV1234K1ZD,3622628240749,16-03-2025 10:55,INV,VPI/MH/24-25/0071,16-03-2025,Outward,Supply,27AABCV1234K1ZD,27,Navi Mumbai,27AAEFS1122H1ZJ,27,73181500,63633.82,0.0,5727.05,5727.04,0.0,75087.91,29AAECM1177X1ZF,MAHALAKSHMI ROADLINES PRIVATE LIMITED,KA53HL2191,1272,23-03-2025 10:55,Active,N,N
33AABCV1234K1ZK,8644105741617,19-03-2025 11:09,INV,VPI/TN/24-25/0020,19-03-2025,Outward,Supply,33AABCV1234K1ZK,33,Navi Mumbai,27AAEFS1122H1ZJ,27,40169390,60235.26,7228.23,0.0,0.0,0.0,67463.49,29AAECM1177X1ZF,MAHALAKSHMI ROADLINES PRIVATE LIMITED,KA15LD9243,998,24-03-2025 11:09,Active,N,N
33AABCV1234K1ZK,3287818873919,10-03-2025 13:26,INV,VPI/TN/24-25/0021,10-03-2025,Outward,Supply,33AABCV1234K1ZK,33,Navi Mumbai,07AAACN8899J1ZP,07,73181500,118699.92,21365.99,0.0,0.0,0.0,140065.91,29AAECM1177X1ZF,MAHALAKSHMI ROADLINES PRIVATE LIMITED,KA52LJ5309,112,11-03-2025 13:26,Active,N,N
