ref,alias_refs,doc_type_code,name,category,grp,obligation,mode,sections,stream,archetype,silver_storage,refresh_cadence,source_system,notes,field_contract,table_name
A1.01,,SALES_REGISTER,Sales register — outward supply invoice-level,A,A1,MANDATORY,BOTH,"A1,A2,A3,A6,A7,A8,A9",B,1,STRUCTURED,CONTINUOUS,CLIENT_ERP,Primary source for all output tax sections. Line-item level mandatory.,"direction=OUTWARD;counterparty=OPTIONAL;doc=place_of_supply:text!,invoice_type:text",sales_register
A1.02,,CREDIT_DEBIT_NOTE_REGISTER,Credit note and debit note register,A,A1,MANDATORY,BOTH,"A1,A2,A8,B8",B,1,STRUCTURED,CONTINUOUS,CLIENT_ERP,Must carry original invoice number. Unlinked CNs are an immediate finding.,"direction=OUTWARD;counterparty=OPTIONAL;doc=note_type:text!,original_doc_number:text!,original_doc_date:date!,reason:text",credit_debit_note_register
A1.03,,PURCHASE_REGISTER,Purchase register — inward supply invoice-level,A,A1,MANDATORY,BOTH,"B1,B2,B3,B4,B5,B8",B,1,STRUCTURED,CONTINUOUS,CLIENT_ERP,"Write path retired 2026-08-10 (TYPED-TABLES-PLAN.md 10 step 4) — promotes via purchase_register (tenant 010) and src/silver/registers, not transaction_document, per an explicit guard in src/silver/promote.py. archetype stays 1: it is mandatory classification data whenever in_scope (document_type_scope_ck, shared 003), not a write-path switch. GL code and cost centre mandatory for Rule 42 pool segregation.",direction=INWARD;counterparty=REQUIRED;doc=payment_due_date:date;line=itc_eligibility:text,purchase_register
A1.04,,ADVANCE_RECEIPT_REGISTER,Advance receipt register,A,A1,CONDITIONAL,BOTH,A4,B,2,STRUCTURED,PERIODIC,CLIENT_ERP,Required for all service taxpayers.,,advance_receipt_register
A1.05,,UNBILLED_REVENUE_SCHEDULE,Unbilled revenue schedule,A,A1,CONDITIONAL,BOTH,A5,B,2,STRUCTURED,PERIODIC,CLIENT_BOOKS,date_of_service_completion is the critical field. Without it the 30-day rule is flag-only.,,unbilled_revenue_schedule
A1.06,,JOBWORK_DISPATCH_REGISTER,Job work dispatch register,A,A1,CONDITIONAL,BOTH,A5,B,2,STRUCTURED,PERIODIC,CLIENT_ERP,Dispatch date triggers the 1-year/3-year statutory return deadline.,,job_work_dispatch_register
A1.07,,CONTINUOUS_SUPPLY_CONTRACT_REGISTER,Running account / continuous supply contract register,A,A1,CONDITIONAL,BOTH,A5,B,8,HYBRID,ONE_TIME,CLIENT_ERP,Section 12(4) continuous supply timing check. Contract terms extracted.,,running_account_contract_register
A1.08,,AUDITED_PROFIT_AND_LOSS,Audited Profit and Loss Account,A,A1,MANDATORY,BOTH,"A2,A3",B,4,STRUCTURED,PERIODIC,CLIENT_BOOKS,Starting point for GSTR-9C Table 5 turnover bridge.,,audited_pl_account
A1.09,,TRIAL_BALANCE,Trial balance — GL-level detail,A,A1,MANDATORY,BOTH,"A2,A3,B4",B,4,STRUCTURED,PERIODIC,CLIENT_BOOKS,Maps each GL to GST treatment. Required for Rule 42 pool segregation.,,trial_balance
A1.10,,BALANCE_SHEET,Balance sheet — full year,A,A1,MANDATORY,BOTH,"A4,A5,B2,B7",B,4,STRUCTURED,PERIODIC,CLIENT_BOOKS,Multiple uses across output and input tax sections.,,balance_sheet
A1.11,,FIXED_ASSET_REGISTER,Fixed asset register — asset-level,A,A1,MANDATORY,BOTH,"A3,B7",B,2,STRUCTURED,PERIODIC,CLIENT_BOOKS,Rule 44 disposal reversal cannot be computed from aggregate totals.,,fixed_asset_register
A1.12,,CREDITOR_AGEING_REPORT,Creditor ageing report,A,A1,MANDATORY,BOTH,B2,B,2,STRUCTURED,PERIODIC,CLIENT_BOOKS,ADR-006 gap. Primary input for 180-day payment rule.,,creditor_ageing_report
A1.13,,SUPPLIER_PAYMENT_REGISTER,Payment register — supplier payments,A,A1,MANDATORY,BOTH,B2,B,2,STRUCTURED,PERIODIC,CLIENT_BOOKS,Bank transfer date is the payment date. Cheque issue date is not.,,payment_register
A1.14,,BANK_STATEMENT_OUTWARD,Bank statements — outward payments to suppliers,A,A1,MANDATORY,BOTH,B2,B,2,HYBRID,PERIODIC,CLIENT_BANK,ADR-006 gap. Authoritative record of payment dates for the 180-day rule.,,bank_statement_outward
A1.15,,BANK_STATEMENT_INWARD_FX,Bank statements — inward foreign currency receipts,A,A1,CONDITIONAL,BOTH,A8,B,2,HYBRID,PERIODIC,CLIENT_BANK,ADR-006 gap. Supports FIRC/BRC reconciliation.,,bank_statement_inward_forex
A1.16,,STOCK_REGISTER,Stock / inventory register,A,A1,CONDITIONAL,BOTH,"A1,B3",B,2,STRUCTURED,PERIODIC,CLIENT_WMS,Section 17(5)(h) write-off ITC reversal.,,stock_inventory_register
A1.17,,SKU_MASTER,Product / SKU master with MRP flag,A,A1,CONDITIONAL,BOTH,A1,B,7,STRUCTURED,PERIODIC,CLIENT_MASTER_DATA,ADR-006 gap. Cannot be derived from the invoice register.,,product_sku_master
A1.18,,INTER_GSTIN_TRANSACTION_REGISTER,Inter-GSTIN transaction register,A,A1,CONDITIONAL,BOTH,A7,B,2,STRUCTURED,PERIODIC,CLIENT_ERP,Required for multi-GSTIN entities. Traverses entities within one tenant.,,inter_gstin_transaction_register
A1.19,,COST_ALLOCATION_REGISTER,Cost allocation register — HO to branch,A,A1,CONDITIONAL,BOTH,A7,B,2,STRUCTURED,PERIODIC,CLIENT_BOOKS,Allocations without invoice may constitute taxable inter-GSTIN supplies.,,cost_allocation_register
A1.20,"D1.01,D1.02,D1.03,D1.04,D1.05,D1.06,D1.07",MARKETPLACE_SETTLEMENT_REPORT,Platform settlement reports — MTR/GTR/SSR/DRR/VRET,A,A1,CONDITIONAL,BOTH,A9,C,2,STRUCTURED,PERIODIC,MARKETPLACE_OPERATOR,DUPLICATE — same documents as D1.01-07. Canonical row is D1.*; this ref is an alias. Stream C not B — the operator is authoritative not the client.,,
A1.21,,ITC_REVERSAL_REGISTER,ITC reversal register — Rule 42/43 and s.17(5),A,A1,CONDITIONAL,BOTH,"B3,B4",B,2,STRUCTURED,PERIODIC,CLIENT_ERP,Cross-checked against GSTR-3B declarations.,,itc_reversal_register
A1.22,,RCM_REGISTER,RCM register,A,A1,CONDITIONAL,BOTH,B5,B,2,STRUCTURED,PERIODIC,CLIENT_ERP,Particularly important for import of services.,,rcm_register
A1.23,,FOREIGN_CURRENCY_PAYMENT_REGISTER,Foreign currency payment register,A,A1,CONDITIONAL,BOTH,B5,B,2,STRUCTURED,PERIODIC,CLIENT_BANK,ADR-006 gap. Completeness gate — if absent ALL import-of-services checks are INCOMPLETE.,,foreign_currency_payment_register
A1.24,,HO_COMMON_INPUT_SERVICE_INVOICE,Common input service invoices at HO,A,A1,CONDITIONAL,BOTH,B6,B,1,STRUCTURED,CONTINUOUS,CLIENT_ERP,Required for ISD distribution verification post 01 Oct 2023.,"direction=INWARD;counterparty=REQUIRED;doc=isd_distribution_basis:text!,recipient_gstin:gstin!",common_input_service_invoice
A2.01,,CERTIFICATE_OF_INCORPORATION,Certificate of Incorporation with CIN,A,A2,MANDATORY,BOTH,"A6,A7",B,7,HYBRID,ONE_TIME,CLIENT_MCA,ADR-006 gap. CIN is the anchor for MCA registry cross-checks.,,
A2.02,,MEMORANDUM_ARTICLES_OF_ASSOCIATION,Memorandum and Articles of Association,A,A2,CONDITIONAL,FORENSIC,"A6,A7",B,8,HYBRID,ONE_TIME,CLIENT,Establishes authorised business scope.,,
A2.03,,SHAREHOLDING_PATTERN,Shareholding pattern — per year in scope,A,A2,MANDATORY,BOTH,"A6,A7",B,7,STRUCTURED,PERIODIC,CLIENT_MCA_SEBI,ADR-006 gap. Identifies 25%+ holders — triggers s.15 related person test. Must be period-specific.,,
A2.04,,RELATED_PARTY_REGISTER,Related party register,A,A2,MANDATORY,BOTH,"A6,A7",B,7,STRUCTURED,PERIODIC,CLIENT_DECLARATION,ADR-006 gap. Cannot be derived from transaction data. Without it ALL A6 checks are INCOMPLETE.,,
A2.05,,RELATED_PARTY_DISCLOSURE_IND_AS_24,Ind AS 24 / AS-18 related party disclosure,A,A2,MANDATORY,BOTH,"A6,A7",B,4,HYBRID,PERIODIC,CLIENT_AUDITORS,ADR-006 gap. Auditor-verified related party list. Per year in scope.,,
A2.06,,JOINT_VENTURE_AGREEMENT,Joint venture agreement,A,A2,CONDITIONAL,BOTH,A6,B,8,HYBRID,ONE_TIME,CLIENT,s.15 related person test — both controlling a third person.,,
A2.07,,GSTIN_REGISTER,GSTIN register — all GSTINs under the PAN,A,A2,MANDATORY,BOTH,"A7,B6",B,7,STRUCTURED,ONE_TIME,CLIENT_GSTN,ADR-006 gap. Missing GSTINs mean incomplete inter-GSTIN reconciliation.,,
A3.01,,DIRECTOR_LIST_WITH_DIN,List of directors with DIN,A,A3,CONDITIONAL,BOTH,"A6,B5",B,7,STRUCTURED,PERIODIC,CLIENT_MCA,ADR-006 gap. Required for RCM determination and related party identification.,,
A3.02,,FORM_DIR_12,Form DIR-12 — director appointment and cessation,A,A3,CONDITIONAL,FORENSIC,"A6,B5",B,7,HYBRID,ONE_TIME,CLIENT_MCA,Establishes periods of directorship for period-specific RCM.,,
A3.03,,BOARD_RESOLUTION_DIRECTOR_APPOINTMENT,Board resolution appointing whole-time / managing director,A,A3,CONDITIONAL,BOTH,"A6,B5",B,8,HYBRID,ONE_TIME,CLIENT,Without this the default assumption is non-executive — RCM at 18%.,,
A3.04,,DIRECTOR_SERVICE_AGREEMENT,Director service agreement / employment contract,A,A3,CONDITIONAL,BOTH,"A6,B5",B,8,HYBRID,ONE_TIME,CLIENT,Establishes employer-employee relationship for Schedule III exclusion.,,
A3.05,,PAYROLL_TDS_REGISTER,Payroll and TDS register,A,A3,CONDITIONAL,BOTH,"A6,B5",B,2,STRUCTURED,PERIODIC,CLIENT_HR,TDS code is the primary determinant of employee vs contractor.,,
A3.06,,KMP_LIST,Key managerial personnel list,A,A3,CONDITIONAL,BOTH,A6,B,7,STRUCTURED,PERIODIC,CLIENT_MCA,Verifiable against MCA filings.,,
A4.01,,COST_SHARING_AGREEMENT,Cost-sharing agreements,A,A4,CONDITIONAL,BOTH,"A6,A7,B5",B,8,HYBRID,ONE_TIME,CLIENT,Circular 159/15/2021 requires documented evidence of cost-sharing basis.,,
A4.02,,FOREIGN_CUSTOMER_SERVICE_CONTRACT,Service contracts with foreign customers,A,A4,CONDITIONAL,BOTH,A8,B,8,HYBRID,ONE_TIME,CLIENT,Five-condition test under s.2(6) IGST Act.,,
A4.03,,OVERSEAS_VENDOR_CONTRACT,Overseas vendor contracts,A,A4,CONDITIONAL,BOTH,B5,B,8,HYBRID,ONE_TIME,CLIENT,Import of services RCM identification.,,
A4.04,,JOBWORK_AGREEMENT,Job work agreement,A,A4,CONDITIONAL,BOTH,"A5,A1",B,8,HYBRID,ONE_TIME,CLIENT,Distinguishes job work from contract manufacturing.,,
A4.05,,LONG_DURATION_SERVICE_CONTRACT,Long-duration service contracts,A,A4,CONDITIONAL,BOTH,A5,B,8,HYBRID,ONE_TIME,CLIENT,Time of supply on milestone and POCM revenue recognition.,,
A4.06,,TRANSFER_PRICING_DOCUMENTATION,Transfer pricing documentation,A,A4,CONDITIONAL,BOTH,A6,B,8,HYBRID,ONE_TIME,CLIENT_TAX_ADVISORS,Most defensible open market value basis under s.15(4) Rule 28.,,
A4.07,,ADVANCE_PRICING_AGREEMENT,Advance Pricing Agreement,A,A4,CONDITIONAL,BOTH,A6,B,3,HYBRID,ONE_TIME,CLIENT_CBDT,Higher evidentiary value than TP study — government-agreed price.,,
A4.08,,GTA_INVOICE_CONSIGNMENT_NOTE,GTA invoices and consignment notes,A,A4,CONDITIONAL,BOTH,B5,B,1,HYBRID,CONTINUOUS,CLIENT,Consignment note is the trigger document for GTA RCM.,"direction=INWARD;counterparty=OPTIONAL;doc=consignment_note_number:text!,consignment_note_date:date!,rcm_applicable:text!",
A4.09,,SECURITY_AGENCY_CONTRACT,Security agency contracts,A,A4,CONDITIONAL,BOTH,B5,B,8,HYBRID,ONE_TIME,CLIENT,Supplier entity type determines forward charge vs RCM.,,
A5.01,,LUT,Letter of Undertaking — ARN GSTIN financial year,A,A5,CONDITIONAL,BOTH,A8,B,3,HYBRID,ONE_TIME,CLIENT_GSTN,ADR-006 gap. The instrument all export zero-rating rests on. Must be valid at each export invoice date.,,
A5.02,,IEC_CERTIFICATE,Importer Exporter Code certificate,A,A5,CONDITIONAL,BOTH,A8,B,3,HYBRID,ONE_TIME,CLIENT_DGFT,Must be linked to the exporting GSTIN.,,
A5.03,,SEZ_LETTER_OF_APPROVAL,SEZ unit Letter of Approval,A,A5,CONDITIONAL,BOTH,A8,B,3,HYBRID,ONE_TIME,CLIENT_SEZ_AUTHORITY,LoA validity at supply date is a hard condition for zero-rating.,,
A5.04,,SEZ_LETTER_OF_PERMISSION,SEZ unit Letter of Permission — IT/ITES,A,A5,CONDITIONAL,BOTH,A8,B,3,HYBRID,ONE_TIME,CLIENT_DEV_COMMISSIONER,Same function as LoA for service SEZ units.,,
A5.05,,SEZ_OPERATIONS_COMMENCEMENT_CERT,SEZ Operations Commencement Certificate,A,A5,CONDITIONAL,BOTH,A8,B,3,HYBRID,ONE_TIME,CLIENT_DEV_COMMISSIONER,Entitlement begins from commencement date not LoA date.,,
A5.06,,SEZ_NOTIFICATION,SEZ Notification — boundaries and approved units,A,A5,CONDITIONAL,BOTH,A8,B,3,HYBRID,ONE_TIME,CLIENT_MIN_COMMERCE,Establishes the recipient premises are within a notified SEZ.,,
A5.07,,SEZ_ANNUAL_PERFORMANCE_REPORT,SEZ Annual Performance Report,A,A5,CONDITIONAL,BOTH,A8,B,3,HYBRID,PERIODIC,CLIENT_DEV_COMMISSIONER,Rejected APR loses zero-rated entitlement from suspension date.,,
A5.08,,EOU_LETTER_OF_PERMISSION,EOU Letter of Permission with NFE obligation,A,A5,CONDITIONAL,BOTH,"A8,A10",B,3,HYBRID,ONE_TIME,CLIENT_DEV_COMMISSIONER,NFE obligation status determines continued EOU eligibility.,,
A5.09,,STPI_REGISTRATION,STPI registration letter,A,A5,CONDITIONAL,BOTH,"A8,A10",B,3,HYBRID,ONE_TIME,CLIENT_STPI,Required for suppliers to STPI units claiming zero-rated status.,,
A5.10,,EOU_ANNUAL_COMPLIANCE_REPORT,EOU Annual Compliance Report,A,A5,CONDITIONAL,BOTH,A8,B,3,HYBRID,PERIODIC,CLIENT_DEV_COMMISSIONER,Non-compliance can cause retrospective demand on zero-rated supplies.,,
A5.11,,EPCG_LICENCE,EPCG Licence,A,A5,CONDITIONAL,BOTH,A8,B,3,HYBRID,ONE_TIME,CLIENT_DGFT,Deemed export claim under Notification 48/2017. Licence number must appear on invoice.,,
A5.12,,ADVANCE_AUTHORISATION,Advance Authorisation licence,A,A5,CONDITIONAL,BOTH,A8,B,3,HYBRID,ONE_TIME,CLIENT_DGFT,Permitted inputs list must cover the goods supplied.,,
A5.13,,EODC,Export Obligation Discharge Certificate,A,A5,CONDITIONAL,BOTH,A8,B,3,HYBRID,ONE_TIME,CLIENT_DGFT,Without EODC the deemed export entitlement remains contingent.,,
A5.14,,FIRC_BRC_REGISTER,FIRC / BRC register — realisation per export invoice,A,A5,CONDITIONAL,BOTH,A8,B,2,STRUCTURED,PERIODIC,CLIENT_AD_BANK,12-month realisation deadline monitoring. Register form; instruments are D2.01/D2.02.,,
A5.15,,SOFTEX_FORM_APPROVAL,SOFTEX form approval,A,A5,CONDITIONAL,BOTH,A8,B,3,HYBRID,ONE_TIME,CLIENT_STPI_RBI,STPI equivalent of shipping bill for software exports.,,
A5.16,,CUSTOMS_BONDED_WAREHOUSE_LICENCE,Customs Bonded Warehouse licence,A,A5,CONDITIONAL,BOTH,A8,B,3,HYBRID,ONE_TIME,CLIENT_CUSTOMS,Zero-rating to EOU is anchored to the bonded premises.,,
A5.17,,ITC_04_ACKNOWLEDGEMENT,ITC-04 acknowledgements,A,A5,CONDITIONAL,BOTH,"A5,A1",B,5,HYBRID,PERIODIC,CLIENT_GSTN,Defence against deemed supply on job-work deadline expiry.,,
A6.01,,BILL_OF_ENTRY,Bill of Entry — assessed and out-of-charge copy,A,A6,CONDITIONAL,BOTH,B1,B,1,HYBRID,CONTINUOUS,CLIENT_ICEGATE,Assessed BoE establishes customs value and HSN for IGST ITC. See also B5.03.,"direction=INWARD;counterparty=FOREIGN;doc=be_number:text!,be_date:date!,port_code:text!;line=bcd_amount:money,social_welfare_surcharge:money",
A6.02,,CUSTOMS_CLASSIFICATION_ORDER,Customs Tariff Classification / speaking order,A,A6,CONDITIONAL,BOTH,"A1,B1",B,3,HYBRID,ONE_TIME,CLIENT_CUSTOMS,Entity-specific ruling OVERRIDES the general HSN master for this taxpayer.,,
A6.03,,CUSTOMS_DUTY_EXEMPTION_CERTIFICATE,Customs Duty Exemption Certificate,A,A6,CONDITIONAL,BOTH,B1,B,3,HYBRID,ONE_TIME,CLIENT_CUSTOMS,Notification applicability and entity entitlement both required.,,
A6.04,,B17_BOND,B-17 Bond — EOU customs bond,A,A6,CONDITIONAL,BOTH,"A8,B1",B,3,HYBRID,ONE_TIME,CLIENT_CUSTOMS,Breach can retrospectively affect zero-rating of related supplies.,,
A6.05,,BLUT,Bond with Letter of Undertaking — customs,A,A6,CONDITIONAL,BOTH,A8,B,3,HYBRID,ONE_TIME,CLIENT_CUSTOMS,Export entitlement instrument for customs.,,
A6.06,,AEO_CERTIFICATE,Authorised Economic Operator certificate,A,A6,CONDITIONAL,BOTH,A8,B,3,HYBRID,ONE_TIME,CLIENT_CUSTOMS,Certificate validity must be current.,,
A7.01,,RBI_DELAYED_REALISATION_APPROVAL,RBI approval for delayed export realisation,A,A7,CONDITIONAL,BOTH,A8,B,3,HYBRID,ONE_TIME,CLIENT_RBI,Without it IGST becomes payable with interest from export date.,,
A7.02,,RBI_COMPOUNDING_ORDER,RBI Compounding Order,A,A7,CONDITIONAL,FORENSIC,A8,B,6,HYBRID,PERIODIC,CLIENT_RBI,Establishes the settled position on a FEMA violation.,,
A7.03,,ODI_APPROVAL,Overseas Direct Investment approval,A,A7,CONDITIONAL,BOTH,"A6,B5",B,3,HYBRID,ONE_TIME,CLIENT_RBI,Establishes related party relationship with overseas subsidiary.,,
A7.04,,FORM_15CA_15CB,Form 15CA / 15CB remittance certificates,A,A7,CONDITIONAL,BOTH,B5,B,2,HYBRID,CONTINUOUS,CLIENT_CA,15CB classification determines RCM applicability and treaty position.,,
A7.05,,SCOMET_LICENCE,SCOMET licence,A,A7,CONDITIONAL,BOTH,A8,B,3,HYBRID,ONE_TIME,CLIENT_DGFT,Required where the taxpayer exports SCOMET items.,,
B1.01,,GSTR_1,GSTR-1 — all periods all tables,B,B1,MANDATORY,BOTH,"A1,A2,A7,A8,A9,A10",A,5,STRUCTURED,PERIODIC,GSTN_API,Government record of declared outward supply. Raw API response retained in Bronze per ADR-002.,,
B1.02,,GSTR_1_ARN,GSTR-1 ARN and filing date,B,B1,MANDATORY,BOTH,"A1,A6",A,5,STRUCTURED,PERIODIC,GSTN_API,Delayed filings trigger interest computation from due date.,,
B1.03,,GSTR_2B,GSTR-2B — auto-populated ITC statement,B,B1,MANDATORY,BOTH,"B1,B2,B5,B6,B8",A,5,STRUCTURED,PERIODIC,GSTN_API,Authoritative ITC availability. Cap on claimable ITC post s.16(2)(aa).,,
B1.04,,GSTR_2B_AMENDMENT_HISTORY,GSTR-2B amendment history,B,B1,MANDATORY,BOTH,"B1,B8",A,5,STRUCTURED,PERIODIC,GSTN_API,Supplier amendments affect ITC already claimed in prior periods.,,
B1.05,,GSTR_3B,GSTR-3B — all periods,B,B1,MANDATORY,BOTH,"A1,A10,B1,B2,B3,B4,B5,B6,B7",A,5,STRUCTURED,PERIODIC,GSTN_API,What was declared and paid.,,
B1.06,,GSTR_9,GSTR-9 Annual Return,B,B1,MANDATORY,BOTH,"A1,A2,A10,B1,B4",A,5,STRUCTURED,PERIODIC,GSTN_API,Formal reconciliation target for turnover and ITC.,,
B1.07,,GSTR_9C,GSTR-9C Reconciliation Statement,B,B1,MANDATORY,BOTH,"A2,A3",A,5,STRUCTURED,PERIODIC,GSTN_API,Platform computes the bridge independently and compares.,,
B1.08,,GSTR_2A,GSTR-2A — historical pre-2020,B,B1,CONDITIONAL,FORENSIC,B1,A,5,STRUCTURED,PERIODIC,GSTN_API,Forensic engagements covering pre-GSTR-2B periods.,,
B1.09,,GSTR_6,GSTR-6 / GSTR-6A — ISD return,B,B1,CONDITIONAL,BOTH,B6,A,5,STRUCTURED,PERIODIC,GSTN_API,Required for clients operating as ISD.,,
B1.10,,GSTR_7,GSTR-7 — TDS by specified persons,B,B1,CONDITIONAL,BOTH,A1,A,5,STRUCTURED,PERIODIC,GSTN_API,TDS deducted reduces net tax payable.,,
B1.11,,GSTR_8,GSTR-8 — TCS by e-commerce operators,B,B1,CONDITIONAL,BOTH,A9,A,5,STRUCTURED,PERIODIC,GSTN_API,Primary check for marketplace seller TCS reconciliation.,,
B2.01,,GST_REGISTRATION_CERTIFICATE_SELF,GST Registration Certificate REG-06 — own GSTINs,B,B2,MANDATORY,BOTH,"A1,A6,A7,B6",A,7,STRUCTURED,ONE_TIME,GSTN_PORTAL,Foundational identity document. Registration type determines ITC eligibility.,,
B2.02,,GST_REGISTRATION_CERTIFICATE_CUSTOMER,GST Registration Certificate — key customers,B,B2,MANDATORY,BOTH,"A1,A6,B1",A,7,STRUCTURED,PERIODIC,GSTN_API,Supply to composition dealer cannot carry ITC to buyer.,,
B2.03,,GST_REGISTRATION_CERTIFICATE_SUPPLIER,GST Registration Certificate — key suppliers,B,B2,MANDATORY,BOTH,"B1,B3",A,7,STRUCTURED,PERIODIC,GSTN_API,Cancellation at invoice date voids ITC.,,
B2.04,,GST_REGISTRATION_AMENDMENT_HISTORY,GST Registration amendment history,B,B2,CONDITIONAL,BOTH,"A1,A7",A,5,STRUCTURED,PERIODIC,GSTN_PORTAL,Registration type changes affect ITC eligibility.,,
B2.05,,COMPOSITION_SCHEME_RECORDS,Composition opt-in CMP-01 and opt-out CMP-04,B,B2,CONDITIONAL,BOTH,"A1,B1,B3",A,5,STRUCTURED,PERIODIC,GSTN_PORTAL,During composition periods the taxpayer cannot issue tax invoices.,,
B2.06,,ISD_REGISTRATION_CERTIFICATE,ISD Registration Certificate,B,B2,CONDITIONAL,BOTH,B6,A,3,HYBRID,ONE_TIME,GSTN_PORTAL,Without ISD registration branch ITC claims via cross-charge are invalid.,,
B2.07,,GSTIN_STATUS_AT_DATE,GSTIN active/cancelled/suspended status at date,B,B2,MANDATORY,BOTH,"A1,B1",A,7,STRUCTURED,PERIODIC,GSTN_API,Active status at date of supply is the test — not current status.,,
B3.01,,OPEN_SCN_REGISTER,Open Show Cause Notice register,B,B3,MANDATORY,BOTH,ALL,A,6,HYBRID,PERIODIC,GSTN_PORTAL,ADR-006 gap. Platform must not re-flag an issue already subject to an SCN.,,
B3.02,,DRC_01B_NOTICE,DRC-01B notices — GSTR-1 vs 3B mismatch,B,B3,CONDITIONAL,BOTH,A1,A,6,HYBRID,PERIODIC,GSTN_PORTAL,System-generated notices. Must be reconciled and responded to.,,
B3.03,,DRC_03_VOLUNTARY_PAYMENT,DRC-03 voluntary payment records,B,B3,CONDITIONAL,BOTH,ALL,A,6,STRUCTURED,PERIODIC,GSTN_PORTAL,ADR-006 gap. Critical in Forensic Mode to avoid double-counting payments already made.,,
B3.04,D5.07,AMNESTY_SETTLEMENT_ORDER,Amnesty scheme participation certificate / settlement order,B,B3,CONDITIONAL,FORENSIC,ALL,A,6,HYBRID,PERIODIC,GSTN_PORTAL,DUPLICATE — same document as D5.07. Platform must not re-raise settled issues.,,
B3.05,D5.06,COURT_STAY_ORDER,Court order / stay order specific to the taxpayer,B,B3,CONDITIONAL,BOTH,ALL,C,6,HYBRID,PERIODIC,COURT_REGISTRY,DUPLICATE — same document as D5.06. Stayed demands excluded from open anomaly count.,,
B3.06,,ADJUDICATION_HEARING_ORDER,Personal hearing and adjudication orders,B,B3,CONDITIONAL,FORENSIC,ALL,A,6,HYBRID,PERIODIC,GSTN_PORTAL,Establishes the current stage of proceedings.,,
B3.07,,REFUND_APPLICATION_RFD_01,Refund applications RFD-01 and status,B,B3,CONDITIONAL,BOTH,A8,A,5,STRUCTURED,PERIODIC,GSTN_PORTAL,60-day processing deadline monitoring.,,
B4.01,,IRN_IRP_REGISTER,IRN / IRP register,B,B4,CONDITIONAL,BOTH,A1,A,1,STRUCTURED,CONTINUOUS,IRP_API,IRP timestamp is the authoritative invoice date.,"direction=OUTWARD;counterparty=OPTIONAL;doc=irn:hash64!,ack_number:text!,ack_date:date!",
B4.02,,EWAY_BILL_OUTWARD_REGISTER,E-Way Bill outward register,B,B4,MANDATORY,BOTH,A1,A,1,STRUCTURED,CONTINUOUS,EWB_PORTAL_API,Three-way match with invoice and GSTR-1.,"direction=OUTWARD;counterparty=OPTIONAL;doc=ewb_number:text!,ewb_date:date!,transport_mode:text,vehicle_number:text",
B4.03,,EWB_THRESHOLD_HISTORY,E-Way Bill threshold history,B,B4,MANDATORY,BOTH,A1,CORPUS,NONE,NONE,,INAFIN_CORPUS,OUT OF SCOPE — platform reference data not tenant data. Belongs in inafin-gst-corpus. Bitemporal.,,
B4.04,,EINVOICE_THRESHOLD_HISTORY,E-invoice threshold history,B,B4,MANDATORY,BOTH,A1,CORPUS,NONE,NONE,,INAFIN_CORPUS,OUT OF SCOPE — platform reference data not tenant data. Belongs in inafin-gst-corpus. Bitemporal.,,
B5.01,,ICEGATE_SHIPPING_BILL,ICEGATE shipping bill data,B,B5,CONDITIONAL,BOTH,A8,A,1,STRUCTURED,CONTINUOUS,ICEGATE_API,Three-way match with sales invoice and GSTR-1 Table 6A.,"direction=OUTWARD;counterparty=FOREIGN;doc=shipping_bill_number:text!,shipping_bill_date:date!,port_code:text!,export_scheme:text",
B5.02,,ICEGATE_EGM_STATUS,ICEGATE EGM status per shipping bill,B,B5,CONDITIONAL,BOTH,A8,A,5,STRUCTURED,CONTINUOUS,ICEGATE_API,Refund cannot be processed until EGM is filed by the shipping line.,,
B5.03,,ICEGATE_BILL_OF_ENTRY,Bill of Entry data from ICEGATE,B,B5,CONDITIONAL,BOTH,B1,A,1,STRUCTURED,CONTINUOUS,ICEGATE_API,Separate from GSTR-2B — flows from ICEGATE not supplier GSTR-1. See also A6.01.,"direction=INWARD;counterparty=FOREIGN;doc=be_number:text!,be_date:date!,port_code:text!;line=bcd_amount:money,social_welfare_surcharge:money",
B6.01,,DGFT_EBRC,DGFT eBRC,B,B6,CONDITIONAL,BOTH,A8,A,2,STRUCTURED,CONTINUOUS,DGFT_PORTAL,Government-authenticated. Distinct from bank-issued FIRC (D2.01).,,
B6.02,,DGFT_IEC_REGISTRY,IEC registry — number linked GSTIN validity,B,B6,CONDITIONAL,BOTH,A8,A,3,STRUCTURED,PERIODIC,DGFT_PORTAL,IEC-GSTIN mismatch blocks refund processing.,,
B6.03,,DGFT_EXPORT_OBLIGATION_STATUS,Export obligation status per EPCG/AA licence,B,B6,CONDITIONAL,BOTH,A8,A,3,STRUCTURED,PERIODIC,DGFT_PORTAL,Defaulted obligation retroactively affects deemed export claims.,,
D1.01,,AMAZON_MTR,Amazon Monthly Tax Report,D,D1,CONDITIONAL,BOTH,A9,C,2,STRUCTURED,PERIODIC,AMAZON_SELLER_CENTRAL,Canonical row for A1.20 alias. Primary source for Amazon seller GSTR-1 preparation.,,platform_settlement_report
D1.02,,FLIPKART_GTR,Flipkart GST Tax Report,D,D1,CONDITIONAL,BOTH,A9,C,2,STRUCTURED,PERIODIC,FLIPKART_SELLER_HUB,Field mapping differs from Amazon — held as operator configuration.,,platform_settlement_report
D1.03,,MARKETPLACE_SETTLEMENT_SSR,Seller Settlement Report,D,D1,CONDITIONAL,BOTH,A9,C,2,STRUCTURED,PERIODIC,MARKETPLACE_OPERATOR,Settlement cycle does not align with the GST monthly period.,,platform_settlement_report
D1.04,,MARKETPLACE_DISBURSEMENT_DRR,Disbursement / Remittance Report,D,D1,CONDITIONAL,BOTH,A9,C,2,STRUCTURED,PERIODIC,MARKETPLACE_OPERATOR,Bank receipts + TCS + fees must equal gross platform sales.,,platform_settlement_report
D1.05,,MARKETPLACE_RETURNS_VRET,VRET / CCOGS return report,D,D1,CONDITIONAL,BOTH,A9,C,2,STRUCTURED,PERIODIC,MARKETPLACE_OPERATOR,Every return must have a corresponding credit note.,,platform_settlement_report
D1.06,,FOOD_DELIVERY_PARTNER_REPORT,Swiggy / Zomato restaurant partner order report,D,D1,CONDITIONAL,BOTH,A9,C,2,STRUCTURED,PERIODIC,SWIGGY_ZOMATO,Post 01 Jan 2022 restaurant app sales are nil-rated. Circular 167/2021.,,platform_settlement_report
D1.07,,OTHER_MARKETPLACE_SETTLEMENT,Other marketplace settlement reports,D,D1,CONDITIONAL,BOTH,A9,C,2,STRUCTURED,PERIODIC,MARKETPLACE_OPERATOR,Meesho Myntra Nykaa Snapdeal. Field mapping as configuration.,,platform_settlement_report
D2.01,,FIRC,Foreign Inward Remittance Certificate,D,D2,CONDITIONAL,BOTH,A8,C,2,HYBRID,CONTINUOUS,AD_BANK,Bank-issued. Distinct from DGFT eBRC (B6.01). Register form is A5.14.,,
D2.02,,BRC,Bank Realisation Certificate — pre-eBRC,D,D2,CONDITIONAL,FORENSIC,A8,C,2,HYBRID,CONTINUOUS,AD_BANK,Forensic engagements covering pre-eBRC periods.,,
D3.01,,SEZ_BILL_OF_ENTRY,SEZ Bill of Entry — goods receipt at SEZ gate,D,D3,CONDITIONAL,BOTH,A8,C,1,HYBRID,CONTINUOUS,SEZ_UNIT_BUYER,Absence means goods did not enter the SEZ — zero-rating disqualified.,"direction=INWARD;counterparty=REQUIRED;doc=be_number:text!,be_date:date!,sez_unit_name:text",
D3.02,,SEZ_INTER_UNIT_PERMISSION,SEZ inter-unit supply permissions,D,D3,CONDITIONAL,BOTH,"A8,A7",C,3,HYBRID,ONE_TIME,DEV_COMMISSIONER,Without permission the supply may not qualify for zero-rated treatment.,,
D4.01,,MCA21_REGISTRY_DATA,MCA21 registry data — DIR-12 MGT-7,D,D4,CONDITIONAL,BOTH,"A6,A3",C,7,STRUCTURED,PERIODIC,MCA_PORTAL,Verifiable source for director history and shareholding pattern.,,
D4.02,,NCLT_ADMISSION_ORDER,NCLT admission order — IBC moratorium,D,D4,CONDITIONAL,BOTH,B2,C,6,HYBRID,PERIODIC,NCLT,Establishes moratorium date. 180-day payment rule exception.,,
D4.03,,IBC_RESOLUTION_PLAN,IBC resolution plan,D,D4,CONDITIONAL,FORENSIC,B2,C,6,HYBRID,PERIODIC,NCLT,Determines ITC recovery position post-resolution.,,
D5.01,C4.03,TAXPAYER_ADVANCE_RULING,Advance Ruling obtained by the taxpayer,D,D5,CONDITIONAL,BOTH,ALL,C,3,HYBRID,ONE_TIME,AAR_AUTHORITY,DUPLICATE — register lists this as C4.03 and D5.01 and states C4.03 is stored in D5. OVERRIDES corpus position for this taxpayer.,,
D5.02,,TARGETED_EXEMPTION_INSTRUMENT,Entity-specific targeted exemption instrument,D,D5,CONDITIONAL,BOTH,"A3,A10",C,3,HYBRID,ONE_TIME,GOVERNMENT_AUTHORITY,Two-part check — corpus notification C2.05 AND this instrument. BOTH required.,,
D5.03,,ENTITY_SPECIFIC_CBIC_CLARIFICATION,Entity-specific CBIC / jurisdictional officer clarification,D,D5,CONDITIONAL,BOTH,ALL,C,3,HYBRID,ONE_TIME,CBIC_JURISDICTIONAL,Not published. A defence instrument even if the general position later changed.,,
D5.04,,INVESTMENT_INCENTIVE_APPROVAL,Investment incentive scheme approval,D,D5,CONDITIONAL,BOTH,"A3,A10",C,3,HYBRID,ONE_TIME,STATE_GOVERNMENT,Scheme notification + individual approval + compliance conditions all required.,,
D5.05,,GST_PRACTITIONER_AUTHORISATION,GST Practitioner authorisation PCT-05,D,D5,CONDITIONAL,BOTH,ALL,C,3,HYBRID,ONE_TIME,GSTN_PORTAL,Establishes scope of authorised portal access. Relevant to the CA firm engagement model.,,
D5.06,B3.05,COURT_STAY_ORDER,Court / stay order specific to the taxpayer,D,D5,CONDITIONAL,BOTH,ALL,C,6,HYBRID,PERIODIC,COURT_REGISTRY,DUPLICATE — canonical row is B3.05.,,
D5.07,B3.04,AMNESTY_SETTLEMENT_ORDER,GST amnesty / settlement scheme certificate,D,D5,CONDITIONAL,FORENSIC,ALL,C,6,HYBRID,PERIODIC,GSTN_PORTAL,DUPLICATE — canonical row is B3.04.,,
