gstin,irn,ack_no,ack_date,document_type,invoice_no,invoice_date,recipient_gstin,pos,supply_type,taxable_value,igst,cgst,sgst,cess,invoice_value,irp,status,cancelled,cancel_date,qr_signed
29AABCV1234K1Z9,05dd64633720a49698cd1dcda5c5fb87a54ec4ff37d390135e3b7a7bd5656889,110836973304627,12-04-2024 17:19:00,INV,VPI/KA/24-25/0001,12-04-2024,27AAEFS1122H1ZJ,27,B2B,557039.05,100267.03,0.0,0.0,0.0,657306.08,NIC-IRP1,ACT,N,,Y
29AABCV1234K1Z9,a574c9715e93722293b0f0c99360eb709ccec8c95ecb90b3f2784169ecf04855,191016105513047,28-04-2024 10:04:00,INV,VPI/KA/24-25/0002,28-04-2024,29AAAGK3344N1Z0,29,B2B,225022.14,0.0,20252.0,20251.99,0.0,265526.13,NIC-IRP1,ACT,N,,Y
29AABCV1234K1Z9,a29b12b37f9ea927db446aacefe29564481e4f00d4ed20df399d8f70387af034,172246427186890,21-04-2024 14:34:00,INV,VPI/KA/24-25/0003,21-04-2024,29AAGFK9012M1ZX,29,B2B,38908.12,0.0,3501.73,3501.73,0.0,45911.58,NIC-IRP1,ACT,N,,Y
29AABCV1234K1Z9,085a49c84afe6fdd423e128e816b2d27da675704a9ab981a5539b599f598813f,195833657506952,07-04-2024 10:43:00,INV,VPI/KA/24-25/0004,07-04-2024,29AACCS7712F1ZB,29,B2B,370656.64,0.0,33359.1,33359.1,0.0,437374.84,NIC-IRP1,ACT,N,,Y
29AABCV1234K1Z9,cac65ea4cc8d5ce505590d50c65e7e035c7fc497a961eb7119d2425d9c3488ca,129746703097797,03-04-2024 18:51:00,INV,VPI/KA/24-25/0005,03-04-2024,29AAGFK9012M1ZX,29,B2B,938023.52,0.0,84422.12,84422.11,0.0,1106867.75,NIC-IRP1,ACT,N,,Y
29AABCV1234K1Z9,e0010cc9c32d410bb5925aa259dec6d61b2f65e7616cfd598442dfb38b8d9627,172837722329370,01-04-2024 19:11:00,INV,VPI/KA/24-25/0006,01-04-2024,27AAEFS1122H1ZJ,27,B2B,1615911.09,290864.0,0.0,0.0,0.0,1906775.09,NIC-IRP1,ACT,N,,Y
29AABCV1234K1Z9,52fd0348b2a01e26dc2d4cce84a40e5d31bf0709f4e79fd38d6783a753bb1208,131109580106600,30-04-2024 11:05:00,INV,VPI/KA/24-25/0007,30-04-2024,29AAGFK9012M1ZX,29,B2B,261193.11,0.0,23507.38,23507.38,0.0,308207.87,NIC-IRP1,ACT,N,,Y
29AABCV1234K1Z9,96b8d3a5ee8eb845f9137b43479c7df35ee2af9528072e3f7a46789cbe64b451,119506373316593,17-04-2024 13:21:00,INV,VPI/KA/24-25/0008,17-04-2024,07AAACN8899J1ZP,07,B2B,164042.66,29527.68,0.0,0.0,0.0,193570.34,NIC-IRP1,ACT,N,,Y
29AABCV1234K1Z9,6f19f0b00b9cc43f1a50830eea40ef83725b871b5389f195683406f35cf68555,159314808306880,11-04-2024 09:35:00,INV,VPI/KA/24-25/0009,11-04-2024,19AAACB6677K1Z6,19,B2B,69158.15,12448.47,0.0,0.0,0.0,81606.62,NIC-IRP1,ACT,N,,Y
29AABCV1234K1Z9,60a6622bf5f2683bcad850af9c8d5d062efc402e8d71baabe23425ea4c5cda7b,149218173226331,14-04-2024 16:03:00,INV,VPI/KA/24-25/0010,14-04-2024,29AACCS7712F1ZB,29,B2B,1606175.35,0.0,144555.78,144555.78,0.0,1895286.91,NIC-IRP1,ACT,N,,Y
29AABCV1234K1Z9,18b7da6755915a079c43b9c9e65a6ea0df990c0fa0ae8be3b20bbcb3f16b80cd,122753164824691,17-04-2024 19:52:00,INV,VPI/KA/24-25/0011,17-04-2024,07AAACN8899J1ZP,07,B2B,230338.69,41460.96,0.0,0.0,0.0,271799.65,NIC-IRP1,ACT,N,,Y
29AABCV1234K1Z9,aa085bd90dfd732207212dfdcec0a158254803d7f341de3e9886388c3450e485,145185033704354,14-04-2024 13:59:00,INV,VPI/KA/24-25/0013,14-04-2024,19AAACB6677K1Z6,19,B2B,876544.14,157777.95,0.0,0.0,0.0,1034322.09,NIC-IRP1,ACT,N,,Y
29AABCV1234K1Z9,3a81cadc92b696e5e606d8050f1921ef9bcea73ab71aacc41e36e8d939edec33,125790125059945,26-04-2024 16:13:00,INV,VPI/KA/24-25/0014,26-04-2024,29AAAGK3344N1Z0,29,B2B,27432.98,0.0,2468.97,2468.97,0.0,32370.92,NIC-IRP1,ACT,N,,Y
29AABCV1234K1Z9,b740617f13de7ad6cf9fe6aa690c125df43545f6d4849cb602a146d04a4ba40f,144386878932990,11-04-2024 17:51:00,INV,VPI/KA/24-25/0015,11-04-2024,07AAACN8899J1ZP,07,B2B,353436.76,63618.62,0.0,0.0,0.0,417055.38,NIC-IRP1,ACT,N,,Y
29AABCV1234K1Z9,2b8e9c8e6907097ac9ca829326389879693b2e52181da9f5fa9c149ae0d1534d,134777183467729,19-04-2024 10:17:00,INV,VPI/KA/24-25/0016,19-04-2024,29AAAGK3344N1Z0,29,B2B,25990.65,0.0,2339.16,2339.16,0.0,30668.97,NIC-IRP1,ACT,N,,Y
29AABCV1234K1Z9,1b02473a6bc7aecc16409c5a5bb3d80e7c444581dd256205a08a49e622cd200d,165661200099647,19-04-2024 09:00:00,INV,VPI/KA/24-25/0017,19-04-2024,URP,96,EXPWOP,1894725.64,0.0,0.0,0.0,0.0,1894725.64,NIC-IRP1,ACT,N,,Y
29AABCV1234K1Z9,1efd0d1b4801685740a4f9d89bc7b904fa29caab1111c3f1d829cfffac0e4f74,190134022082595,15-04-2024 18:29:00,INV,VPI/KA/24-25/0018,15-04-2024,URP,96,EXPWOP,1588178.99,0.0,0.0,0.0,0.0,1588178.99,NIC-IRP1,ACT,N,,Y
27AABCV1234K1ZD,4a8c2614c6a9801bd98f8d02459e7de12a14aacacb3c8c127d10b1085cec9eff,143566614570776,29-04-2024 09:51:00,INV,VPI/MH/24-25/0001,29-04-2024,29AACCS7712F1ZB,29,B2B,492050.58,88569.1,0.0,0.0,0.0,580619.68,NIC-IRP1,ACT,N,,Y
27AABCV1234K1ZD,9c44e2af1b1f1418fc60ae099a7b8fae980d40bfec80c51d208087db7a907620,137555051635028,14-04-2024 13:30:00,INV,VPI/MH/24-25/0002,14-04-2024,29AACCS7712F1ZB,29,B2B,31970.2,3836.42,0.0,0.0,0.0,35806.62,NIC-IRP1,ACT,N,,Y
27AABCV1234K1ZD,6cef485338e2733bf124b97ff6ec364e4941bdbad3febf39cdf86d73bfd2c84b,154382196368817,27-04-2024 17:37:00,INV,VPI/MH/24-25/0003,27-04-2024,07AAACN8899J1ZP,07,B2B,44182.19,7952.79,0.0,0.0,0.0,52134.98,NIC-IRP1,ACT,N,,Y
27AABCV1234K1ZD,b1044d27f080fc8ca65a0d45c79198c358e5434a1fb0e27edcd8f992d446c9af,128824570964986,21-04-2024 14:01:00,INV,VPI/MH/24-25/0004,21-04-2024,07AAACN8899J1ZP,07,B2B,10791.63,1295.0,0.0,0.0,0.0,12086.63,NIC-IRP1,ACT,N,,Y
27AABCV1234K1ZD,5102bacf00a8b84ee12ea0732c5d8e0dc1146a9690c9a46f1eca417a796f6284,161276235370451,22-04-2024 13:22:00,INV,VPI/MH/24-25/0005,22-04-2024,27AAEFS1122H1ZJ,27,B2B,2012872.53,0.0,181158.53,181158.53,0.0,2375189.59,NIC-IRP1,ACT,N,,Y
27AABCV1234K1ZD,8c18c219b6bbae49c252068fffa9f9092077e2e17b847a7a7a7f3e168a0b5de2,117647783531259,14-04-2024 15:25:00,INV,VPI/MH/24-25/0006,14-04-2024,07AAACN8899J1ZP,07,B2B,289628.23,52133.08,0.0,0.0,0.0,341761.31,NIC-IRP1,ACT,N,,Y
29AABCV1234K1Z9,38f800a611cda089279a6c64b05118d3e80e683e60c07886c68ec8187b3a22f9,140417243111617,20-05-2024 12:33:00,INV,VPI/KA/24-25/0021,20-05-2024,36AABCD4455L1ZH,36,B2B,29538.12,5316.86,0.0,0.0,0.0,34854.98,NIC-IRP1,ACT,N,,Y
29AABCV1234K1Z9,618e8938789a6e0ac0848024a5d54c43d724a0c96633db6fc1cb69e15fcd997e,130526166015350,19-05-2024 11:42:00,INV,VPI/KA/24-25/0022,19-05-2024,19AAACB6677K1Z6,19,B2B,1377744.6,247994.03,0.0,0.0,0.0,1625738.63,NIC-IRP1,ACT,N,,Y
29AABCV1234K1Z9,6eb93a1752c62df11ea72f4529e7104e47563b18acdf4951102dff0551dc8116,113347368375179,22-05-2024 14:07:00,INV,VPI/KA/24-25/0023,22-05-2024,29AAAGK3344N1Z0,29,B2B,8795.47,0.0,527.73,527.73,0.0,9850.93,NIC-IRP1,ACT,N,,Y
29AABCV1234K1Z9,14f3de00ed1d2e95b0ba101eb0679a12d7b32de712cc71aec171988c2f77badb,138487079663820,19-05-2024 16:55:00,INV,VPI/KA/24-25/0024,19-05-2024,27AAEFS1122H1ZJ,27,B2B,96266.43,17327.96,0.0,0.0,0.0,113594.39,NIC-IRP1,ACT,N,,Y
29AABCV1234K1Z9,0da5dc620a0d1985e9f2fca3c89f48a252bf835a8018f226132834e6eda89d8a,182221439961782,07-05-2024 19:42:00,INV,VPI/KA/24-25/0025,07-05-2024,29AACCS7712F1ZB,29,B2B,82029.99,0.0,7382.7,7382.7,0.0,96795.39,NIC-IRP1,ACT,N,,Y
29AABCV1234K1Z9,f28b976defb6a318983df51f5d64a00bce26c8a78bbea8ad04232f270efd12e3,139405707505188,29-05-2024 19:40:00,INV,VPI/KA/24-25/0026,29-05-2024,29AACCS7712F1ZB,29,B2B,390953.81,0.0,35185.85,35185.84,0.0,461325.5,NIC-IRP1,ACT,N,,Y
29AABCV1234K1Z9,cc868151f62315fac8dcdc1de41e9b0563f8331b6127fc25f0c09cd304f97e82,188265238439885,26-05-2024 11:29:00,INV,VPI/KA/24-25/0027,26-05-2024,07AAACN8899J1ZP,07,B2B,11030.99,1323.72,0.0,0.0,0.0,12354.71,NIC-IRP1,ACT,N,,Y
29AABCV1234K1Z9,e384c6683ffc27cfe54e93ba0a65bf898bbef05da3541463a467e1bb18fbfcd4,152381345291969,20-05-2024 14:19:00,INV,VPI/KA/24-25/0028,20-05-2024,36AABCD4455L1ZH,36,B2B,34243.7,6163.87,0.0,0.0,0.0,40407.57,NIC-IRP1,ACT,N,,Y
29AABCV1234K1Z9,30b346584879f344f13390dfb9e5dfa2177aa9503dd3811692ee96345a110cf4,171241432365923,06-05-2024 13:15:00,INV,VPI/KA/24-25/0029,06-05-2024,29AACCS7712F1ZB,29,B2B,7798.65,0.0,467.92,467.92,0.0,8734.49,NIC-IRP1,ACT,N,,Y
29AABCV1234K1Z9,18617b8fb75bfb837a4a94503cb4700ec5eddbe01d2e86aed04f21d10534a0e7,151785625850767,21-05-2024 12:29:00,INV,VPI/KA/24-25/0030,21-05-2024,27AAEFS1122H1ZJ,27,B2B,709301.01,127674.18,0.0,0.0,0.0,836975.19,NIC-IRP1,ACT,N,,Y
29AABCV1234K1Z9,fb9f305b19de9f54a0a2c7792b4932a825bd3e02ae98807dd1ff94eef07775f3,191368368513924,08-05-2024 09:15:00,INV,VPI/KA/24-25/0031,08-05-2024,19AAACB6677K1Z6,19,B2B,2188068.93,393852.41,0.0,0.0,0.0,2581921.34,NIC-IRP1,ACT,N,,Y
29AABCV1234K1Z9,66c3801b4b47d35453763d12e7c9742a68421f4672fece871fc4d6768e6c60c2,171752519480215,12-05-2024 14:47:00,INV,VPI/KA/24-25/0032,12-05-2024,29AAAGK3344N1Z0,29,B2B,506213.57,0.0,45559.22,45559.22,0.0,597332.01,NIC-IRP1,ACT,N,,Y
29AABCV1234K1Z9,10cce2a0e388b750b568132da0f878494a421d95ff77fbbaca2df8ef9be4bf9d,147856063473251,04-05-2024 16:42:00,INV,VPI/KA/24-25/0033,04-05-2024,27AAEFS1122H1ZJ,27,B2B,46606.22,5592.75,0.0,0.0,0.0,52198.97,NIC-IRP1,ACT,N,,Y
29AABCV1234K1Z9,bc881174626b1150d4e6cbd8ffad1c85d4ef643e6a96d9e4f6edff0326405ce2,175467756381584,22-05-2024 17:45:00,INV,VPI/KA/24-25/0034,22-05-2024,29AAFCQ2233R1ZV,29,SEZWOP,1537961.44,0.0,0.0,0.0,0.0,1537961.44,NIC-IRP1,ACT,N,,Y
29AABCV1234K1Z9,c33af733c98e08273b20e0ab47d10579abf46877a3614a6290c82bd2e448076b,118198405178915,19-05-2024 18:59:00,INV,VPI/KA/24-25/0035,19-05-2024,29AAGFK9012M1ZX,29,B2B,781331.03,0.0,70319.8,70319.79,0.0,921970.62,NIC-IRP1,ACT,N,,Y
29AABCV1234K1Z9,20722c00aba8e3b61fc2cfbcccdd15d215d927e159c3daee1cd2d31c402fb74d,173625333949287,26-05-2024 09:26:00,INV,VPI/KA/24-25/0036,26-05-2024,29AACCS7712F1ZB,29,B2B,314467.42,0.0,28302.07,28302.07,0.0,371071.56,NIC-IRP1,ACT,N,,Y
29AABCV1234K1Z9,20d9469912825a8a6e483274f420666e0912b66dd756f11afa65ea61df3498e5,196757351723323,06-05-2024 19:17:00,INV,VPI/KA/24-25/0037,06-05-2024,URP,96,EXPWOP,1046480.28,0.0,0.0,0.0,0.0,1046480.28,NIC-IRP1,ACT,N,,Y
29AABCV1234K1Z9,1b029fd909dc7dc8e1f9711a126de560dc3fa372ae618a2c6cd3c467198816f3,199480737424537,03-05-2024 11:31:00,INV,VPI/KA/24-25/0038,03-05-2024,URP,96,EXPWOP,1764376.42,0.0,0.0,0.0,0.0,1764376.42,NIC-IRP1,CNL,Y,04-05-2024,Y
27AABCV1234K1ZD,e7b3e90e951d708b3e34442dd8e1004b0f7cfb9bf97714601d247cde273bf506,195067264636408,12-05-2024 09:02:00,INV,VPI/MH/24-25/0007,12-05-2024,29AACCS7712F1ZB,29,B2B,942813.09,169706.36,0.0,0.0,0.0,1112519.45,NIC-IRP1,ACT,N,,Y
27AABCV1234K1ZD,c1fc9d780ad3a9d8c9b04cbf18616f002eba9eeeddc91abf6256af01ab2dda80,122119071453669,16-05-2024 19:07:00,INV,VPI/MH/24-25/0008,16-05-2024,29AAFCQ2233R1ZV,29,SEZWOP,1253611.53,0.0,0.0,0.0,0.0,1253611.53,NIC-IRP1,ACT,N,,Y
27AABCV1234K1ZD,fbfe24818831d948bebd4a5d10afe1c6942a325d6b17d4296027360735e82491,157706133242445,01-05-2024 18:51:00,INV,VPI/MH/24-25/0009,01-05-2024,29AAGFK9012M1ZX,29,B2B,82785.58,9934.27,0.0,0.0,0.0,92719.85,NIC-IRP1,ACT,N,,Y
27AABCV1234K1ZD,48f68f0287f7129d4a781aca4eaec4d2bf9e4de1488316e59aa276d029bdd050,130659104336212,17-05-2024 17:46:00,INV,VPI/MH/24-25/0010,17-05-2024,19AAACB6677K1Z6,19,B2B,543969.16,97914.45,0.0,0.0,0.0,641883.61,NIC-IRP1,ACT,N,,Y
27AABCV1234K1ZD,7510f3ef8f17deb015944551deef0e2df2658ceca2c09c1f7a78abc5a5546506,168712096335153,13-05-2024 16:45:00,INV,VPI/MH/24-25/0011,13-05-2024,19AAACB6677K1Z6,19,B2B,182862.99,21943.56,0.0,0.0,0.0,204806.55,NIC-IRP1,ACT,N,,Y
27AABCV1234K1ZD,f4e219bc818800cba6cd6e1074eb0e9b383fab924c8de4898e09acc6d2e2c1b3,143565196880735,09-05-2024 10:16:00,INV,VPI/MH/24-25/0012,09-05-2024,29ADHPG5566Q1ZQ,29,B2B,183568.02,33042.24,0.0,0.0,0.0,216610.26,NIC-IRP1,ACT,N,,Y
29AABCV1234K1Z9,39fc70565e38c0370fa5c0b32c8ef289e41e1148c5b2065070e306702c93863b,123522840462165,21-06-2024 14:13:00,INV,VPI/KA/24-25/0041,21-06-2024,29ADHPG5566Q1ZQ,29,B2B,184087.55,0.0,16567.88,16567.88,0.0,217223.31,NIC-IRP1,ACT,N,,Y
29AABCV1234K1Z9,1f021cf0616751e84608a8c428c01827ce5b3db3dbd9e90132e606a2c94df399,134207114520867,07-06-2024 12:46:00,INV,VPI/KA/24-25/0042,07-06-2024,07AAACN8899J1ZP,07,B2B,215035.61,38706.41,0.0,0.0,0.0,253742.02,NIC-IRP1,ACT,N,,Y
29AABCV1234K1Z9,71a236459e1f229cff6bc00d62b9ea83ce777efa0e4c98965060db8ca361a64f,137010620878371,25-06-2024 18:50:00,INV,VPI/KA/24-25/0043,25-06-2024,36AABCD4455L1ZH,36,B2B,650915.93,117164.87,0.0,0.0,0.0,768080.8,NIC-IRP1,ACT,N,,Y
29AABCV1234K1Z9,0a2411ce4cb6aab6ad78379826cf303a63153aa2a1a7fd4f2743be1ad672df6b,124779956500498,18-06-2024 16:08:00,INV,VPI/KA/24-25/0044,18-06-2024,36AABCD4455L1ZH,36,B2B,51427.63,9256.97,0.0,0.0,0.0,60684.6,NIC-IRP1,ACT,N,,Y
29AABCV1234K1Z9,657a9bf9cf1ea1841366d898d3c92aac41ec7ae6eebfa1d849bf05cc727834d3,111739181452305,26-06-2024 18:33:00,INV,VPI/KA/24-25/0045,26-06-2024,36AABCD4455L1ZH,36,B2B,79628.35,14333.1,0.0,0.0,0.0,93961.45,NIC-IRP1,ACT,N,,Y
29AABCV1234K1Z9,c2d49f371590db03994ab1a7ca8aee8a6246a99e42a717e21d22dac7e1b88a6e,181571038914154,20-06-2024 14:57:00,INV,VPI/KA/24-25/0046,20-06-2024,29ADHPG5566Q1ZQ,29,B2B,323553.89,0.0,29119.85,29119.85,0.0,381793.59,NIC-IRP1,ACT,N,,Y
29AABCV1234K1Z9,0e587ca0a962d13cfc091d2f36436362fa4a705937ea3869bf2fd010fc3ea974,177695813242500,14-06-2024 11:36:00,INV,VPI/KA/24-25/0047,14-06-2024,29AACCS7712F1ZB,29,B2B,200120.58,0.0,18010.85,18010.85,0.0,236142.28,NIC-IRP1,ACT,N,,Y
29AABCV1234K1Z9,c95258ce38e451e9148131b12c7a0c50f1e94a98a1fd06beb42327b6132d42ef,173097540331728,21-06-2024 11:07:00,INV,VPI/KA/24-25/0048,21-06-2024,36AABCD4455L1ZH,36,B2B,13924.08,2506.33,0.0,0.0,0.0,16430.41,NIC-IRP1,ACT,N,,Y
29AABCV1234K1Z9,58e0f142e02454cd75ad398cc2e3cda66402f1363b463cc548068dcbccc53de1,196307339357541,03-06-2024 18:36:00,INV,VPI/KA/24-25/0049,03-06-2024,29AAGFK9012M1ZX,29,B2B,24011.42,0.0,1440.69,1440.68,0.0,26892.79,NIC-IRP1,ACT,N,,Y
29AABCV1234K1Z9,7be73760fdfdf81df67949be8538c252da87f63585019e1625ec86ecc5b85207,148757758174329,19-06-2024 18:05:00,INV,VPI/KA/24-25/0050,19-06-2024,29ADHPG5566Q1ZQ,29,B2B,5672.54,0.0,340.35,340.35,0.0,6353.24,NIC-IRP1,ACT,N,,Y
29AABCV1234K1Z9,8ea2161562e5d1bac6d52e3cd70ed3594ad55d04100f0b0ebf49d92c23c4df32,126385556150981,03-06-2024 15:48:00,INV,VPI/KA/24-25/0051,03-06-2024,29AAGFK9012M1ZX,29,B2B,163277.66,0.0,14694.99,14694.99,0.0,192667.64,NIC-IRP1,ACT,N,,Y
29AABCV1234K1Z9,f5037f613cf56c79ebbb47dcb2e3fa58e4561c8d97ac83b9bd71d8e0946231db,118699588360809,01-06-2024 13:43:00,INV,VPI/KA/24-25/0052,01-06-2024,29AAFCQ2233R1ZV,29,SEZWOP,156372.79,0.0,0.0,0.0,0.0,156372.79,NIC-IRP1,ACT,N,,Y
29AABCV1234K1Z9,abe67f4249524cd78625369d93af6bb06ec67e696a901f4a6d5fdd66887efd4b,143098255899092,29-06-2024 10:19:00,INV,VPI/KA/24-25/0053,29-06-2024,27AAEFS1122H1ZJ,27,B2B,109718.85,19749.39,0.0,0.0,0.0,129468.24,NIC-IRP1,ACT,N,,Y
29AABCV1234K1Z9,f6759900964b56f45ce7cd6944d9ed059909448beac05ea695804d5c49f6a2c7,164665604645744,15-06-2024 11:46:00,INV,VPI/KA/24-25/0054,15-06-2024,19AAACB6677K1Z6,19,B2B,106606.26,19189.13,0.0,0.0,0.0,125795.39,NIC-IRP1,ACT,N,,Y
29AABCV1234K1Z9,21e03a5f1c7e86ba3b11b270075c204304ab8af50ed1965860a3ec9c893c0d0f,131308960604022,04-06-2024 19:35:00,INV,VPI/KA/24-25/0055,04-06-2024,29AAGFK9012M1ZX,29,B2B,467676.4,0.0,42090.88,42090.87,0.0,551858.15,NIC-IRP1,ACT,N,,Y
29AABCV1234K1Z9,ffe1db3217c0e6dc234379f30f9afaf343353f53d0f5466bf112ddf7a2685f88,114564249148780,18-06-2024 19:21:00,INV,VPI/KA/24-25/0056,18-06-2024,19AAACB6677K1Z6,19,B2B,34184.51,4102.14,0.0,0.0,0.0,38286.65,NIC-IRP1,ACT,N,,Y
29AABCV1234K1Z9,adb81e8ba3a4be610e842a44dc569e4337099566d769785e7eec731deaf12633,176066224301767,28-06-2024 12:19:00,INV,VPI/KA/24-25/0057,28-06-2024,URP,96,EXPWOP,2977670.19,0.0,0.0,0.0,0.0,2977670.19,NIC-IRP1,ACT,N,,Y
29AABCV1234K1Z9,94a192071643d4f9b4a9275a764181e448b0aa4742e2e02ffc94a70b689413f2,131274725256742,02-06-2024 12:12:00,INV,VPI/KA/24-25/0058,02-06-2024,URP,96,EXPWOP,2312188.59,0.0,0.0,0.0,0.0,2312188.59,NIC-IRP1,ACT,N,,Y
27AABCV1234K1ZD,9b693e2435a42e32a0968dfdd39ca0602535f6dfd96fd5fdf8702b0c420ba0de,171789527692617,13-06-2024 18:10:00,INV,VPI/MH/24-25/0013,13-06-2024,27AAEFS1122H1ZJ,27,B2B,87712.72,0.0,7894.15,7894.14,0.0,103501.01,NIC-IRP1,ACT,N,,Y
27AABCV1234K1ZD,1105881e7057c9d8c3e33bb9ebfecab3e69c0d6222929cd7480f3928d3bf3119,136864624266321,12-06-2024 16:59:00,INV,VPI/MH/24-25/0014,12-06-2024,29AACCS7712F1ZB,29,B2B,195060.05,35110.81,0.0,0.0,0.0,230170.86,NIC-IRP1,ACT,N,,Y
27AABCV1234K1ZD,0c431bc3fb7f9fd8e291faf51fafacc07e480e012dfce7148ab34922c1f19b31,141525225203706,02-06-2024 14:49:00,INV,VPI/MH/24-25/0015,02-06-2024,29AAAGK3344N1Z0,29,B2B,272102.34,48978.42,0.0,0.0,0.0,321080.76,NIC-IRP1,ACT,N,,Y
27AABCV1234K1ZD,2a81c3951ec7806945d352f94953b984afdb0242ecc23b8135b3600b044314d9,114712713129023,22-06-2024 13:33:00,INV,VPI/MH/24-25/0016,22-06-2024,36AABCD4455L1ZH,36,B2B,200363.11,36065.36,0.0,0.0,0.0,236428.47,NIC-IRP1,ACT,N,,Y
27AABCV1234K1ZD,be5e7f805633940c46f9088065873092c6155849fecc1aaa2be64208e1809f78,193409357757014,11-06-2024 15:08:00,INV,VPI/MH/24-25/0017,11-06-2024,19AAACB6677K1Z6,19,B2B,1793982.26,322916.81,0.0,0.0,0.0,2116899.07,NIC-IRP1,ACT,N,,Y
27AABCV1234K1ZD,21604bf68b4e666650213190cf919ca312e0792e27cd525e21eeaa563f9f1fd5,196799924583896,21-06-2024 19:46:00,INV,VPI/MH/24-25/0018,21-06-2024,36AABCD4455L1ZH,36,B2B,28757.42,5176.34,0.0,0.0,0.0,33933.76,NIC-IRP1,ACT,N,,Y
29AABCV1234K1Z9,e71749125c4c09dc328938a538af7b6fb0596bb92f572d2f3ee133fe83649816,174475784742848,17-07-2024 14:49:00,INV,VPI/KA/24-25/0061,17-07-2024,29AAAGK3344N1Z0,29,B2B,304825.59,0.0,27434.31,27434.3,0.0,359694.2,NIC-IRP1,ACT,N,,Y
29AABCV1234K1Z9,5d75c12d7f3042c59e5f70df42c53b57eeed8c95f7b100d862afeeba5b8c336d,147129904918635,20-07-2024 18:59:00,INV,VPI/KA/24-25/0062,20-07-2024,29AAFCQ2233R1ZV,29,SEZWOP,630461.57,0.0,0.0,0.0,0.0,630461.57,NIC-IRP1,ACT,N,,Y
29AABCV1234K1Z9,eabb85f37227d3633c09ff4dc22447aaa103c856d0af458c42f4422eb5708e65,152480111251484,11-07-2024 09:29:00,INV,VPI/KA/24-25/0063,11-07-2024,29AAAGK3344N1Z0,29,B2B,53890.18,0.0,4850.12,4850.11,0.0,63590.41,NIC-IRP1,ACT,N,,Y
29AABCV1234K1Z9,6d683373fb89fc437f3381f97ea4186099090c0fb2ce542863842c41db5f359e,112962072578392,31-07-2024 10:11:00,INV,VPI/KA/24-25/0064,31-07-2024,19AAACB6677K1Z6,19,B2B,577835.25,104010.35,0.0,0.0,0.0,681845.6,NIC-IRP1,ACT,N,,Y
29AABCV1234K1Z9,2646da513608304a87eb66fb810326a106069fbca7ee80dac308aa950b3afec3,164086293357052,17-07-2024 14:30:00,INV,VPI/KA/24-25/0065,17-07-2024,07AAACN8899J1ZP,07,B2B,310389.88,55870.18,0.0,0.0,0.0,366260.06,NIC-IRP1,ACT,N,,Y
29AABCV1234K1Z9,f4d4ad9a7bdc971c63e5dcf7cbc31afb8d46439b292018a2d4dfb2ad6343725f,142620520133015,15-07-2024 09:22:00,INV,VPI/KA/24-25/0066,15-07-2024,27AAEFS1122H1ZJ,27,B2B,65025.42,11704.58,0.0,0.0,0.0,76730.0,NIC-IRP1,ACT,N,,Y
29AABCV1234K1Z9,9f9a8e1001fb154dffea4008706de60018a128d7302ca8e139eb8ca1d6c959d2,178801619993617,28-07-2024 09:24:00,INV,VPI/KA/24-25/0067,28-07-2024,29AAFCQ2233R1ZV,29,SEZWOP,14876.92,0.0,0.0,0.0,0.0,14876.92,NIC-IRP1,ACT,N,,Y
29AABCV1234K1Z9,d7cfdabeaa18bc845d0b57c1e6cb80cddf98b0af7b7b6740bebc86f7fb5562a8,136223928455947,11-07-2024 15:53:00,INV,VPI/KA/24-25/0068,11-07-2024,36AABCD4455L1ZH,36,B2B,23351.41,2802.17,0.0,0.0,0.0,26153.58,NIC-IRP1,ACT,N,,Y
29AABCV1234K1Z9,556e99b05f2370a322c4eb04e00d3eed7ee832fda5046e6276b72a6db41671f3,147947919294371,12-07-2024 15:44:00,INV,VPI/KA/24-25/0069,12-07-2024,19AAACB6677K1Z6,19,B2B,30831.45,5549.66,0.0,0.0,0.0,36381.11,NIC-IRP1,ACT,N,,Y
29AABCV1234K1Z9,2f0f800373bc30c22d45963e049a0d9e160e3a953b8b11d1068c5af9690a46f9,140188158196687,23-07-2024 14:52:00,INV,VPI/KA/24-25/0070,23-07-2024,27AAEFS1122H1ZJ,27,B2B,936238.38,168522.91,0.0,0.0,0.0,1104761.29,NIC-IRP1,ACT,N,,Y
29AABCV1234K1Z9,07ff0d1889a2588ff10639362d95c55229ae5536d820852dba04b40d3fffae5d,129432138597813,01-07-2024 19:38:00,INV,VPI/KA/24-25/0071,01-07-2024,36AABCD4455L1ZH,36,B2B,18758.29,2250.99,0.0,0.0,0.0,21009.28,NIC-IRP1,ACT,N,,Y
29AABCV1234K1Z9,77ab6e0c0825e694ae4266a1ddf023cc0d2c003522b5d6e3960934724e408358,178670787537637,10-07-2024 11:33:00,INV,VPI/KA/24-25/0072,10-07-2024,19AAACB6677K1Z6,19,B2B,735664.34,132419.58,0.0,0.0,0.0,868083.92,NIC-IRP1,ACT,N,,Y
29AABCV1234K1Z9,1b59a9e278a17b57dbcbef5b427690a354febcbd0a8f60db2bd51dced5ca27e4,169177052397222,28-07-2024 13:58:00,INV,VPI/KA/24-25/0073,28-07-2024,29AACCS7712F1ZB,29,B2B,39811.48,0.0,2388.69,2388.69,0.0,44588.86,NIC-IRP1,ACT,N,,Y
29AABCV1234K1Z9,30469d3c9dc2aaf1ff909f4a09623d08e1a0b9e26fd95c89c5bb62c90844a278,184651057895015,27-07-2024 17:02:00,INV,VPI/KA/24-25/0074,27-07-2024,27AAEFS1122H1ZJ,27,B2B,60864.67,10955.64,0.0,0.0,0.0,71820.31,NIC-IRP1,ACT,N,,Y
29AABCV1234K1Z9,658a3e377a618f11db25c11263d6fb86078ff50c697512ac6507483656bd2704,111506279387834,06-07-2024 10:45:00,INV,VPI/KA/24-25/0075,06-07-2024,29ADHPG5566Q1ZQ,29,B2B,209234.79,0.0,18831.13,18831.13,0.0,246897.05,NIC-IRP1,ACT,N,,Y
29AABCV1234K1Z9,da3efbec846aab04364d9186d2e062e4155a703b43b0da3d66b92d38ce854168,198053086899356,03-07-2024 16:18:00,INV,VPI/KA/24-25/0077,03-07-2024,URP,96,EXPWOP,1636202.09,0.0,0.0,0.0,0.0,1636202.09,NIC-IRP1,ACT,N,,Y
29AABCV1234K1Z9,d281864756ce1aa1625f0b6daf6090dc8bc3da0b7c2f29da48242f0ebb7dbddf,129199744496363,31-07-2024 14:39:00,INV,VPI/KA/24-25/0078,31-07-2024,URP,96,EXPWOP,2418808.73,0.0,0.0,0.0,0.0,2418808.73,NIC-IRP1,ACT,N,,Y
27AABCV1234K1ZD,4284382baaeed9954e2d15a3f927cc7888bf182a471a06bbd49dddfd6f8c9a5d,164688093314841,28-07-2024 14:30:00,INV,VPI/MH/24-25/0019,28-07-2024,07AAACN8899J1ZP,07,B2B,129083.1,23234.96,0.0,0.0,0.0,152318.06,NIC-IRP1,ACT,N,,Y
27AABCV1234K1ZD,96af3e7e9368bc5bc0cd3a6c54b28057d7f575f5578bba55fc73b8906daf3fdc,177777854655947,12-07-2024 10:39:00,INV,VPI/MH/24-25/0020,12-07-2024,29AAGFK9012M1ZX,29,B2B,21760.78,2611.29,0.0,0.0,0.0,24372.07,NIC-IRP1,ACT,N,,Y
27AABCV1234K1ZD,ad2284b232f5aad75a9d9205cace4e41e16853b05062854ff3b4bcddbca32cf8,173864776369307,08-07-2024 10:34:00,INV,VPI/MH/24-25/0021,08-07-2024,29AACCS7712F1ZB,29,B2B,928027.87,167045.02,0.0,0.0,0.0,1095072.89,NIC-IRP1,ACT,N,,Y
27AABCV1234K1ZD,2f5a84dbad44af06af423683bc2cb51d241ef16c835cd47a89fec4b523f8dfe7,133160105275387,14-07-2024 13:52:00,INV,VPI/MH/24-25/0022,14-07-2024,19AAACB6677K1Z6,19,B2B,707217.67,127299.18,0.0,0.0,0.0,834516.85,NIC-IRP1,ACT,N,,Y
27AABCV1234K1ZD,cbef06c9237cd1f4ac2da8a68f1c1bc0d973a28036ee1c4ad02c17a776ed2610,142889932752585,30-07-2024 10:35:00,INV,VPI/MH/24-25/0023,30-07-2024,29AAAGK3344N1Z0,29,B2B,253721.45,45669.86,0.0,0.0,0.0,299391.31,NIC-IRP1,ACT,N,,Y
27AABCV1234K1ZD,1e7bef4f3e28b0e196eebc68611871bee47b4d12caca2e9bd11290789ba330bd,117669500144474,20-07-2024 17:32:00,INV,VPI/MH/24-25/0024,20-07-2024,19AAACB6677K1Z6,19,B2B,110123.44,13214.81,0.0,0.0,0.0,123338.25,NIC-IRP1,ACT,N,,Y
29AABCV1234K1Z9,c905e4753b9b6c242ba5b03be2496c9a1fff35263500f23b3a98e9474ebc320e,192226439566289,14-08-2024 14:47:00,INV,VPI/KA/24-25/0081,14-08-2024,19AAACB6677K1Z6,19,B2B,130067.62,23412.17,0.0,0.0,0.0,153479.79,NIC-IRP1,ACT,N,,Y
29AABCV1234K1Z9,136394ac7050a7cf47ba8455112b4637804996dd908e513245ba91a09c188a6c,145936722729973,03-08-2024 10:00:00,INV,VPI/KA/24-25/0082,03-08-2024,27AAEFS1122H1ZJ,27,B2B,18120.57,2174.47,0.0,0.0,0.0,20295.04,NIC-IRP1,ACT,N,,Y
29AABCV1234K1Z9,c81673ca12072033a21c74a2332bd622fb0958dcccc4e64c4123e921d8143e67,189148199544736,29-08-2024 11:33:00,INV,VPI/KA/24-25/0083,29-08-2024,27AAEFS1122H1ZJ,27,B2B,824219.76,148359.56,0.0,0.0,0.0,972579.32,NIC-IRP1,ACT,N,,Y
29AABCV1234K1Z9,9983ba8cfe545919fec85a0b53010a486d54f4a5f55b29478f606e9a8a178d20,191894576302260,13-08-2024 13:33:00,INV,VPI/KA/24-25/0084,13-08-2024,07AAACN8899J1ZP,07,B2B,33787.39,4054.49,0.0,0.0,0.0,37841.88,NIC-IRP1,ACT,N,,Y
29AABCV1234K1Z9,3c3c84e8581093c5671ab2ea4e486be4db2e1ca440ddda1b5c3a71319e827fa8,189261698810885,22-08-2024 19:15:00,INV,VPI/KA/24-25/0085,22-08-2024,29AAGFK9012M1ZX,29,B2B,156177.43,0.0,14055.97,14055.97,0.0,184289.37,NIC-IRP1,ACT,N,,Y
29AABCV1234K1Z9,0343506a24b342619811ce9bdeea34cd47b9b5b2f9b523e1d62b2225354bc1b4,117190378103243,05-08-2024 10:12:00,INV,VPI/KA/24-25/0086,05-08-2024,29AACCS7712F1ZB,29,B2B,216135.1,0.0,19452.16,19452.16,0.0,255039.42,NIC-IRP1,ACT,N,,Y
29AABCV1234K1Z9,b5de5d4f3f9e3279e12dddcdea544d99877f3cedb187b13598085e989c113de8,177035104260547,26-08-2024 17:12:00,INV,VPI/KA/24-25/0087,26-08-2024,07AAACN8899J1ZP,07,B2B,196623.68,35392.26,0.0,0.0,0.0,232015.94,NIC-IRP1,ACT,N,,Y
29AABCV1234K1Z9,39a7783716a09f6d721a6495a9cc9b54c9d7901ad86d51eeb6756a15b4343792,177865411500522,01-08-2024 10:38:00,INV,VPI/KA/24-25/0088,01-08-2024,29AAAGK3344N1Z0,29,B2B,9768.5,0.0,879.17,879.16,0.0,11526.83,NIC-IRP1,ACT,N,,Y
29AABCV1234K1Z9,68c84b65c9f585f858485ba95325537cfef0724495d3b37718c68294a8154468,129774819361964,20-08-2024 16:19:00,INV,VPI/KA/24-25/0089,20-08-2024,36AABCD4455L1ZH,36,B2B,65111.72,11720.11,0.0,0.0,0.0,76831.83,NIC-IRP1,ACT,N,,Y
29AABCV1234K1Z9,fc9c2cb188da740fe7402d741af7e8151cc24c34be8954e5ac7088a4214256e8,169762318422638,05-08-2024 11:10:00,INV,VPI/KA/24-25/0090,05-08-2024,07AAACN8899J1ZP,07,B2B,229959.86,41392.77,0.0,0.0,0.0,271352.63,NIC-IRP1,ACT,N,,Y
29AABCV1234K1Z9,d22782e8cd00c95506670176bffa62e09a727fdb7efed350926e935d1dc6368b,134107907251120,30-08-2024 16:50:00,INV,VPI/KA/24-25/0091,30-08-2024,19AAACB6677K1Z6,19,B2B,23863.06,4295.35,0.0,0.0,0.0,28158.41,NIC-IRP1,ACT,N,,Y
29AABCV1234K1Z9,cec5a38eeb3306aba273992721bae390bd4a57e0c1fa76d9356e200e0c0ea513,120509297867450,23-08-2024 14:51:00,INV,VPI/KA/24-25/0092,23-08-2024,29ADHPG5566Q1ZQ,29,B2B,90798.23,0.0,8171.84,8171.84,0.0,107141.91,NIC-IRP1,ACT,N,,Y
29AABCV1234K1Z9,96eaaa2585760ec2f6f69d16e9c1acd00f4a8d3c36eef0a422e878e41db2fbc3,110996452165694,14-08-2024 18:16:00,INV,VPI/KA/24-25/0093,14-08-2024,36AABCD4455L1ZH,36,B2B,1408925.13,253606.52,0.0,0.0,0.0,1662531.65,NIC-IRP1,ACT,N,,Y
29AABCV1234K1Z9,c86f59ada91d379de65eab2d144e1ecd861b2b598e99f5340dcc63d6689c3f2f,147568742355792,08-08-2024 14:02:00,INV,VPI/KA/24-25/0094,08-08-2024,29AAAGK3344N1Z0,29,B2B,417550.0,0.0,37579.5,37579.5,0.0,492709.0,NIC-IRP1,ACT,N,,Y
29AABCV1234K1Z9,2198f3203baf9e373c10227a5053c9bc399d046f054972470cc3ae275b713d13,199171624567692,08-08-2024 12:59:00,INV,VPI/KA/24-25/0095,08-08-2024,19AAACB6677K1Z6,19,B2B,1882250.96,338805.17,0.0,0.0,0.0,2221056.13,NIC-IRP1,ACT,N,,Y
29AABCV1234K1Z9,4d18de8d7ad2fd73db24041ee1d7410211a10f08a44a5ac71c497dcd15b2bb1d,144632079834034,12-08-2024 11:46:00,INV,VPI/KA/24-25/0096,12-08-2024,29AACCS7712F1ZB,29,B2B,596706.67,0.0,53703.6,53703.6,0.0,704113.87,NIC-IRP1,ACT,N,,Y
29AABCV1234K1Z9,19b95e634cee8fe8437c4162602939f427bf5e558baa343afbb19474bc32c21e,155106598655472,04-08-2024 19:55:00,INV,VPI/KA/24-25/0097,04-08-2024,URP,96,EXPWOP,840430.82,0.0,0.0,0.0,0.0,840430.82,NIC-IRP1,ACT,N,,Y
29AABCV1234K1Z9,96604269decdd5cf6bdc2d7dcfcc692f5144c9e82a591f61c4e8579695e86a34,191754384195212,08-08-2024 11:49:00,INV,VPI/KA/24-25/0098,08-08-2024,URP,96,EXPWOP,1861302.17,0.0,0.0,0.0,0.0,1861302.17,NIC-IRP1,ACT,N,,Y
27AABCV1234K1ZD,1320effe98abafea7a22500d7f87bb5c2aa33f3c2506e3ad58dd5b46c0e247ef,154922714618480,19-08-2024 14:22:00,INV,VPI/MH/24-25/0025,19-08-2024,27AAEFS1122H1ZJ,27,B2B,59259.51,0.0,5333.36,5333.35,0.0,69926.22,NIC-IRP1,ACT,N,,Y
27AABCV1234K1ZD,da259e63fd258ee1ebcf5d1cfa69376e1843155223330f6fd17ead84327d5734,151434845110978,20-08-2024 12:36:00,INV,VPI/MH/24-25/0026,20-08-2024,29AAFCQ2233R1ZV,29,SEZWOP,236538.25,0.0,0.0,0.0,0.0,236538.25,NIC-IRP1,ACT,N,,Y
27AABCV1234K1ZD,5ec2d730c6d97748727a491092e0bb6a103917d15d9a5335b191a7709ba46609,169429197676905,02-08-2024 13:33:00,INV,VPI/MH/24-25/0027,02-08-2024,27AAEFS1122H1ZJ,27,B2B,2316.47,0.0,138.99,138.99,0.0,2594.45,NIC-IRP1,ACT,N,,Y
27AABCV1234K1ZD,80bdd6cf528fe83edb7ac2b2db7654b312a966343809dc74207617585d663d4f,130490930291641,01-08-2024 11:42:00,INV,VPI/MH/24-25/0028,01-08-2024,07AAACN8899J1ZP,07,B2B,516165.65,92909.82,0.0,0.0,0.0,609075.47,NIC-IRP1,ACT,N,,Y
27AABCV1234K1ZD,dc28b48736759f6aadb14b27652cff5930c5cb5c220424d855fd0f36a5651b4f,184273334247262,25-08-2024 09:24:00,INV,VPI/MH/24-25/0029,25-08-2024,07AAACN8899J1ZP,07,B2B,114079.83,20534.37,0.0,0.0,0.0,134614.2,NIC-IRP1,ACT,N,,Y
27AABCV1234K1ZD,2e0e0c02aba57e74468853e2d02080837ba6b2be36840ab763544d61351528ee,135421368383181,01-08-2024 15:52:00,INV,VPI/MH/24-25/0030,01-08-2024,27AAEFS1122H1ZJ,27,B2B,1944383.07,0.0,174994.48,174994.47,0.0,2294372.02,NIC-IRP1,ACT,N,,Y
29AABCV1234K1Z9,96be2d08db2a6533fc0de6b46b504f6274eda30b35872c8eb8a33c2406997f66,179447239594764,20-09-2024 13:13:00,INV,VPI/KA/24-25/0101,20-09-2024,29ADHPG5566Q1ZQ,29,B2B,26509.5,0.0,2385.86,2385.85,0.0,31281.21,NIC-IRP1,ACT,N,,Y
29AABCV1234K1Z9,a44538c09e624297cfac2cfa11dc689c511b3dbe9d98f411d488e39fb378f57d,124723686180981,30-09-2024 18:13:00,INV,VPI/KA/24-25/0102,30-09-2024,29AAFCQ2233R1ZV,29,SEZWOP,138908.22,0.0,0.0,0.0,0.0,138908.22,NIC-IRP1,ACT,N,,Y
29AABCV1234K1Z9,7bfd387c8b800417560292ec3b0b42b363349a8d535c1403aa74540ee72a3e61,111635437986629,09-09-2024 10:26:00,INV,VPI/KA/24-25/0103,09-09-2024,29ADHPG5566Q1ZQ,29,B2B,573795.29,0.0,51641.58,51641.57,0.0,677078.44,NIC-IRP1,ACT,N,,Y
29AABCV1234K1Z9,9f4b360315226f39fd76939a340849cc79396dccb88d8d658ec5bced15b3db9b,128071582319439,10-09-2024 13:11:00,INV,VPI/KA/24-25/0104,10-09-2024,36AABCD4455L1ZH,36,B2B,398709.05,71767.63,0.0,0.0,0.0,470476.68,NIC-IRP1,ACT,N,,Y
29AABCV1234K1Z9,29131011da702dc714b1c7d539f43f0a4cbba790d8aa8bfbc20242596fa873e1,167113390367882,08-09-2024 17:38:00,INV,VPI/KA/24-25/0105,08-09-2024,29ADHPG5566Q1ZQ,29,B2B,55002.57,0.0,4950.23,4950.23,0.0,64903.03,NIC-IRP1,ACT,N,,Y
29AABCV1234K1Z9,ce12d084fbc3a0626a2913e7d25be92e99adec7ccc5abf59f5eeaf7b3df7b720,196606769674972,24-09-2024 09:59:00,INV,VPI/KA/24-25/0106,24-09-2024,29AAFCQ2233R1ZV,29,SEZWOP,9964.96,0.0,0.0,0.0,0.0,9964.96,NIC-IRP1,ACT,N,,Y
29AABCV1234K1Z9,e7ce98988d4e14dd3df0f5d5e524aa82745422e0eda368793fe7d22278df87d4,138832875854579,19-09-2024 14:39:00,INV,VPI/KA/24-25/0107,19-09-2024,29AACCS7712F1ZB,29,B2B,10416.52,0.0,937.49,937.48,0.0,12291.49,NIC-IRP1,ACT,N,,Y
29AABCV1234K1Z9,5563970297dc706f55fe6f400a1a64ba195bc3de37515a817eaf532a93bf1ad5,134275157117950,29-09-2024 17:55:00,INV,VPI/KA/24-25/0108,29-09-2024,29AAAGK3344N1Z0,29,B2B,24113.14,0.0,1446.79,1446.79,0.0,27006.72,NIC-IRP1,ACT,N,,Y
29AABCV1234K1Z9,cd6e73710b71417add2f90a88ca67636fde7c15f7960593d5e9043877fd86149,180947348932255,28-09-2024 09:24:00,INV,VPI/KA/24-25/0109,28-09-2024,29ADHPG5566Q1ZQ,29,B2B,26650.79,0.0,1599.05,1599.04,0.0,29848.88,NIC-IRP1,ACT,N,,Y
29AABCV1234K1Z9,87c8a833bbd0b34bce020877e8217390b4e2663773ce172a8ee0d42f65e0aeb6,184370350975960,20-09-2024 12:50:00,INV,VPI/KA/24-25/0110,20-09-2024,19AAACB6677K1Z6,19,B2B,18794.07,2255.29,0.0,0.0,0.0,21049.36,NIC-IRP1,ACT,N,,Y
29AABCV1234K1Z9,1a23f8ed9039ebf41a3d36ec1847890f1dd9eca1571beffdf10025563f25be96,142547908349212,30-09-2024 16:44:00,INV,VPI/KA/24-25/0111,30-09-2024,29AAGFK9012M1ZX,29,B2B,416577.82,0.0,37492.01,37492.0,0.0,491561.83,NIC-IRP1,ACT,N,,Y
29AABCV1234K1Z9,dd669b8d35afe6027dc731dbe54f7f2c060113a533402ab5b1813ba04033027a,179797566269089,20-09-2024 14:11:00,INV,VPI/KA/24-25/0112,20-09-2024,29ADHPG5566Q1ZQ,29,B2B,606887.15,0.0,54619.85,54619.84,0.0,716126.84,NIC-IRP1,ACT,N,,Y
29AABCV1234K1Z9,e432398446019ab2eef9a38dbc5a6264694cecce5a743dc88b15439ee2e180e3,199442224825144,15-09-2024 16:48:00,INV,VPI/KA/24-25/0113,15-09-2024,07AAACN8899J1ZP,07,B2B,1889166.7,340050.01,0.0,0.0,0.0,2229216.71,NIC-IRP1,ACT,N,,Y
29AABCV1234K1Z9,4907b31f28c92e36d1778122b7de855141d48b94aa69ad49926c79e08438798b,155120525677783,17-09-2024 19:15:00,INV,VPI/KA/24-25/0114,17-09-2024,29AACCS7712F1ZB,29,B2B,1402041.87,0.0,126183.77,126183.77,0.0,1654409.41,NIC-IRP1,ACT,N,,Y
29AABCV1234K1Z9,c98e54a6efd866c3517929f5b92ff46750c7332c9021751fc033c73a4afc74f5,171708665099898,11-09-2024 10:26:00,INV,VPI/KA/24-25/0115,11-09-2024,29AACCS7712F1ZB,29,B2B,38463.57,0.0,2307.82,2307.81,0.0,43079.2,NIC-IRP1,ACT,N,,Y
29AABCV1234K1Z9,05603d48c22fb128c75a84f00c6eda448db0256e997bf790f826bf6d77778abf,115467133418886,25-09-2024 14:44:00,INV,VPI/KA/24-25/0116,25-09-2024,07AAACN8899J1ZP,07,B2B,7175.21,861.03,0.0,0.0,0.0,8036.24,NIC-IRP1,ACT,N,,Y
29AABCV1234K1Z9,cde9da70c0a16fd1350513a6d5f1e44135b9fd9be2f9ee62884889f110eea4bb,115542602414490,11-09-2024 19:22:00,INV,VPI/KA/24-25/0117,11-09-2024,URP,96,EXPWOP,1696909.82,0.0,0.0,0.0,0.0,1696909.82,NIC-IRP1,ACT,N,,Y
29AABCV1234K1Z9,fdf4803a6d063254e126fd3d634632b28bab35364eb1f3709d4faf98360b5266,190403280773691,06-09-2024 10:23:00,INV,VPI/KA/24-25/0118,06-09-2024,URP,96,EXPWOP,2564071.53,0.0,0.0,0.0,0.0,2564071.53,NIC-IRP1,ACT,N,,Y
27AABCV1234K1ZD,b25f600dabf1b85809fb34eea040b07f24c46ab10208f8241bc1666206d840f3,121527942612449,04-09-2024 14:04:00,INV,VPI/MH/24-25/0031,04-09-2024,36AABCD4455L1ZH,36,B2B,33304.32,3996.52,0.0,0.0,0.0,37300.84,NIC-IRP1,ACT,N,,Y
27AABCV1234K1ZD,03663dcd6a468993439cfbb85f43480351b9cae8f07fe1c60939fa53e619be5b,141393203809884,22-09-2024 16:24:00,INV,VPI/MH/24-25/0032,22-09-2024,29AACCS7712F1ZB,29,B2B,856333.1,154139.96,0.0,0.0,0.0,1010473.06,NIC-IRP1,ACT,N,,Y
27AABCV1234K1ZD,dc33fa1184eee0c4868d589df144b2f94b005026f3f1aa19f1b05dd808d959ca,134525197690983,29-09-2024 13:51:00,INV,VPI/MH/24-25/0033,29-09-2024,29AAGFK9012M1ZX,29,B2B,1189148.46,214046.72,0.0,0.0,0.0,1403195.18,NIC-IRP1,ACT,N,,Y
27AABCV1234K1ZD,03653b86ef4142058c2d92f3b08782e9c4c5433144ab9efe739db30dc9913175,182697197328781,04-09-2024 17:12:00,INV,VPI/MH/24-25/0034,04-09-2024,29AAAGK3344N1Z0,29,B2B,2427.0,291.24,0.0,0.0,0.0,2718.24,NIC-IRP1,ACT,N,,Y
27AABCV1234K1ZD,f9c8bf18dd3f7ff159fbeffbc4b036ff250dada2bc0eedb29864b5c71e454a57,191805664393033,23-09-2024 17:18:00,INV,VPI/MH/24-25/0035,23-09-2024,36AABCD4455L1ZH,36,B2B,127580.7,22964.53,0.0,0.0,0.0,150545.23,NIC-IRP1,ACT,N,,Y
27AABCV1234K1ZD,967c216aaedf7d7abde2fe715e97557bb8f38c2187a5991d99f37453ded774be,130288181932085,11-09-2024 10:56:00,INV,VPI/MH/24-25/0036,11-09-2024,07AAACN8899J1ZP,07,B2B,231084.63,41595.23,0.0,0.0,0.0,272679.86,NIC-IRP1,ACT,N,,Y
33AABCV1234K1ZK,03775c95136f0277b130ab8f7ad736b9a6d4204c4fb275f9ce20ff09088fb990,113919657688670,28-09-2024 14:44:00,INV,VPI/TN/24-25/0001,28-09-2024,27AAEFS1122H1ZJ,27,B2B,751780.06,135320.41,0.0,0.0,0.0,887100.47,NIC-IRP1,ACT,N,,Y
33AABCV1234K1ZK,4729f20f71db975f33c300960b0889d53d71dfed6a1b56f49d57838847fda5cd,193826221725085,30-09-2024 11:39:00,INV,VPI/TN/24-25/0002,30-09-2024,27AAEFS1122H1ZJ,27,B2B,14829.42,2669.3,0.0,0.0,0.0,17498.72,NIC-IRP1,ACT,N,,Y
33AABCV1234K1ZK,eba3c02eeab056b3bbdd48670156c3533b262f43a56a055b7ef5e4a0a9250c2f,157444653913523,12-09-2024 13:23:00,INV,VPI/TN/24-25/0003,12-09-2024,27AAEFS1122H1ZJ,27,B2B,120796.94,21743.45,0.0,0.0,0.0,142540.39,NIC-IRP1,ACT,N,,Y
29AABCV1234K1Z9,c215103cfa03bf597b4fee48f542243ed9cae9089cfc45cc02c5d4f286d702b8,181582809532337,21-10-2024 11:26:00,INV,VPI/KA/24-25/0121,21-10-2024,36AABCD4455L1ZH,36,B2B,185762.43,33437.24,0.0,0.0,0.0,219199.67,NIC-IRP1,ACT,N,,Y
29AABCV1234K1Z9,b4f1b8d97440fc4edc899acbf940d327b7e606a217d67c7232021589b80a4745,141825245001547,10-10-2024 17:50:00,INV,VPI/KA/24-25/0122,10-10-2024,29AACCS7712F1ZB,29,B2B,29310.86,0.0,1758.65,1758.65,0.0,32828.16,NIC-IRP1,ACT,N,,Y
29AABCV1234K1Z9,3cd0ef7e737bc2ff6261f594646a94a05ead0ad56ab8e1b8b4be6fa7d7bd2b7d,153422220929276,18-10-2024 15:03:00,INV,VPI/KA/24-25/0123,18-10-2024,27AAEFS1122H1ZJ,27,B2B,18580.11,2229.61,0.0,0.0,0.0,20809.72,NIC-IRP1,ACT,N,,Y
29AABCV1234K1Z9,2a156fda865698e7b552bc902ea71d79e2439e718e0d2556abc171e3cd0fc1dc,143102152868936,20-10-2024 14:52:00,INV,VPI/KA/24-25/0124,20-10-2024,29AAGFK9012M1ZX,29,B2B,12511.86,0.0,750.71,750.71,0.0,14013.28,NIC-IRP1,ACT,N,,Y
29AABCV1234K1Z9,cfcd7d59839192071778dd648a37f56c65194c651656daa1ede43d52ebae3fa1,120480453861186,29-10-2024 14:50:00,INV,VPI/KA/24-25/0125,29-10-2024,29AAFCQ2233R1ZV,29,SEZWOP,86449.57,0.0,0.0,0.0,0.0,86449.57,NIC-IRP1,ACT,N,,Y
29AABCV1234K1Z9,757d39551ab9b146fa137ba15a823c3e486cd23233161bd93134cee5101d05f8,121443120876061,30-10-2024 19:56:00,INV,VPI/KA/24-25/0126,30-10-2024,29AAGFK9012M1ZX,29,B2B,346468.03,0.0,31182.13,31182.12,0.0,408832.28,NIC-IRP1,ACT,N,,Y
29AABCV1234K1Z9,5ca373f763748a3e25bf373dc28323b3a87afbc3b91c82963858f1bf1cf1ba20,131407291093682,22-10-2024 13:34:00,INV,VPI/KA/24-25/0127,22-10-2024,29ADHPG5566Q1ZQ,29,B2B,36737.02,0.0,2204.22,2204.22,0.0,41145.46,NIC-IRP1,ACT,N,,Y
29AABCV1234K1Z9,8889a4b4dd0ae8cd91c5ee3b557840ede3c8a955a42b75f574034fe9dd920a22,141111597144253,09-10-2024 14:01:00,INV,VPI/KA/24-25/0129,09-10-2024,29AACCS7712F1ZB,29,B2B,62844.48,0.0,5656.01,5656.0,0.0,74156.49,NIC-IRP1,ACT,N,,Y
29AABCV1234K1Z9,bc9045ff927c665074b7f4cae6ec8ca910e199dab09bd44949a9728e1252b4b9,184393274279505,24-10-2024 12:44:00,INV,VPI/KA/24-25/0130,24-10-2024,29AACCS7712F1ZB,29,B2B,214732.9,0.0,19325.96,19325.96,0.0,253384.82,NIC-IRP1,ACT,N,,Y
29AABCV1234K1Z9,acdb8977fe99d411afaa869014d7bc4d9c8ccaec363c498ab79dfef644924915,191624274974623,12-10-2024 09:18:00,INV,VPI/KA/24-25/0131,12-10-2024,19AAACB6677K1Z6,19,B2B,870330.27,156659.45,0.0,0.0,0.0,1026989.72,NIC-IRP1,ACT,N,,Y
29AABCV1234K1Z9,881d5716e62fe0a9878745e49d16db366ab3112a1e47cfd228075140fdd0f6b1,158187213957923,24-10-2024 15:05:00,INV,VPI/KA/24-25/0132,24-10-2024,29AAGFK9012M1ZX,29,B2B,7678.23,0.0,460.7,460.69,0.0,8599.62,NIC-IRP1,ACT,N,,Y
29AABCV1234K1Z9,8f613c83c24fe174f61985394c1511b178f554ac1f858567d9203d06e1d777f7,164509073636603,19-10-2024 10:25:00,INV,VPI/KA/24-25/0133,19-10-2024,29AACCS7712F1ZB,29,B2B,1304338.98,0.0,117390.51,117390.51,0.0,1539120.0,NIC-IRP1,ACT,N,,Y
29AABCV1234K1Z9,f91eda33159270552e9562bc890ccb6cd927346a9ebd983685b1d811c7d4e152,119811489279088,14-10-2024 14:46:00,INV,VPI/KA/24-25/0134,14-10-2024,29AAFCQ2233R1ZV,29,SEZWOP,1431131.92,0.0,0.0,0.0,0.0,1431131.92,NIC-IRP1,ACT,N,,Y
29AABCV1234K1Z9,96cbbb3d2af0a4eaa8ee2c4c114bcc13071a811d2cc41a49900ff61e5e311f4f,153204189321322,10-10-2024 18:06:00,INV,VPI/KA/24-25/0135,10-10-2024,36AABCD4455L1ZH,36,B2B,1502206.63,270397.19,0.0,0.0,0.0,1772603.82,NIC-IRP1,ACT,N,,Y
29AABCV1234K1Z9,ff0cf182b0468eeb9b474b6c4090191d5bc8b1c6d22a1572e9927171be0c55dd,168931564106921,16-10-2024 17:30:00,INV,VPI/KA/24-25/0136,16-10-2024,07AAACN8899J1ZP,07,B2B,249681.46,44942.66,0.0,0.0,0.0,294624.12,NIC-IRP1,ACT,N,,Y
29AABCV1234K1Z9,9d8c422373187fae40b76a1f55ba7b065e65e8e0116e56c70556c3c0c7a434e2,141709830994926,06-10-2024 12:09:00,INV,VPI/KA/24-25/0137,06-10-2024,URP,96,EXPWOP,1580676.21,0.0,0.0,0.0,0.0,1580676.21,NIC-IRP1,ACT,N,,Y
29AABCV1234K1Z9,afd5e0dfdb1d7d9fe7a77b023c14423993bbdfde5309c4bc12d434f0e6f1a652,121992021787015,09-10-2024 16:10:00,INV,VPI/KA/24-25/0138,09-10-2024,URP,96,EXPWOP,1253209.64,0.0,0.0,0.0,0.0,1253209.64,NIC-IRP1,ACT,N,,Y
27AABCV1234K1ZD,a61383f3491d83ffe4bc525a433516fdbf72795b31edc123beba000a28b9fded,193406228398843,26-10-2024 17:50:00,INV,VPI/MH/24-25/0037,26-10-2024,07AAACN8899J1ZP,07,B2B,132647.74,23876.59,0.0,0.0,0.0,156524.33,NIC-IRP1,ACT,N,,Y
27AABCV1234K1ZD,ee7580d857866ea7c9362397a519db44d0b900b41f13b1d9bb38f7a211fe137e,163548574818384,10-10-2024 13:12:00,INV,VPI/MH/24-25/0038,10-10-2024,36AABCD4455L1ZH,36,B2B,82432.76,14837.9,0.0,0.0,0.0,97270.66,NIC-IRP1,ACT,N,,Y
27AABCV1234K1ZD,2aecfa9a795904050de6ce0a62e73fac64e89010aa583cde719f3522577875ec,132565283635885,16-10-2024 16:04:00,INV,VPI/MH/24-25/0039,16-10-2024,29AAGFK9012M1ZX,29,B2B,750648.69,135116.76,0.0,0.0,0.0,885765.45,NIC-IRP1,ACT,N,,Y
27AABCV1234K1ZD,196a28371993199399eb2d317be0240c5604a0eabaec38d05cbb13c4f4591143,132148753191120,26-10-2024 13:21:00,INV,VPI/MH/24-25/0040,26-10-2024,29AAFCQ2233R1ZV,29,SEZWOP,2185260.85,0.0,0.0,0.0,0.0,2185260.85,NIC-IRP1,ACT,N,,Y
27AABCV1234K1ZD,5e5ce51579f227db49d357b318363c86452911215dc82e01889d19f379f767cb,196748209364878,14-10-2024 10:48:00,INV,VPI/MH/24-25/0041,14-10-2024,29AACCS7712F1ZB,29,B2B,59499.16,7139.9,0.0,0.0,0.0,66639.06,NIC-IRP1,ACT,N,,Y
27AABCV1234K1ZD,d44c780e573860f688f302239fcf3a6c7ac5056ac6affb7f3fe4f03f0c16b439,159182458101154,21-10-2024 13:02:00,INV,VPI/MH/24-25/0042,21-10-2024,19AAACB6677K1Z6,19,B2B,101059.4,18190.69,0.0,0.0,0.0,119250.09,NIC-IRP1,ACT,N,,Y
33AABCV1234K1ZK,7de4e0f72bd076125e9fce26f85c6aa1f8fa65018631ac872fb2e8a983682ddb,117849702607505,21-10-2024 18:46:00,INV,VPI/TN/24-25/0004,21-10-2024,29AACCS7712F1ZB,29,B2B,316569.65,56982.54,0.0,0.0,0.0,373552.19,NIC-IRP1,ACT,N,,Y
33AABCV1234K1ZK,83c7538b4916c0ccdac33bb55f9d8abb523d0d3eaa207b357d5366cb359d8016,133822765496080,19-10-2024 15:02:00,INV,VPI/TN/24-25/0005,19-10-2024,29AAFCQ2233R1ZV,29,SEZWOP,49355.88,0.0,0.0,0.0,0.0,49355.88,NIC-IRP1,ACT,N,,Y
33AABCV1234K1ZK,70ff79d27e80ff8eac83672196f31b3d7328b63203bb7009d331b515ae27fbdb,138765742029352,08-10-2024 15:42:00,INV,VPI/TN/24-25/0006,08-10-2024,29AACCS7712F1ZB,29,B2B,9507.95,1140.95,0.0,0.0,0.0,10648.9,NIC-IRP1,ACT,N,,Y
29AABCV1234K1Z9,80229a5f585efd04299b17ab8bf4f7f8bec91ddc02a8e06b46e49333ac0a464c,121946381187384,10-11-2024 11:12:00,INV,VPI/KA/24-25/0141,10-11-2024,07AAACN8899J1ZP,07,B2B,572974.85,103135.47,0.0,0.0,0.0,676110.32,NIC-IRP1,ACT,N,,Y
29AABCV1234K1Z9,144322c20140fee9d14682bf480ad543b72918130b78e481984183ecb1e7bfb2,134800959784194,08-11-2024 15:09:00,INV,VPI/KA/24-25/0142,08-11-2024,19AAACB6677K1Z6,19,B2B,2084797.98,375263.64,0.0,0.0,0.0,2460061.62,NIC-IRP1,ACT,N,,Y
29AABCV1234K1Z9,5e8c9111d68189a42f0c7cccb35b0204759b76a05218a14f54d9b25dd7e5802b,184074532064614,25-11-2024 15:54:00,INV,VPI/KA/24-25/0143,25-11-2024,07AAACN8899J1ZP,07,B2B,42153.63,7587.65,0.0,0.0,0.0,49741.28,NIC-IRP1,ACT,N,,Y
29AABCV1234K1Z9,8c328d26574878f0e58fa68615a67e417be3ea5839c56389ba9d655944fdd9d6,180402261305551,16-11-2024 18:21:00,INV,VPI/KA/24-25/0144,16-11-2024,19AAACB6677K1Z6,19,B2B,126842.27,22831.61,0.0,0.0,0.0,149673.88,NIC-IRP1,ACT,N,,Y
29AABCV1234K1Z9,acfb73a4400727768ccaff0759120914d675a68eb73ee58bf23e4762c7289062,182306195405377,22-11-2024 10:48:00,INV,VPI/KA/24-25/0145,22-11-2024,29ADHPG5566Q1ZQ,29,B2B,11709.34,0.0,702.56,702.56,0.0,13114.46,NIC-IRP1,ACT,N,,Y
29AABCV1234K1Z9,9eed9d8cce19fc52d13603706ba58e88867b6b07addca9b64dc51644ed82c2a6,185450331103156,14-11-2024 09:26:00,INV,VPI/KA/24-25/0146,14-11-2024,19AAACB6677K1Z6,19,B2B,31053.17,3726.38,0.0,0.0,0.0,34779.55,NIC-IRP1,ACT,N,,Y
29AABCV1234K1Z9,54eba2929fc8895e9912f14e6a0875466f9e538f2a2a0015387fe06397a44f6a,145801760488542,02-11-2024 19:29:00,INV,VPI/KA/24-25/0147,02-11-2024,07AAACN8899J1ZP,07,B2B,128267.47,23088.14,0.0,0.0,0.0,151355.61,NIC-IRP1,ACT,N,,Y
29AABCV1234K1Z9,b836d3ede0ac267c68c6eee17b57f8a8f8ced9fb3c4221577a71542afdace79e,174130518847745,22-11-2024 17:36:00,INV,VPI/KA/24-25/0148,22-11-2024,29AACCS7712F1ZB,29,B2B,266293.83,0.0,23966.45,23966.44,0.0,314226.72,NIC-IRP1,ACT,N,,Y
29AABCV1234K1Z9,6eaded137a10b5ed3ee2b084c8e206554adcb0b6d8480eda197e802e9a757d2e,135758855386990,17-11-2024 10:11:00,INV,VPI/KA/24-25/0149,17-11-2024,27AAEFS1122H1ZJ,27,B2B,16466.68,2964.0,0.0,0.0,0.0,19430.68,NIC-IRP1,ACT,N,,Y
29AABCV1234K1Z9,9d2dcbce6231f0b4c8586b7971a9cee4823487c93e27eb059d01637805cc88a6,117865047893788,19-11-2024 12:44:00,INV,VPI/KA/24-25/0150,19-11-2024,07AAACN8899J1ZP,07,B2B,43535.33,7836.36,0.0,0.0,0.0,51371.69,NIC-IRP1,ACT,N,,Y
29AABCV1234K1Z9,877ef65489b61b3d2bd5ac24812e3644e874fcf62fbb62107587731fab863f9e,194944313394758,13-11-2024 17:58:00,INV,VPI/KA/24-25/0151,13-11-2024,29AAGFK9012M1ZX,29,B2B,99994.43,0.0,8999.5,8999.5,0.0,117993.43,NIC-IRP1,ACT,N,,Y
29AABCV1234K1Z9,80934fdb161e6d716b2fb409c4fe201a1f862364e5d2ac146326c5b74782e73b,138678828982847,25-11-2024 09:08:00,INV,VPI/KA/24-25/0152,25-11-2024,29AACCS7712F1ZB,29,B2B,717347.68,0.0,64561.29,64561.29,0.0,846470.26,NIC-IRP1,ACT,N,,Y
29AABCV1234K1Z9,11a9646fa95094816d142905a5fbc008372a95fe4ed46a7ddf2ccf06d75bdff6,121637138988226,27-11-2024 14:15:00,INV,VPI/KA/24-25/0153,27-11-2024,29AACCS7712F1ZB,29,B2B,197519.85,0.0,17776.79,17776.78,0.0,233073.42,NIC-IRP1,ACT,N,,Y
29AABCV1234K1Z9,2d1b40d2e41da176564ea97b6f0326d7dac38e48a4d57636d059de78f116e85b,139977281519977,11-11-2024 10:03:00,INV,VPI/KA/24-25/0154,11-11-2024,36AABCD4455L1ZH,36,B2B,13539.34,2437.08,0.0,0.0,0.0,15976.42,NIC-IRP1,ACT,N,,Y
29AABCV1234K1Z9,022750d1c41189246590ffa12da20a9a049b83870c7fcbb9a8c7f905142f5095,144980965037091,25-11-2024 18:48:00,INV,VPI/KA/24-25/0155,25-11-2024,27AAEFS1122H1ZJ,27,B2B,419137.53,75444.76,0.0,0.0,0.0,494582.29,NIC-IRP1,ACT,N,,Y
29AABCV1234K1Z9,df80d93653458940bdf09afb938c581ac1d502521b3dc412fea0222b50d19bf9,172970909847157,03-11-2024 16:54:00,INV,VPI/KA/24-25/0156,03-11-2024,29AAFCQ2233R1ZV,29,SEZWOP,89710.28,0.0,0.0,0.0,0.0,89710.28,NIC-IRP1,ACT,N,,Y
29AABCV1234K1Z9,6763bdff2b64c87950397ec9879b88e26f4733b6a039d8c8a78d089c05d58291,144089435896473,04-11-2024 10:52:00,INV,VPI/KA/24-25/0157,04-11-2024,URP,96,EXPWOP,2696303.25,0.0,0.0,0.0,0.0,2696303.25,NIC-IRP1,ACT,N,,Y
29AABCV1234K1Z9,b109a92efd97203e038ac5892ad268cb6c2bbdb8746a010172abc6d190356b3a,117173360452797,15-11-2024 14:18:00,INV,VPI/KA/24-25/0158,15-11-2024,URP,96,EXPWOP,1425036.83,0.0,0.0,0.0,0.0,1425036.83,NIC-IRP1,ACT,N,,Y
27AABCV1234K1ZD,b1744e4b94ff9e368a70f0e0acfa87f785fcdf9a23aa051d6a10e5396f072343,194517541156659,12-11-2024 18:50:00,INV,VPI/MH/24-25/0043,12-11-2024,29AAFCQ2233R1ZV,29,SEZWOP,200222.04,0.0,0.0,0.0,0.0,200222.04,NIC-IRP1,ACT,N,,Y
27AABCV1234K1ZD,a28e03857219aa90fc669f5c661eff660ea7aee98d91bc9f8e12c2149190d70f,126986759573791,10-11-2024 10:51:00,INV,VPI/MH/24-25/0044,10-11-2024,07AAACN8899J1ZP,07,B2B,26887.4,4839.73,0.0,0.0,0.0,31727.13,NIC-IRP1,ACT,N,,Y
27AABCV1234K1ZD,fb9bd9d637f4c04561173eb4249c3145faabacdf40183cc962944ea3ebcf7c79,129777793876770,16-11-2024 10:04:00,INV,VPI/MH/24-25/0045,16-11-2024,29AAFCQ2233R1ZV,29,SEZWOP,574722.65,0.0,0.0,0.0,0.0,574722.65,NIC-IRP1,ACT,N,,Y
27AABCV1234K1ZD,07002ce1b1ddbcd2648cac04df10d9dda349d9dc6e5a2b81f9aff83ed28d4e44,197186583863451,21-11-2024 19:45:00,INV,VPI/MH/24-25/0046,21-11-2024,29AAGFK9012M1ZX,29,B2B,1217991.86,219238.53,0.0,0.0,0.0,1437230.39,NIC-IRP1,ACT,N,,Y
27AABCV1234K1ZD,e6312a3d9f0c10f938fd3427b0f1fd29377ba7acb2a8978f0ae6feb8795cd856,199306479184071,06-11-2024 15:58:00,INV,VPI/MH/24-25/0047,06-11-2024,27AAEFS1122H1ZJ,27,B2B,125268.69,0.0,11274.18,11274.18,0.0,147817.05,NIC-IRP1,ACT,N,,Y
27AABCV1234K1ZD,ab62e0b62195cf1a038d7b23dc982dd8c3abd4c2fc28264dccf1507e01138506,128132132243374,10-11-2024 09:40:00,INV,VPI/MH/24-25/0048,10-11-2024,29AACCS7712F1ZB,29,B2B,75314.86,9037.78,0.0,0.0,0.0,84352.64,NIC-IRP1,ACT,N,,Y
33AABCV1234K1ZK,8b76a2f15acb704c7c1fc03ba420b3981367fc60fb472a792ae87323efbe3104,179883886462305,26-11-2024 19:35:00,INV,VPI/TN/24-25/0007,26-11-2024,07AAACN8899J1ZP,07,B2B,74904.66,13482.84,0.0,0.0,0.0,88387.5,NIC-IRP1,ACT,N,,Y
33AABCV1234K1ZK,a24831e9b9606c331471ad3c8ec730cfbfc1b9e285ab9e674da88d0bb3999e92,125817536448447,19-11-2024 15:41:00,INV,VPI/TN/24-25/0008,19-11-2024,29ADHPG5566Q1ZQ,29,B2B,527222.09,94899.98,0.0,0.0,0.0,622122.07,NIC-IRP1,ACT,N,,Y
33AABCV1234K1ZK,8c91b85ddcf877ed9d347410d5f1f405ef9037b7e4b573473382f9910aa9a6ba,131697146682587,16-11-2024 16:21:00,INV,VPI/TN/24-25/0009,16-11-2024,29AACCS7712F1ZB,29,B2B,198186.46,35673.56,0.0,0.0,0.0,233860.02,NIC-IRP1,ACT,N,,Y
29AABCV1234K1Z9,9aad2a059e533736354359e7623dc135458975ddefddea361199393800ab5bce,191331388936740,07-12-2024 14:52:00,INV,VPI/KA/24-25/0161,07-12-2024,36AABCD4455L1ZH,36,B2B,582783.15,104900.97,0.0,0.0,0.0,687684.12,NIC-IRP1,ACT,N,,Y
29AABCV1234K1Z9,4e9948cc1481188051d5611625a8d76ed4d57ac11a386c36ccf30ae5703849a8,143453276231138,09-12-2024 18:46:00,INV,VPI/KA/24-25/0162,09-12-2024,29AAGFK9012M1ZX,29,B2B,6826.51,0.0,409.59,409.59,0.0,7645.69,NIC-IRP1,ACT,N,,Y
29AABCV1234K1Z9,cddfd3dfc52a748edebfd126fe50cfb9aa4557440a180da612d97b3343713a6e,135658770371085,03-12-2024 14:36:00,INV,VPI/KA/24-25/0163,03-12-2024,29AACCS7712F1ZB,29,B2B,15530.7,0.0,931.84,931.84,0.0,17394.38,NIC-IRP1,ACT,N,,Y
29AABCV1234K1Z9,7041a4cde36806407bb6d77cb2c26623e0a731905d58918452b80272c5f758de,145346468550145,11-12-2024 19:28:00,INV,VPI/KA/24-25/0164,11-12-2024,27AAEFS1122H1ZJ,27,B2B,426429.1,76757.24,0.0,0.0,0.0,503186.34,NIC-IRP1,ACT,N,,Y
29AABCV1234K1Z9,83b800eb598a72ca644fe55b194edef3e75aedb256918984bb0ffb91e71b1036,198860928448069,12-12-2024 19:02:00,INV,VPI/KA/24-25/0165,12-12-2024,36AABCD4455L1ZH,36,B2B,264543.83,47617.89,0.0,0.0,0.0,312161.72,NIC-IRP1,ACT,N,,Y
29AABCV1234K1Z9,c28feda8f543c41b9072c06bcdc79c6cbbb5f6d245826f93546a19cfb0d08647,135692657187894,07-12-2024 12:12:00,INV,VPI/KA/24-25/0166,07-12-2024,29AAAGK3344N1Z0,29,B2B,80931.5,0.0,7283.84,7283.83,0.0,95499.17,NIC-IRP1,ACT,N,,Y
29AABCV1234K1Z9,ec4cd8b4f0becd8837188f5752f32ef52e03db7ff43d136eefad5e10147269b8,188212759932804,30-12-2024 16:30:00,INV,VPI/KA/24-25/0167,30-12-2024,29AAFCQ2233R1ZV,29,SEZWOP,503455.64,0.0,0.0,0.0,0.0,503455.64,NIC-IRP1,ACT,N,,Y
29AABCV1234K1Z9,3cc9fcd1b432dfe0a248d38ee6777e62acf913f6e3f4ab44ca6af046fbae37cd,159913019417801,10-12-2024 17:18:00,INV,VPI/KA/24-25/0168,10-12-2024,36AABCD4455L1ZH,36,B2B,280758.77,50536.58,0.0,0.0,0.0,331295.35,NIC-IRP1,ACT,N,,Y
29AABCV1234K1Z9,67f6ede9bd91cfbb8eee80eaa9db57b831ef1154ce12143a0a12205916166fb9,144434562735507,06-12-2024 13:16:00,INV,VPI/KA/24-25/0169,06-12-2024,19AAACB6677K1Z6,19,B2B,205877.25,37057.91,0.0,0.0,0.0,242935.16,NIC-IRP1,ACT,N,,Y
29AABCV1234K1Z9,f3a0c13f852875ce1d250c58063f48e26631dced32e6d15115d211e8bd4e0fdd,193928842874714,31-12-2024 15:21:00,INV,VPI/KA/24-25/0170,31-12-2024,07AAACN8899J1ZP,07,B2B,402175.11,72391.52,0.0,0.0,0.0,474566.63,NIC-IRP1,ACT,N,,Y
29AABCV1234K1Z9,63f65a817f11493658d1f73c9d064a02b7060ece8c6f025a65b232255d918e57,112529440338245,21-12-2024 19:21:00,INV,VPI/KA/24-25/0171,21-12-2024,07AAACN8899J1ZP,07,B2B,7892.65,947.12,0.0,0.0,0.0,8839.77,NIC-IRP1,ACT,N,,Y
29AABCV1234K1Z9,fe4b4111de1b503bf2c90d05b5e0753999e96ca9b0da55a503d7bca25a4d94ae,142625943399534,05-12-2024 17:11:00,INV,VPI/KA/24-25/0172,05-12-2024,36AABCD4455L1ZH,36,B2B,70270.05,12648.61,0.0,0.0,0.0,82918.66,NIC-IRP1,ACT,N,,Y
29AABCV1234K1Z9,29d8b4da8e6f2c1ac9891643094ebf02909abe57cb7813f876daeb65842ae94d,193682091770151,05-12-2024 10:26:00,INV,VPI/KA/24-25/0173,05-12-2024,36AABCD4455L1ZH,36,B2B,600627.54,108112.96,0.0,0.0,0.0,708740.5,NIC-IRP1,ACT,N,,Y
29AABCV1234K1Z9,441b1e7313d08d1e79c77768248712461472a36853d99e0aee48539980f70878,192947760446573,06-12-2024 17:44:00,INV,VPI/KA/24-25/0174,06-12-2024,07AAACN8899J1ZP,07,B2B,305607.89,55009.42,0.0,0.0,0.0,360617.31,NIC-IRP1,ACT,N,,Y
29AABCV1234K1Z9,ecaaed15bf1ea69160ac0e75a733172f025ff8fba8e5f1faf7fa0ab92d406fea,145452098541580,18-12-2024 17:31:00,INV,VPI/KA/24-25/0175,18-12-2024,29ADHPG5566Q1ZQ,29,B2B,42216.13,0.0,3799.45,3799.45,0.0,49815.03,NIC-IRP1,ACT,N,,Y
29AABCV1234K1Z9,59f1f069758697065a396673b5037ce8b09a810f6cc2c59fd01dcb4be9f1c461,115074611877791,10-12-2024 12:49:00,INV,VPI/KA/24-25/0176,10-12-2024,29AACCS7712F1ZB,29,B2B,734987.19,0.0,66148.85,66148.84,0.0,867284.88,NIC-IRP1,ACT,N,,Y
29AABCV1234K1Z9,f20da8b0f5cd98bf5d9ee13495379556c181285598e223bebfe3f4726e35f04c,161555504280643,11-12-2024 09:53:00,INV,VPI/KA/24-25/0177,11-12-2024,URP,96,EXPWOP,1169703.57,0.0,0.0,0.0,0.0,1169703.57,NIC-IRP1,ACT,N,,Y
29AABCV1234K1Z9,64e63b923c0623cb594bb81c5ea09ea25155d829ae4a797737570c556b317e55,145253558818334,18-12-2024 12:27:00,INV,VPI/KA/24-25/0178,18-12-2024,URP,96,EXPWOP,2272711.06,0.0,0.0,0.0,0.0,2272711.06,NIC-IRP1,ACT,N,,Y
27AABCV1234K1ZD,43876c6b7caaeb5feaf8cc0d9ba45cf5df08d88afd40efd698b197fb3581d1bb,129564779001775,09-12-2024 11:29:00,INV,VPI/MH/24-25/0049,09-12-2024,29AACCS7712F1ZB,29,B2B,280462.85,50483.31,0.0,0.0,0.0,330946.16,NIC-IRP1,ACT,N,,Y
27AABCV1234K1ZD,894bad10b6099c4b09f1195a2ea92304eae91a39baa56ea5d9005d47bcb75056,165566299556609,19-12-2024 19:50:00,INV,VPI/MH/24-25/0050,19-12-2024,27AAEFS1122H1ZJ,27,B2B,642783.72,0.0,57850.54,57850.53,0.0,758484.79,NIC-IRP1,ACT,N,,Y
27AABCV1234K1ZD,a434643fdc52fbf88a8352adc57b28c8a4c0ba0e28190152596c6f4534a580d4,119326673084385,04-12-2024 18:43:00,INV,VPI/MH/24-25/0051,04-12-2024,29AACCS7712F1ZB,29,B2B,605603.58,109008.64,0.0,0.0,0.0,714612.22,NIC-IRP1,ACT,N,,Y
27AABCV1234K1ZD,d40bb80b599cb7bcf26d8ad3ab41774c85b65be2eefe7bc35158406843cc584c,150599513314565,19-12-2024 17:06:00,INV,VPI/MH/24-25/0052,19-12-2024,19AAACB6677K1Z6,19,B2B,754997.09,135899.48,0.0,0.0,0.0,890896.57,NIC-IRP1,ACT,N,,Y
27AABCV1234K1ZD,ba1d62efcb734a16d11a6b572cd775a3c2da8af274e194dadadfd5a9886bc568,110561437119999,13-12-2024 11:36:00,INV,VPI/MH/24-25/0053,13-12-2024,36AABCD4455L1ZH,36,B2B,389357.39,70084.33,0.0,0.0,0.0,459441.72,NIC-IRP1,ACT,N,,Y
27AABCV1234K1ZD,b99acc9d78f54da3b061ebac38eb9dff3c52cdf6131dd25fc150cd3ab2c9dd59,121160456746447,20-12-2024 11:56:00,INV,VPI/MH/24-25/0054,20-12-2024,29AAGFK9012M1ZX,29,B2B,136134.58,24504.22,0.0,0.0,0.0,160638.8,NIC-IRP1,ACT,N,,Y
33AABCV1234K1ZK,13eddfbf1d24455fd0127fcfa6b2bfdf4221082fe1cc173d5fce2c2b0b047ba9,147281872085345,13-12-2024 12:01:00,INV,VPI/TN/24-25/0010,13-12-2024,29AAFCQ2233R1ZV,29,SEZWOP,590834.15,0.0,0.0,0.0,0.0,590834.15,NIC-IRP1,ACT,N,,Y
33AABCV1234K1ZK,f406645e55740cf1d71be9b3d28f5915d9c16cb59b4d1ab7fad18f876d7d7694,179324933595577,06-12-2024 13:50:00,INV,VPI/TN/24-25/0011,06-12-2024,29AAFCQ2233R1ZV,29,SEZWOP,2204.11,0.0,0.0,0.0,0.0,2204.11,NIC-IRP1,ACT,N,,Y
33AABCV1234K1ZK,480c68f12095c05f071013190200a43f5586350ce02256ddaa6f0883aa56d3f1,167963280427498,29-12-2024 10:14:00,INV,VPI/TN/24-25/0012,29-12-2024,29AACCS7712F1ZB,29,B2B,161153.13,29007.56,0.0,0.0,0.0,190160.69,NIC-IRP1,ACT,N,,Y
29AABCV1234K1Z9,c419648a4e3cbf3b41362a32845bd528192fe4f1a4ee691eeba8caf4000cd6fd,186747953505892,03-01-2025 11:12:00,INV,VPI/KA/24-25/0181,03-01-2025,19AAACB6677K1Z6,19,B2B,203993.41,36718.81,0.0,0.0,0.0,240712.22,NIC-IRP1,ACT,N,,Y
29AABCV1234K1Z9,99d46892dd643131a126cb262594978933367b05e4ab065acf1b3cd0fd74fd52,189120337014060,21-01-2025 18:26:00,INV,VPI/KA/24-25/0182,21-01-2025,29AACCS7712F1ZB,29,B2B,184609.8,0.0,16614.88,16614.88,0.0,217839.56,NIC-IRP1,ACT,N,,Y
29AABCV1234K1Z9,424a9fae7ba6d8dfb76857b984ad54b0d624de5b31b50da2324742a8e8c4ef51,196937422542435,13-01-2025 19:56:00,INV,VPI/KA/24-25/0183,13-01-2025,19AAACB6677K1Z6,19,B2B,54918.45,9885.32,0.0,0.0,0.0,64803.77,NIC-IRP1,ACT,N,,Y
29AABCV1234K1Z9,2be1b969c62f6e0561558b8b4d7bebc5a5c6d70776700e84a2a2f5ee1c9b596d,134747537318623,27-01-2025 19:21:00,INV,VPI/KA/24-25/0184,27-01-2025,07AAACN8899J1ZP,07,B2B,1065326.24,191758.72,0.0,0.0,0.0,1257084.96,NIC-IRP1,ACT,N,,Y
29AABCV1234K1Z9,8b7924c315ff7e22f1bdc7dde7ef360587e2805221c3829f15931931bbdb2512,126005941191410,12-01-2025 15:31:00,INV,VPI/KA/24-25/0185,12-01-2025,27AAEFS1122H1ZJ,27,B2B,44285.99,5314.32,0.0,0.0,0.0,49600.31,NIC-IRP1,ACT,N,,Y
29AABCV1234K1Z9,ebce7f06614abe6fa92fa94da0188a8c4eb83c1ddc63474646bec32406d1e34e,161578201843936,17-01-2025 12:56:00,INV,VPI/KA/24-25/0186,17-01-2025,29ADHPG5566Q1ZQ,29,B2B,1265586.73,0.0,113902.81,113902.8,0.0,1493392.34,NIC-IRP1,ACT,N,,Y
29AABCV1234K1Z9,d6f962326283991f471d9b9fc87a889dd47d15cea64a8f6959abee308aaa569f,123219316342236,16-01-2025 15:32:00,INV,VPI/KA/24-25/0187,16-01-2025,27AAEFS1122H1ZJ,27,B2B,333752.63,60075.47,0.0,0.0,0.0,393828.1,NIC-IRP1,ACT,N,,Y
29AABCV1234K1Z9,eef2d4496aab34d14b3689615e00f63a4da983b3052cbb518c7352131ec9e0d2,177355534390634,14-01-2025 09:17:00,INV,VPI/KA/24-25/0188,14-01-2025,29ADHPG5566Q1ZQ,29,B2B,589292.14,0.0,53036.3,53036.29,0.0,695364.73,NIC-IRP1,ACT,N,,Y
29AABCV1234K1Z9,78fd54a10e93e822629987bf64aa959afe53ae9ad0beebd9d26819de9bf2a34b,195100447895824,03-01-2025 14:55:00,INV,VPI/KA/24-25/0189,03-01-2025,29AACCS7712F1ZB,29,B2B,31458.32,0.0,2831.25,2831.25,0.0,37120.82,NIC-IRP1,ACT,N,,Y
29AABCV1234K1Z9,97f1e9f3438ab4b643405ecf7a97f67d9946b104be3b1192bec8d5a07844ea45,135167297565698,01-01-2025 18:31:00,INV,VPI/KA/24-25/0190,01-01-2025,29AACCS7712F1ZB,29,B2B,345025.63,0.0,31052.31,31052.3,0.0,407130.24,NIC-IRP1,ACT,N,,Y
29AABCV1234K1Z9,591adda11b0f8e0cb6327edca12fc06d785053bb42ec0c20e2e0e2e933ca80da,193501336515743,22-01-2025 14:08:00,INV,VPI/KA/24-25/0191,22-01-2025,36AABCD4455L1ZH,36,B2B,65154.28,11727.77,0.0,0.0,0.0,76882.05,NIC-IRP1,ACT,N,,Y
29AABCV1234K1Z9,ff7a13151bd21c54c54bc43bf90851609af5324cbc42b69d2f687eb3dff44783,196368146357280,14-01-2025 10:19:00,INV,VPI/KA/24-25/0192,14-01-2025,29ADHPG5566Q1ZQ,29,B2B,326778.86,0.0,29410.1,29410.09,0.0,385599.05,NIC-IRP1,ACT,N,,Y
29AABCV1234K1Z9,7a9f70b33985b7030ef945103aca85e8b40e7f85a35778f7b61eaf2bd06ab205,186796373631493,18-01-2025 17:35:00,INV,VPI/KA/24-25/0193,18-01-2025,29AAAGK3344N1Z0,29,B2B,1386461.19,0.0,124781.51,124781.5,0.0,1636024.2,NIC-IRP1,ACT,N,,Y
29AABCV1234K1Z9,ea18df8552d748d5860ecbfd6945be58e90bbe5fcd91f56bc09afc0439ec3a84,176923158288863,20-01-2025 15:47:00,INV,VPI/KA/24-25/0194,20-01-2025,27AAEFS1122H1ZJ,27,B2B,14467.18,2604.09,0.0,0.0,0.0,17071.27,NIC-IRP1,ACT,N,,Y
29AABCV1234K1Z9,067eb9473c880d988e6551bcd32e4b09494770f7d25466d874e46784349d4f31,183104147383828,16-01-2025 13:19:00,INV,VPI/KA/24-25/0195,16-01-2025,27AAEFS1122H1ZJ,27,B2B,30660.84,5518.95,0.0,0.0,0.0,36179.79,NIC-IRP1,ACT,N,,Y
29AABCV1234K1Z9,cc8d7e3dcdc9026f10ad81d16c403427bb4dbc058a0e18e368d2da469832757a,176688146832413,20-01-2025 10:34:00,INV,VPI/KA/24-25/0196,20-01-2025,07AAACN8899J1ZP,07,B2B,7122.24,854.67,0.0,0.0,0.0,7976.91,NIC-IRP1,ACT,N,,Y
29AABCV1234K1Z9,c4c140af01f6420e5bdeedfdf9d108e98bcb011a10e45d6895b31744db707879,155648521117115,13-01-2025 09:14:00,INV,VPI/KA/24-25/0197,13-01-2025,URP,96,EXPWOP,999181.47,0.0,0.0,0.0,0.0,999181.47,NIC-IRP1,ACT,N,,Y
29AABCV1234K1Z9,ec086807fc11773166880799686ff0ebcf3307214e1bd93e735b652360313c28,141885251581255,14-01-2025 18:46:00,INV,VPI/KA/24-25/0198,14-01-2025,URP,96,EXPWOP,1389538.73,0.0,0.0,0.0,0.0,1389538.73,NIC-IRP1,ACT,N,,Y
27AABCV1234K1ZD,649ff4a52e8d7036adf11d03f8db8dc8d18614236e8d87a8cfa984643cc3260f,155145551652428,01-01-2025 16:16:00,INV,VPI/MH/24-25/0055,01-01-2025,29AACCS7712F1ZB,29,B2B,317846.3,57212.33,0.0,0.0,0.0,375058.63,NIC-IRP1,ACT,N,,Y
27AABCV1234K1ZD,54dbd3edc37439141ebf5fa81639fdc99ad4adf3e335820d2d54c8c7ef82c92f,186487828829775,12-01-2025 16:23:00,INV,VPI/MH/24-25/0056,12-01-2025,07AAACN8899J1ZP,07,B2B,119385.95,14326.31,0.0,0.0,0.0,133712.26,NIC-IRP1,ACT,N,,Y
27AABCV1234K1ZD,ff4b3771416d3d2ecef4d040258d5d4226f76c75e257f362874fc0cbd53a725b,182744112047799,27-01-2025 16:52:00,INV,VPI/MH/24-25/0057,27-01-2025,29AAGFK9012M1ZX,29,B2B,502461.45,90443.06,0.0,0.0,0.0,592904.51,NIC-IRP1,ACT,N,,Y
27AABCV1234K1ZD,aed334d7efa8d29d31caa81654fa9efc2897c95e0496378813854a21f45ade7b,162933613621491,21-01-2025 14:34:00,INV,VPI/MH/24-25/0058,21-01-2025,29AACCS7712F1ZB,29,B2B,140659.16,25318.65,0.0,0.0,0.0,165977.81,NIC-IRP1,ACT,N,,Y
27AABCV1234K1ZD,25846f1add5119c872363150827b2de397577e589469cd59b79ed15c09903bc0,150052386655892,06-01-2025 19:09:00,INV,VPI/MH/24-25/0059,06-01-2025,29ADHPG5566Q1ZQ,29,B2B,136838.51,24630.93,0.0,0.0,0.0,161469.44,NIC-IRP1,ACT,N,,Y
27AABCV1234K1ZD,95971600519809d7055afbc715cbc7827eb256b6a0554aad147158362a8216d2,182179422636988,16-01-2025 14:10:00,INV,VPI/MH/24-25/0060,16-01-2025,36AABCD4455L1ZH,36,B2B,218537.3,39336.71,0.0,0.0,0.0,257874.01,NIC-IRP1,ACT,N,,Y
33AABCV1234K1ZK,5e5900891771fd9cef1207bd2f20991e3a9a447f1e5ae598f06551fdea96de5c,154880242794672,20-01-2025 19:25:00,INV,VPI/TN/24-25/0013,20-01-2025,36AABCD4455L1ZH,36,B2B,33847.3,6092.51,0.0,0.0,0.0,39939.81,NIC-IRP1,ACT,N,,Y
33AABCV1234K1ZK,2678c5fe793a5a7bea3b57bbb536c46a5e61013058367fc30a83dbb0147b2bc5,196701458603254,15-01-2025 16:32:00,INV,VPI/TN/24-25/0014,15-01-2025,07AAACN8899J1ZP,07,B2B,174221.59,31359.89,0.0,0.0,0.0,205581.48,NIC-IRP1,ACT,N,,Y
33AABCV1234K1ZK,2e1bf63b8cbabbcc2a199f6289e474d45591b0641bb4ec1563ef639ecf12b5e5,126439859742607,25-01-2025 17:25:00,INV,VPI/TN/24-25/0015,25-01-2025,27AAEFS1122H1ZJ,27,B2B,636700.24,114606.04,0.0,0.0,0.0,751306.28,NIC-IRP1,ACT,N,,Y
29AABCV1234K1Z9,fbb680c89542cbac240c5856950663d697756079b452318b424c6112978c3330,123588896833123,27-02-2025 09:04:00,INV,VPI/KA/24-25/0201,27-02-2025,29AACCS7712F1ZB,29,B2B,490461.95,0.0,44141.58,44141.57,0.0,578745.1,NIC-IRP1,ACT,N,,Y
29AABCV1234K1Z9,d82a46a1a9d18014789bba139372b4aca343566193173eef437da160101ae6d4,155699404456203,25-02-2025 12:30:00,INV,VPI/KA/24-25/0202,25-02-2025,27AAEFS1122H1ZJ,27,B2B,93775.18,16879.53,0.0,0.0,0.0,110654.71,NIC-IRP1,ACT,N,,Y
29AABCV1234K1Z9,947edf20c9a4bdfa01f2972e8f4d15d16c7e26167c88c2d42438ccdece5fe950,141313692711576,06-02-2025 12:03:00,INV,VPI/KA/24-25/0203,06-02-2025,27AAEFS1122H1ZJ,27,B2B,327448.94,58940.81,0.0,0.0,0.0,386389.75,NIC-IRP1,ACT,N,,Y
29AABCV1234K1Z9,110a20f7093d3d2f972503eec4b2925a0924967932ebffa7c3acfb9b1cc48c9d,148661712109943,12-02-2025 09:15:00,INV,VPI/KA/24-25/0204,12-02-2025,29AAGFK9012M1ZX,29,B2B,295098.41,0.0,26558.86,26558.85,0.0,348216.12,NIC-IRP1,ACT,N,,Y
29AABCV1234K1Z9,035e206984b7b665c6856d53122254abc1d19b009be94828b49deca642f8e740,192892342717056,28-02-2025 16:16:00,INV,VPI/KA/24-25/0205,28-02-2025,36AABCD4455L1ZH,36,B2B,47945.51,8630.19,0.0,0.0,0.0,56575.7,NIC-IRP1,ACT,N,,Y
29AABCV1234K1Z9,9e9d8dd151cc8fafb89f132ad41865de0a9d27961e04dcb64d53842c3d15f980,171696630963709,02-02-2025 13:56:00,INV,VPI/KA/24-25/0206,02-02-2025,29AACCS7712F1ZB,29,B2B,28321.33,0.0,2548.92,2548.92,0.0,33419.17,NIC-IRP1,ACT,N,,Y
29AABCV1234K1Z9,19e3552484a4c86cc451b6a4115da6b0f65ec9ddc4384c1507bcf4addcebdf5a,114893513834652,06-02-2025 10:58:00,INV,VPI/KA/24-25/0207,06-02-2025,29AACCS7712F1ZB,29,B2B,239556.44,0.0,21560.08,21560.08,0.0,282676.6,NIC-IRP1,ACT,N,,Y
29AABCV1234K1Z9,d8ade335e5a4062ad814baedfd8f73928798f044929f119fd0e315055f9a00d1,179484180607217,06-02-2025 11:36:00,INV,VPI/KA/24-25/0208,06-02-2025,07AAACN8899J1ZP,07,B2B,115751.87,20835.34,0.0,0.0,0.0,136587.21,NIC-IRP1,ACT,N,,Y
29AABCV1234K1Z9,6397d3ea65fb8eba4342fcfa4a935f85c54a7044dc523ee66f8919fe922046e8,177355454609148,20-02-2025 11:53:00,INV,VPI/KA/24-25/0209,20-02-2025,29AACCS7712F1ZB,29,B2B,39664.68,0.0,3569.82,3569.82,0.0,46804.32,NIC-IRP1,ACT,N,,Y
29AABCV1234K1Z9,4e3f02ec7b0bcc462a83180d1af41224791f685bd992cf8458e23ac838a22a46,197708106290364,19-02-2025 15:44:00,INV,VPI/KA/24-25/0210,19-02-2025,29AACCS7712F1ZB,29,B2B,72440.09,0.0,6519.61,6519.61,0.0,85479.31,NIC-IRP1,ACT,N,,Y
29AABCV1234K1Z9,331786055e25b4840d1310e434936fca64959d994d6ad47954cd268fcfa62028,139002836739523,17-02-2025 17:02:00,INV,VPI/KA/24-25/0211,17-02-2025,29AACCS7712F1ZB,29,B2B,664849.69,0.0,59836.47,59836.47,0.0,784522.63,NIC-IRP1,ACT,N,,Y
29AABCV1234K1Z9,230b466980f66af339c3d14ee96c9b27bc18f807e15e8829f23992e71cbc3b1d,185931409684954,25-02-2025 18:10:00,INV,VPI/KA/24-25/0212,25-02-2025,29AACCS7712F1ZB,29,B2B,98035.36,0.0,8823.18,8823.18,0.0,115681.72,NIC-IRP1,ACT,N,,Y
29AABCV1234K1Z9,f6a87773fee46e69c24f19b88ca4871873b0bdd8ba9e973be2fab3e5ef863131,169057073984573,17-02-2025 13:32:00,INV,VPI/KA/24-25/0213,17-02-2025,29ADHPG5566Q1ZQ,29,B2B,265707.76,0.0,23913.7,23913.7,0.0,313535.16,NIC-IRP1,ACT,N,,Y
29AABCV1234K1Z9,2cf15183316406bcf4d5cc9628361f4d63f09b5b205f357bb9c1e2679ef233d8,119350894594854,18-02-2025 19:14:00,INV,VPI/KA/24-25/0214,18-02-2025,07AAACN8899J1ZP,07,B2B,326362.51,58745.25,0.0,0.0,0.0,385107.76,NIC-IRP1,ACT,N,,Y
29AABCV1234K1Z9,d4000cd97aee87b2d59d9bf923f0ce255457ddc5fa9056f6976eb140eff879ea,179954767284456,05-02-2025 15:14:00,INV,VPI/KA/24-25/0215,05-02-2025,27AAEFS1122H1ZJ,27,B2B,1043457.8,187822.4,0.0,0.0,0.0,1231280.2,NIC-IRP1,ACT,N,,Y
29AABCV1234K1Z9,880c13c2eaa210b485c50f128cc44330ae87deb30e2301d30ee7a7dc3f65777c,177384386790399,12-02-2025 18:40:00,INV,VPI/KA/24-25/0216,12-02-2025,29AACCS7712F1ZB,29,B2B,84519.14,0.0,7606.73,7606.72,0.0,99732.59,NIC-IRP1,ACT,N,,Y
29AABCV1234K1Z9,56cd9b6248119049420400fac8485ff08e0b5180c3f1c32422f3857b6359fe60,154841041061927,17-02-2025 16:56:00,INV,VPI/KA/24-25/0217,17-02-2025,URP,96,EXPWOP,1634689.72,0.0,0.0,0.0,0.0,1634689.72,NIC-IRP1,ACT,N,,Y
29AABCV1234K1Z9,bf4127c5dc7235b667706836b5db03b2452f066da2685b80e0db84c8a188c0cd,133471298840572,08-02-2025 13:35:00,INV,VPI/KA/24-25/0218,08-02-2025,URP,96,EXPWOP,2497400.88,0.0,0.0,0.0,0.0,2497400.88,NIC-IRP1,ACT,N,,Y
27AABCV1234K1ZD,9c6d1c1544a936cdb078bb3797dae88866e7146c9e8b3449405d9da67878335a,158590165158822,14-02-2025 19:46:00,INV,VPI/MH/24-25/0061,14-02-2025,29AACCS7712F1ZB,29,B2B,709454.25,127701.77,0.0,0.0,0.0,837156.02,NIC-IRP1,ACT,N,,Y
27AABCV1234K1ZD,11c5a4ff17fea409240b85ba9f0fec2d4d871fa6571e29b79bebc27754ae666a,182651463813430,22-02-2025 13:40:00,INV,VPI/MH/24-25/0062,22-02-2025,07AAACN8899J1ZP,07,B2B,82115.56,14780.8,0.0,0.0,0.0,96896.36,NIC-IRP1,ACT,N,,Y
27AABCV1234K1ZD,dc9137436e01e331140d16c13f7a99d93020d2dc982277c47e98a01a6bdee3e6,137799614488547,26-02-2025 13:32:00,INV,VPI/MH/24-25/0063,26-02-2025,27AAEFS1122H1ZJ,27,B2B,38491.67,0.0,2309.5,2309.5,0.0,43110.67,NIC-IRP1,ACT,N,,Y
27AABCV1234K1ZD,86d34305c373f2808dc92ed611cccfc836a945b86cb47c816c4040dc37c2337b,168704442275597,12-02-2025 17:30:00,INV,VPI/MH/24-25/0064,12-02-2025,27AAEFS1122H1ZJ,27,B2B,720883.15,0.0,64879.49,64879.48,0.0,850642.12,NIC-IRP1,ACT,N,,Y
27AABCV1234K1ZD,44aae52c43568bfc2af799125ae16097548c3644bef94f64ffc3194968c45c74,119911194127857,23-02-2025 09:26:00,INV,VPI/MH/24-25/0065,23-02-2025,07AAACN8899J1ZP,07,B2B,459035.59,82626.41,0.0,0.0,0.0,541662.0,NIC-IRP1,ACT,N,,Y
27AABCV1234K1ZD,29defa28836bb5a66a9012dfcc32481b973e7846a8dbeceb531dea2338680d3b,172730688292609,28-02-2025 16:05:00,INV,VPI/MH/24-25/0066,28-02-2025,27AAEFS1122H1ZJ,27,B2B,610612.25,0.0,54955.11,54955.1,0.0,720522.46,NIC-IRP1,ACT,N,,Y
33AABCV1234K1ZK,b0ebcc057bdf0dde8d9ea8b6ba91f1a6b0f22650a19c2f632f395655d5e6c3c7,141473348729359,16-02-2025 14:25:00,INV,VPI/TN/24-25/0016,16-02-2025,29AACCS7712F1ZB,29,B2B,622105.37,111978.97,0.0,0.0,0.0,734084.34,NIC-IRP1,ACT,N,,Y
33AABCV1234K1ZK,5a52fa31e3bde8f9c83c097652b78a85fa995da2f06a97ce37eadce4b5665207,142007325769029,01-02-2025 13:01:00,INV,VPI/TN/24-25/0017,01-02-2025,36AABCD4455L1ZH,36,B2B,107085.68,19275.42,0.0,0.0,0.0,126361.1,NIC-IRP1,ACT,N,,Y
33AABCV1234K1ZK,b8d3b8ac665c6e46fea53674d549902b01bf7ca9ad3a33baf3112751b582b50b,157845874300730,15-02-2025 09:39:00,INV,VPI/TN/24-25/0018,15-02-2025,29AAGFK9012M1ZX,29,B2B,11493.9,1379.27,0.0,0.0,0.0,12873.17,NIC-IRP1,ACT,N,,Y
29AABCV1234K1Z9,a7cf5cbe1304ffaf38d196d9e31a84f33798b085227bbf6c65cb8d94fa019fdf,179319900858461,16-03-2025 12:13:00,INV,VPI/KA/24-25/0221,16-03-2025,29AAGFK9012M1ZX,29,B2B,1659866.98,0.0,149388.03,149388.03,0.0,1958643.04,NIC-IRP1,ACT,N,,Y
29AABCV1234K1Z9,6fdd0c1f745ffe00a93982bf624484d1bd2921efb69edd7c48ff18d8f2bc76a4,141295835162752,05-03-2025 18:47:00,INV,VPI/KA/24-25/0222,05-03-2025,07AAACN8899J1ZP,07,B2B,189366.95,34086.05,0.0,0.0,0.0,223453.0,NIC-IRP1,ACT,N,,Y
29AABCV1234K1Z9,00c39260e8a2a098da783dfcfa143e449dd09df5949d80b7d9c360fa15e1d6d3,119688569081929,30-03-2025 17:37:00,INV,VPI/KA/24-25/0223,30-03-2025,19AAACB6677K1Z6,19,B2B,8562.9,1027.55,0.0,0.0,0.0,9590.45,NIC-IRP1,ACT,N,,Y
29AABCV1234K1Z9,042f45b3c5687aa94b16a4578c35a74b057bad25b246c85062b8d932529b126d,177213467160171,17-03-2025 13:32:00,INV,VPI/KA/24-25/0224,17-03-2025,27AAEFS1122H1ZJ,27,B2B,125576.71,22603.81,0.0,0.0,0.0,148180.52,NIC-IRP1,ACT,N,,Y
29AABCV1234K1Z9,31845d461e69af34cd180e371acc526cf1fee62ff2339f225925257a4709af6e,132546931378537,03-03-2025 12:42:00,INV,VPI/KA/24-25/0225,03-03-2025,29AACCS7712F1ZB,29,B2B,158367.39,0.0,14253.07,14253.06,0.0,186873.52,NIC-IRP1,ACT,N,,Y
29AABCV1234K1Z9,c6367f9c38b789e53a8bb6bdd387fcbe644cbb08e93d5cf34c347ecdb0a1ed7b,161260640084417,04-03-2025 11:08:00,INV,VPI/KA/24-25/0226,04-03-2025,29AAFCQ2233R1ZV,29,SEZWOP,45543.73,0.0,0.0,0.0,0.0,45543.73,NIC-IRP1,ACT,N,,Y
29AABCV1234K1Z9,8909771ef88a2b566fc7988c7b588a7ab53978be575e98b973fb71448727b627,156086514970758,05-03-2025 09:32:00,INV,VPI/KA/24-25/0227,05-03-2025,19AAACB6677K1Z6,19,B2B,2068334.63,372300.23,0.0,0.0,0.0,2440634.86,NIC-IRP1,ACT,N,,Y
29AABCV1234K1Z9,3352a2cd6318286d0544b04ca310656ee6b73cf9fde3a3bde3586a3c7045416f,123568336425518,16-03-2025 14:54:00,INV,VPI/KA/24-25/0228,16-03-2025,29AACCS7712F1ZB,29,B2B,61373.71,0.0,5523.64,5523.63,0.0,72420.98,NIC-IRP1,ACT,N,,Y
29AABCV1234K1Z9,f7506fa233ca0c8b0d284e296a4a1e3342648c8c96e948ee04cc00b74b1271ce,192088154307482,10-03-2025 11:23:00,INV,VPI/KA/24-25/0229,10-03-2025,27AAEFS1122H1ZJ,27,B2B,266453.07,47961.55,0.0,0.0,0.0,314414.62,NIC-IRP1,ACT,N,,Y
29AABCV1234K1Z9,629f0bd114d15ca6ae5a518a4c5370d30feff561a2175b7ffb22bd6b37bf3405,168189019594798,02-03-2025 11:14:00,INV,VPI/KA/24-25/0230,02-03-2025,29AAGFK9012M1ZX,29,B2B,1430282.17,0.0,128725.4,128725.39,0.0,1687732.96,NIC-IRP1,ACT,N,,Y
29AABCV1234K1Z9,26d794ddffb2363d2c1ad436a0af4918a2c0d3659557c751602e9123a533b568,125602070830461,11-03-2025 15:00:00,INV,VPI/KA/24-25/0231,11-03-2025,36AABCD4455L1ZH,36,B2B,57035.98,10266.48,0.0,0.0,0.0,67302.46,NIC-IRP1,ACT,N,,Y
29AABCV1234K1Z9,41ae14113edf32f28b93c7b6e491f6427a2ffe217721588de08bd707103bf9ff,149882445136372,26-03-2025 16:01:00,INV,VPI/KA/24-25/0232,26-03-2025,29AAGFK9012M1ZX,29,B2B,31692.49,0.0,2852.33,2852.32,0.0,37397.14,NIC-IRP1,ACT,N,,Y
29AABCV1234K1Z9,c988ad57d25465cb097abcce22183be048f4182914040ad269b5cee568f6f116,184653064705716,03-03-2025 14:47:00,INV,VPI/KA/24-25/0233,03-03-2025,27AAEFS1122H1ZJ,27,B2B,22514.2,2701.7,0.0,0.0,0.0,25215.9,NIC-IRP1,ACT,N,,Y
29AABCV1234K1Z9,481fbccab413fab74bab8cfef6d4bedb02bfd7957e82b773b38641f5f2f95a8a,173438495342032,07-03-2025 18:39:00,INV,VPI/KA/24-25/0234,07-03-2025,19AAACB6677K1Z6,19,B2B,52152.9,9387.52,0.0,0.0,0.0,61540.42,NIC-IRP1,ACT,N,,Y
29AABCV1234K1Z9,3178b3fee4b80e88dfc2034f038a032f0dc7007ee18f622c0757d5bc8c5045e7,174071613286640,29-03-2025 12:53:00,INV,VPI/KA/24-25/0235,29-03-2025,36AABCD4455L1ZH,36,B2B,547735.49,98592.39,0.0,0.0,0.0,646327.88,NIC-IRP1,ACT,N,,Y
29AABCV1234K1Z9,4f315f5abd1ac51b6846daba51f9950105eca291fff914ae7e62b3c7dce8be32,123858775756340,08-03-2025 16:47:00,INV,VPI/KA/24-25/0236,08-03-2025,07AAACN8899J1ZP,07,B2B,15409.72,2773.75,0.0,0.0,0.0,18183.47,NIC-IRP1,ACT,N,,Y
29AABCV1234K1Z9,7a343f897d333146b6324e4b7167e0559e5a941afed767950afeb07c8c713b81,172896243927959,26-03-2025 10:36:00,INV,VPI/KA/24-25/0237,26-03-2025,URP,96,EXPWOP,860412.72,0.0,0.0,0.0,0.0,860412.72,NIC-IRP1,ACT,N,,Y
29AABCV1234K1Z9,b3c49619408295f77a0c8791837b04fe8e9d928af526037fabebc1c8c07d3422,136298261638427,05-03-2025 14:59:00,INV,VPI/KA/24-25/0238,05-03-2025,URP,96,EXPWOP,1665698.16,0.0,0.0,0.0,0.0,1665698.16,NIC-IRP1,ACT,N,,Y
27AABCV1234K1ZD,81c96e220f2b2bc0e02c8858766b4edfcfaff9058601118a9921c54acd425d80,172792872094814,03-03-2025 18:20:00,INV,VPI/MH/24-25/0067,03-03-2025,07AAACN8899J1ZP,07,B2B,113520.49,20433.69,0.0,0.0,0.0,133954.18,NIC-IRP1,ACT,N,,Y
27AABCV1234K1ZD,c4db562b6ed0e85d60e9ee294634553b06ecd3944d790164daaaac9ccb2a0e2d,194004440024991,18-03-2025 15:17:00,INV,VPI/MH/24-25/0068,18-03-2025,29AACCS7712F1ZB,29,B2B,1764020.08,317523.61,0.0,0.0,0.0,2081543.69,NIC-IRP1,ACT,N,,Y
27AABCV1234K1ZD,fcddd3b864eff74e39919721c57da2cd510a4906ee8ffba8597683fb346b8c21,114222149432787,17-03-2025 18:06:00,INV,VPI/MH/24-25/0069,17-03-2025,29ADHPG5566Q1ZQ,29,B2B,384665.03,69239.71,0.0,0.0,0.0,453904.74,NIC-IRP1,ACT,N,,Y
27AABCV1234K1ZD,50696a919c06ff2c21da5f174afbf473aeeaf88ea185be0160b8e1d7f37cd557,119177175672698,09-03-2025 10:47:00,INV,VPI/MH/24-25/0070,09-03-2025,07AAACN8899J1ZP,07,B2B,155812.05,28046.17,0.0,0.0,0.0,183858.22,NIC-IRP1,ACT,N,,Y
27AABCV1234K1ZD,548c246119ed79c5e0dec6083a96115eb9863eccd6c8b5432f83f426e8856695,126620794395469,16-03-2025 12:05:00,INV,VPI/MH/24-25/0071,16-03-2025,27AAEFS1122H1ZJ,27,B2B,63633.82,0.0,5727.05,5727.04,0.0,75087.91,NIC-IRP1,ACT,N,,Y
27AABCV1234K1ZD,8ec47191b32c9d9482f02a049de2841dda1ef930ef2b7c89c477f565d8261734,168446971256150,13-03-2025 14:51:00,INV,VPI/MH/24-25/0072,13-03-2025,29AAGFK9012M1ZX,29,B2B,383719.73,69069.55,0.0,0.0,0.0,452789.28,NIC-IRP1,ACT,N,,Y
33AABCV1234K1ZK,8fc67e50294f5dcb5e1ab22b5807c348befc20d11bf035d0b663dbde5bbaf105,124861010271635,31-03-2025 18:48:00,INV,VPI/TN/24-25/0019,31-03-2025,07AAACN8899J1ZP,07,B2B,28672.97,5161.13,0.0,0.0,0.0,33834.1,NIC-IRP1,ACT,N,,Y
33AABCV1234K1ZK,4b06141dac9817e87b909ac17bacd62502c4287f1f155f4e14cc0ce28a9179aa,135410810112348,19-03-2025 14:35:00,INV,VPI/TN/24-25/0020,19-03-2025,27AAEFS1122H1ZJ,27,B2B,60235.26,7228.23,0.0,0.0,0.0,67463.49,NIC-IRP1,ACT,N,,Y
33AABCV1234K1ZK,5ee426494dc2b2ea7b90b7546ed64e1cbd600c5c2849cec7f3e7ed7f9d435e9a,181634703678316,10-03-2025 10:15:00,INV,VPI/TN/24-25/0021,10-03-2025,07AAACN8899J1ZP,07,B2B,118699.92,21365.99,0.0,0.0,0.0,140065.91,NIC-IRP1,ACT,N,,Y
