recipient_gstin,tax_period,supplier_gstin,supplier_name,invoice_no,invoice_date,hsn,rate,taxable_value,igst,cgst,sgst,cess,invoice_value,itc_available,itc_unavailable_reason,supplier_status_flag
29AABCV1234K1Z9,042024,29AABCM5511D1ZT,MYSORE CASTINGS PRIVATE LIMITED,MYS/24-25/6922,17-04-2024,72283000,18,1905961.21,0.0,171536.51,171536.51,0.0,2249034.23,Y,,
29AABCV1234K1Z9,042024,29AAACB1199C1ZV,BHARAT SPECIAL STEELS LIMITED,BHA/24-25/6053,27-04-2024,39269099,18,59797.38,0.0,5381.77,5381.76,0.0,70560.91,Y,,
29AABCV1234K1Z9,042024,29AAGFN7799P1ZY,NIRMAL PACKAGING INDUSTRIES,NIR/24-25/8675,16-04-2024,39269099,18,25612.14,0.0,2305.1,2305.09,0.0,30222.33,Y,,
29AABCV1234K1Z9,042024,27AADCI7733E1ZL,INDUS FORGINGS AND ALLOYS PRIVATE LIMITED,IND/24-25/1332,04-04-2024,48191010,12,11377.22,1365.27,0.0,0.0,0.0,12742.49,Y,,
29AABCV1234K1Z9,042024,29AAACB1199C1ZV,BHARAT SPECIAL STEELS LIMITED,BHA/24-25/4765,05-04-2024,998873,12,203150.36,0.0,12189.02,12189.02,0.0,227528.4,Y,,
29AABCV1234K1Z9,042024,24AACCG9911B1Z0,GAURAV POLYMERS PRIVATE LIMITED,GAU/24-25/2496,11-04-2024,48191010,12,11052.16,1326.26,0.0,0.0,0.0,12378.42,Y,,
29AABCV1234K1Z9,042024,29AAACB1199C1ZV,BHARAT SPECIAL STEELS LIMITED,BHA/24-25/1307,07-04-2024,39269099,18,32792.11,0.0,2951.29,2951.29,0.0,38694.69,Y,,
29AABCV1234K1Z9,042024,29AABCA2244T1Z8,APEX INDUSTRIAL SERVICES PRIVATE LIMITED,APE/24-25/1766,28-04-2024,73251000,18,5786.84,0.0,520.82,520.81,0.0,6828.47,Y,,
29AABCV1234K1Z9,042024,29AABCA2244T1Z8,APEX INDUSTRIAL SERVICES PRIVATE LIMITED,APE/24-25/1971,22-04-2024,72283000,18,2895665.06,0.0,260609.86,260609.85,0.0,3416884.77,Y,,
29AABCV1234K1Z9,042024,27AABCO3399Z1Z4,ORION METALS PRIVATE LIMITED,ORI/24-25/6368,08-04-2024,997212,18,1085326.08,195358.69,0.0,0.0,0.0,1280684.77,Y,,
29AABCV1234K1Z9,042024,29AAACV6688Y1ZQ,VISHWA ENTERPRISES PRIVATE LIMITED,VIS/24-25/1327,05-04-2024,48191010,12,6215.5,0.0,372.93,372.93,0.0,6961.36,Y,,
29AABCV1234K1Z9,042024,29AAACB1199C1ZV,BHARAT SPECIAL STEELS LIMITED,BHA/24-25/5005,16-04-2024,72283000,18,2980695.94,0.0,268262.64,268262.63,0.0,3517221.21,Y,,
29AABCV1234K1Z9,042024,29AABCA2244T1Z8,APEX INDUSTRIAL SERVICES PRIVATE LIMITED,APE/24-25/4106,27-04-2024,39269099,18,37292.99,0.0,3356.37,3356.37,0.0,44005.73,Y,,
29AABCV1234K1Z9,042024,27AABCO3399Z1Z4,ORION METALS PRIVATE LIMITED,ORI/24-25/9335,03-04-2024,48191010,12,3600.7,432.08,0.0,0.0,0.0,4032.78,Y,,
29AABCV1234K1Z9,052024,29AAACB1199C1ZV,BHARAT SPECIAL STEELS LIMITED,BHA/24-25/7015,07-05-2024,998873,12,92060.07,0.0,5523.61,5523.6,0.0,103107.28,Y,,
29AABCV1234K1Z9,052024,27AADCI7733E1ZL,INDUS FORGINGS AND ALLOYS PRIVATE LIMITED,IND/24-25/5062,31-05-2024,73251000,18,25090.97,4516.37,0.0,0.0,0.0,29607.34,Y,,
29AABCV1234K1Z9,052024,27AADCI7733E1ZL,INDUS FORGINGS AND ALLOYS PRIVATE LIMITED,IND/24-25/4961,05-05-2024,997212,18,1242059.9,223570.78,0.0,0.0,0.0,1465630.68,Y,,
29AABCV1234K1Z9,052024,27AABCO3399Z1Z4,ORION METALS PRIVATE LIMITED,ORI/24-25/7244,14-05-2024,48191010,12,21255.53,2550.66,0.0,0.0,0.0,23806.19,Y,,
29AABCV1234K1Z9,052024,27AADCI7733E1ZL,INDUS FORGINGS AND ALLOYS PRIVATE LIMITED,IND/24-25/9865,19-05-2024,48191010,12,6584.49,790.14,0.0,0.0,0.0,7374.63,Y,,
29AABCV1234K1Z9,052024,29AAACV6688Y1ZQ,VISHWA ENTERPRISES PRIVATE LIMITED,VIS/24-25/7784,01-05-2024,998873,12,206528.19,0.0,12391.69,12391.69,0.0,231311.57,Y,,
29AABCV1234K1Z9,052024,27AADCI7733E1ZL,INDUS FORGINGS AND ALLOYS PRIVATE LIMITED,IND/24-25/5864,20-05-2024,998873,12,515937.88,61912.55,0.0,0.0,0.0,577850.43,Y,,
29AABCV1234K1Z9,052024,29AAACB1199C1ZV,BHARAT SPECIAL STEELS LIMITED,BHA/24-25/7847,18-05-2024,997212,18,1968309.45,0.0,177147.85,177147.85,0.0,2322605.15,Y,,
29AABCV1234K1Z9,052024,27AADCI7733E1ZL,INDUS FORGINGS AND ALLOYS PRIVATE LIMITED,IND/24-25/2318,25-05-2024,72283000,18,1229948.97,221390.81,0.0,0.0,0.0,1451339.78,Y,,
29AABCV1234K1Z9,052024,33AAHFS3355G1ZA,SUNRISE TOOLING SOLUTIONS,SUN/24-25/7971,05-05-2024,72283000,18,1221956.89,219952.24,0.0,0.0,0.0,1441909.13,Y,,
29AABCV1234K1Z9,052024,29AAACV6688Y1ZQ,VISHWA ENTERPRISES PRIVATE LIMITED,VIS/24-25/8342,27-05-2024,997212,18,1768927.84,0.0,159203.51,159203.5,0.0,2087334.85,Y,,
29AABCV1234K1Z9,052024,33AAHFS3355G1ZA,SUNRISE TOOLING SOLUTIONS,SUN/24-25/7420,06-05-2024,39269099,18,71517.78,12873.2,0.0,0.0,0.0,84390.98,Y,,
29AABCV1234K1Z9,052024,29AABCA2244T1Z8,APEX INDUSTRIAL SERVICES PRIVATE LIMITED,APE/24-25/5351,04-05-2024,73251000,18,41065.69,0.0,3695.91,3695.91,0.0,48457.51,Y,,
29AABCV1234K1Z9,052024,29AAGFN7799P1ZY,NIRMAL PACKAGING INDUSTRIES,NIR/24-25/2603,10-05-2024,73251000,18,17873.54,0.0,1608.62,1608.62,0.0,21090.78,Y,,
29AABCV1234K1Z9,062024,29AAGFN7799P1ZY,NIRMAL PACKAGING INDUSTRIES,NIR/24-25/7323,28-06-2024,48191010,12,4266.31,0.0,255.98,255.98,0.0,4778.27,Y,,
29AABCV1234K1Z9,062024,27AABCO3399Z1Z4,ORION METALS PRIVATE LIMITED,ORI/24-25/4673,02-06-2024,998873,12,514400.52,61728.06,0.0,0.0,0.0,576128.58,Y,,
29AABCV1234K1Z9,062024,29AABCM5511D1ZT,MYSORE CASTINGS PRIVATE LIMITED,MYS/24-25/5831,28-06-2024,998873,12,410173.16,0.0,24610.39,24610.39,0.0,459393.94,Y,,
29AABCV1234K1Z9,062024,33AAHFS3355G1ZA,SUNRISE TOOLING SOLUTIONS,SUN/24-25/2170,02-06-2024,72283000,18,1031938.04,185748.85,0.0,0.0,0.0,1217686.89,Y,,
29AABCV1234K1Z9,062024,27AADCI7733E1ZL,INDUS FORGINGS AND ALLOYS PRIVATE LIMITED,IND/24-25/5504,24-06-2024,72283000,18,2895845.79,521252.24,0.0,0.0,0.0,3417098.03,Y,,
29AABCV1234K1Z9,062024,27AABCO3399Z1Z4,ORION METALS PRIVATE LIMITED,ORI/24-25/9361,15-06-2024,39269099,18,21503.25,3870.59,0.0,0.0,0.0,25373.84,Y,,
29AABCV1234K1Z9,062024,29AAACV6688Y1ZQ,VISHWA ENTERPRISES PRIVATE LIMITED,VIS/24-25/2184,15-06-2024,73251000,18,17316.19,0.0,1558.46,1558.45,0.0,20433.1,Y,,
29AABCV1234K1Z9,062024,29AAACB1199C1ZV,BHARAT SPECIAL STEELS LIMITED,BHA/24-25/6653,09-06-2024,39269099,18,27816.86,0.0,2503.52,2503.51,0.0,32823.89,Y,,
29AABCV1234K1Z9,062024,33AAHFS3355G1ZA,SUNRISE TOOLING SOLUTIONS,SUN/24-25/3911,27-06-2024,997212,18,1338613.61,240950.45,0.0,0.0,0.0,1579564.06,N,C,
29AABCV1234K1Z9,062024,27AABCO3399Z1Z4,ORION METALS PRIVATE LIMITED,ORI/24-25/9066,05-06-2024,72283000,18,1840756.75,331336.22,0.0,0.0,0.0,2172092.97,Y,,
29AABCV1234K1Z9,062024,29AAACV6688Y1ZQ,VISHWA ENTERPRISES PRIVATE LIMITED,VIS/24-25/7202,23-06-2024,998873,12,278729.93,0.0,16723.8,16723.79,0.0,312177.52,Y,,
29AABCV1234K1Z9,062024,29AAACB1199C1ZV,BHARAT SPECIAL STEELS LIMITED,BHA/24-25/2592,08-06-2024,39269099,18,28530.11,0.0,2567.71,2567.71,0.0,33665.53,Y,,
29AABCV1234K1Z9,062024,29AABCM5511D1ZT,MYSORE CASTINGS PRIVATE LIMITED,MYS/24-25/8803,15-06-2024,48191010,12,9262.38,0.0,555.75,555.74,0.0,10373.87,Y,,
29AABCV1234K1Z9,062024,27AADCI7733E1ZL,INDUS FORGINGS AND ALLOYS PRIVATE LIMITED,IND/24-25/7759,05-06-2024,998873,12,180145.85,21617.5,0.0,0.0,0.0,201763.35,Y,,
29AABCV1234K1Z9,072024,27AABCO3399Z1Z4,ORION METALS PRIVATE LIMITED,ORI/24-25/2431,20-07-2024,998873,12,100651.28,12078.15,0.0,0.0,0.0,112729.43,Y,,
29AABCV1234K1Z9,072024,29AAACV6688Y1ZQ,VISHWA ENTERPRISES PRIVATE LIMITED,VIS/24-25/8066,31-07-2024,997212,18,963433.01,0.0,86708.97,86708.97,0.0,1136850.95,Y,,
29AABCV1234K1Z9,072024,29AABCM5511D1ZT,MYSORE CASTINGS PRIVATE LIMITED,MYS/24-25/9903,03-07-2024,998873,12,393847.32,0.0,23630.84,23630.84,0.0,441109.0,Y,,
29AABCV1234K1Z9,072024,29AABCM5511D1ZT,MYSORE CASTINGS PRIVATE LIMITED,MYS/24-25/2254,06-07-2024,997212,18,946153.8,0.0,85153.84,85153.84,0.0,1116461.48,Y,,
29AABCV1234K1Z9,072024,29AAACV6688Y1ZQ,VISHWA ENTERPRISES PRIVATE LIMITED,VIS/24-25/8867,15-07-2024,72283000,18,2604230.61,0.0,234380.76,234380.75,0.0,3072992.12,Y,,
29AABCV1234K1Z9,072024,27AADCI7733E1ZL,INDUS FORGINGS AND ALLOYS PRIVATE LIMITED,IND/24-25/4685,17-07-2024,72283000,18,647181.56,116492.68,0.0,0.0,0.0,763674.24,Y,,
29AABCV1234K1Z9,072024,29AABCM5511D1ZT,MYSORE CASTINGS PRIVATE LIMITED,MYS/24-25/5226,12-07-2024,48191010,12,16735.81,0.0,1004.15,1004.15,0.0,18744.11,Y,,
29AABCV1234K1Z9,072024,29AAACV6688Y1ZQ,VISHWA ENTERPRISES PRIVATE LIMITED,VIS/24-25/5852,28-07-2024,997212,18,1133165.82,0.0,101984.93,101984.92,0.0,1337135.67,Y,,
29AABCV1234K1Z9,072024,29AABCM5511D1ZT,MYSORE CASTINGS PRIVATE LIMITED,MYS/24-25/2361,28-07-2024,997212,18,813071.81,0.0,73176.47,73176.46,0.0,959424.74,Y,,
29AABCV1234K1Z9,072024,29AAACB1199C1ZV,BHARAT SPECIAL STEELS LIMITED,BHA/24-25/7836,16-07-2024,998873,12,581145.15,0.0,34868.71,34868.71,0.0,650882.57,Y,,
29AABCV1234K1Z9,072024,29AAACV6688Y1ZQ,VISHWA ENTERPRISES PRIVATE LIMITED,VIS/24-25/6166,22-07-2024,998873,12,290715.48,0.0,17442.93,17442.93,0.0,325601.34,Y,,
29AABCV1234K1Z9,072024,33AAHFS3355G1ZA,SUNRISE TOOLING SOLUTIONS,SUN/24-25/9982,05-07-2024,73251000,18,13390.77,2410.34,0.0,0.0,0.0,15801.11,Y,,
29AABCV1234K1Z9,072024,33AAHFS3355G1ZA,SUNRISE TOOLING SOLUTIONS,SUN/24-25/1173,01-07-2024,997212,18,865650.42,155817.08,0.0,0.0,0.0,1021467.5,Y,,
29AABCV1234K1Z9,072024,29AAACV6688Y1ZQ,VISHWA ENTERPRISES PRIVATE LIMITED,VIS/24-25/7581,08-07-2024,39269099,18,26760.36,0.0,2408.43,2408.43,0.0,31577.22,Y,,
29AABCV1234K1Z9,082024,29AAACB1199C1ZV,BHARAT SPECIAL STEELS LIMITED,BHA/24-25/3368,24-08-2024,39269099,18,30276.71,0.0,2724.91,2724.9,0.0,35726.52,Y,,
29AABCV1234K1Z9,082024,27AADCI7733E1ZL,INDUS FORGINGS AND ALLOYS PRIVATE LIMITED,IND/24-25/9200,12-08-2024,48191010,12,53388.36,6406.6,0.0,0.0,0.0,59794.96,Y,,
29AABCV1234K1Z9,082024,29AAACB1199C1ZV,BHARAT SPECIAL STEELS LIMITED,BHA/24-25/6766,08-08-2024,48191010,12,48298.56,0.0,2897.92,2897.91,0.0,54094.39,Y,,
29AABCV1234K1Z9,082024,29AAACV6688Y1ZQ,VISHWA ENTERPRISES PRIVATE LIMITED,VIS/24-25/2820,28-08-2024,998873,12,1045059.74,0.0,62703.59,62703.58,0.0,1170466.91,Y,,
29AABCV1234K1Z9,082024,27AADCI7733E1ZL,INDUS FORGINGS AND ALLOYS PRIVATE LIMITED,IND/24-25/5093,03-08-2024,997212,18,3888470.69,699924.72,0.0,0.0,0.0,4588395.41,Y,,
29AABCV1234K1Z9,082024,29AABCM5511D1ZT,MYSORE CASTINGS PRIVATE LIMITED,MYS/24-25/6898,12-08-2024,998873,12,1757512.6,0.0,105450.76,105450.75,0.0,1968414.11,Y,,
29AABCV1234K1Z9,082024,29AABCM5511D1ZT,MYSORE CASTINGS PRIVATE LIMITED,MYS/24-25/8540,25-08-2024,48191010,12,18567.97,0.0,1114.08,1114.08,0.0,20796.13,Y,,
29AABCV1234K1Z9,082024,24AACCG9911B1Z0,GAURAV POLYMERS PRIVATE LIMITED,GAU/24-25/9489,05-08-2024,48191010,12,43350.74,5202.09,0.0,0.0,0.0,48552.83,Y,,
29AABCV1234K1Z9,082024,29AAACB1199C1ZV,BHARAT SPECIAL STEELS LIMITED,BHA/24-25/8218,21-08-2024,998873,12,748715.0,0.0,44922.9,44922.9,0.0,838560.8,Y,,
29AABCV1234K1Z9,082024,29AAGFN7799P1ZY,NIRMAL PACKAGING INDUSTRIES,NIR/24-25/8893,24-08-2024,998873,12,646645.8,0.0,38798.75,38798.75,0.0,724243.3,Y,,
29AABCV1234K1Z9,082024,27AABCO3399Z1Z4,ORION METALS PRIVATE LIMITED,ORI/24-25/8091,08-08-2024,39269099,18,77199.05,13895.83,0.0,0.0,0.0,91094.88,Y,,
29AABCV1234K1Z9,082024,29AABCA2244T1Z8,APEX INDUSTRIAL SERVICES PRIVATE LIMITED,APE/24-25/6227,10-08-2024,39269099,18,59635.94,0.0,5367.24,5367.23,0.0,70370.41,Y,,
29AABCV1234K1Z9,082024,24AACCG9911B1Z0,GAURAV POLYMERS PRIVATE LIMITED,GAU/24-25/1800,19-08-2024,73251000,18,92512.16,16652.19,0.0,0.0,0.0,109164.35,Y,,
29AABCV1234K1Z9,082024,27AADCI7733E1ZL,INDUS FORGINGS AND ALLOYS PRIVATE LIMITED,IND/24-25/5384,07-08-2024,48191010,12,41461.18,4975.34,0.0,0.0,0.0,46436.52,Y,,
29AABCV1234K1Z9,092024,33AAHFS3355G1ZA,SUNRISE TOOLING SOLUTIONS,SUN/24-25/4721,23-09-2024,72283000,18,2353712.68,423668.28,0.0,0.0,0.0,2777380.96,Y,,
29AABCV1234K1Z9,092024,33AAHFS3355G1ZA,SUNRISE TOOLING SOLUTIONS,SUN/24-25/6321,22-09-2024,998873,12,728263.99,87391.68,0.0,0.0,0.0,815655.67,Y,,
29AABCV1234K1Z9,092024,29AAACV6688Y1ZQ,VISHWA ENTERPRISES PRIVATE LIMITED,VIS/24-25/5429,23-09-2024,997212,18,1597952.44,0.0,143815.72,143815.72,0.0,1885583.88,Y,,
29AABCV1234K1Z9,092024,29AAGFN7799P1ZY,NIRMAL PACKAGING INDUSTRIES,NIR/24-25/4631,06-09-2024,73251000,18,50466.09,0.0,4541.95,4541.95,0.0,59549.99,Y,,
29AABCV1234K1Z9,092024,27AADCI7733E1ZL,INDUS FORGINGS AND ALLOYS PRIVATE LIMITED,IND/24-25/4871,09-09-2024,73251000,18,6572.07,1182.97,0.0,0.0,0.0,7755.04,Y,,
29AABCV1234K1Z9,092024,29AABCM5511D1ZT,MYSORE CASTINGS PRIVATE LIMITED,MYS/24-25/2737,20-09-2024,73251000,18,21493.44,0.0,1934.41,1934.41,0.0,25362.26,Y,,
29AABCV1234K1Z9,092024,33AAHFS3355G1ZA,SUNRISE TOOLING SOLUTIONS,SUN/24-25/1599,25-09-2024,48191010,12,8539.06,1024.69,0.0,0.0,0.0,9563.75,Y,,
29AABCV1234K1Z9,092024,29AAACB1199C1ZV,BHARAT SPECIAL STEELS LIMITED,BHA/24-25/3374,02-09-2024,998873,12,590833.69,0.0,35450.02,35450.02,0.0,661733.73,Y,,
29AABCV1234K1Z9,092024,29AAGFN7799P1ZY,NIRMAL PACKAGING INDUSTRIES,NIR/24-25/4493,25-09-2024,998873,12,277878.21,0.0,16672.7,16672.69,0.0,311223.6,Y,,
29AABCV1234K1Z9,092024,24AACCG9911B1Z0,GAURAV POLYMERS PRIVATE LIMITED,GAU/24-25/6273,12-09-2024,997212,18,837068.77,150672.38,0.0,0.0,0.0,987741.15,Y,,
29AABCV1234K1Z9,092024,29AABCM5511D1ZT,MYSORE CASTINGS PRIVATE LIMITED,MYS/24-25/2369,05-09-2024,73251000,18,33031.59,0.0,2972.85,2972.84,0.0,38977.28,Y,,
29AABCV1234K1Z9,092024,27AABCO3399Z1Z4,ORION METALS PRIVATE LIMITED,ORI/24-25/7918,30-09-2024,72283000,18,628539.78,113137.16,0.0,0.0,0.0,741676.94,Y,,
29AABCV1234K1Z9,092024,29AAACV6688Y1ZQ,VISHWA ENTERPRISES PRIVATE LIMITED,VIS/24-25/2035,26-09-2024,997212,18,955444.7,0.0,85990.03,85990.02,0.0,1127424.75,Y,,
29AABCV1234K1Z9,092024,29AABCM5511D1ZT,MYSORE CASTINGS PRIVATE LIMITED,MYS/24-25/5380,19-09-2024,48191010,12,27676.74,0.0,1660.61,1660.6,0.0,30997.95,Y,,
29AABCV1234K1Z9,102024,29AABCM5511D1ZT,MYSORE CASTINGS PRIVATE LIMITED,MYS/24-25/6008,28-10-2024,72283000,18,4176552.78,0.0,375889.75,375889.75,0.0,4928332.28,Y,,
29AABCV1234K1Z9,102024,24AACCG9911B1Z0,GAURAV POLYMERS PRIVATE LIMITED,GAU/24-25/1448,10-10-2024,72283000,18,1793651.67,322857.3,0.0,0.0,0.0,2116508.97,Y,,
29AABCV1234K1Z9,102024,29AABCM5511D1ZT,MYSORE CASTINGS PRIVATE LIMITED,MYS/24-25/5239,19-10-2024,39269099,18,58980.59,0.0,5308.26,5308.25,0.0,69597.1,Y,,
29AABCV1234K1Z9,102024,33AAHFS3355G1ZA,SUNRISE TOOLING SOLUTIONS,SUN/24-25/6328,02-10-2024,39269099,18,20100.69,3618.12,0.0,0.0,0.0,23718.81,Y,,
29AABCV1234K1Z9,102024,24AACCG9911B1Z0,GAURAV POLYMERS PRIVATE LIMITED,GAU/24-25/1015,18-10-2024,73251000,18,33037.47,5946.74,0.0,0.0,0.0,38984.21,Y,,
29AABCV1234K1Z9,102024,29AAACB1199C1ZV,BHARAT SPECIAL STEELS LIMITED,BHA/24-25/1016,01-10-2024,73251000,18,14864.38,0.0,1337.8,1337.79,0.0,17539.97,Y,,
29AABCV1234K1Z9,102024,27AABCO3399Z1Z4,ORION METALS PRIVATE LIMITED,ORI/24-25/8159,06-10-2024,48191010,12,6582.65,789.92,0.0,0.0,0.0,7372.57,Y,,
29AABCV1234K1Z9,102024,29AAACV6688Y1ZQ,VISHWA ENTERPRISES PRIVATE LIMITED,VIS/24-25/4614,25-10-2024,998873,12,421985.42,0.0,25319.13,25319.12,0.0,472623.67,Y,,
29AABCV1234K1Z9,102024,24AACCG9911B1Z0,GAURAV POLYMERS PRIVATE LIMITED,GAU/24-25/8280,02-10-2024,48191010,12,16454.15,1974.5,0.0,0.0,0.0,18428.65,Y,,
29AABCV1234K1Z9,102024,29AAGFN7799P1ZY,NIRMAL PACKAGING INDUSTRIES,NIR/24-25/9455,06-10-2024,73251000,18,39227.65,0.0,3530.49,3530.49,0.0,46288.63,Y,,
29AABCV1234K1Z9,102024,29AAACV6688Y1ZQ,VISHWA ENTERPRISES PRIVATE LIMITED,VIS/24-25/8829,29-10-2024,48191010,12,8485.41,0.0,509.13,509.12,0.0,9503.66,Y,,
29AABCV1234K1Z9,102024,33AAHFS3355G1ZA,SUNRISE TOOLING SOLUTIONS,SUN/24-25/6843,22-10-2024,998873,12,285081.11,34209.73,0.0,0.0,0.0,319290.84,Y,,
29AABCV1234K1Z9,102024,29AABCM5511D1ZT,MYSORE CASTINGS PRIVATE LIMITED,MYS/24-25/1895,05-10-2024,73251000,18,30911.15,0.0,2782.01,2782.0,0.0,36475.16,Y,,
29AABCV1234K1Z9,102024,29AAACB1199C1ZV,BHARAT SPECIAL STEELS LIMITED,BHA/24-25/6733,19-10-2024,997212,18,1221323.39,0.0,109919.11,109919.1,0.0,1441161.6,Y,,
29AABCV1234K1Z9,112024,33AAHFS3355G1ZA,SUNRISE TOOLING SOLUTIONS,SUN/24-25/1166,04-11-2024,998873,12,279612.84,33553.54,0.0,0.0,0.0,313166.38,Y,,
29AABCV1234K1Z9,112024,24AACCG9911B1Z0,GAURAV POLYMERS PRIVATE LIMITED,GAU/24-25/4479,10-11-2024,72283000,18,1215365.69,218765.82,0.0,0.0,0.0,1434131.51,Y,,
29AABCV1234K1Z9,112024,29AAGFN7799P1ZY,NIRMAL PACKAGING INDUSTRIES,NIR/24-25/6180,16-11-2024,998873,12,677674.6,0.0,40660.48,40660.47,0.0,758995.55,Y,,
29AABCV1234K1Z9,112024,29AABCA2244T1Z8,APEX INDUSTRIAL SERVICES PRIVATE LIMITED,APE/24-25/9483,12-11-2024,73251000,18,29262.42,0.0,2633.62,2633.62,0.0,34529.66,Y,,
29AABCV1234K1Z9,112024,29AAACB1199C1ZV,BHARAT SPECIAL STEELS LIMITED,BHA/24-25/3786,16-11-2024,72283000,18,5487597.2,0.0,493883.75,493883.75,0.0,6475364.7,Y,,
29AABCV1234K1Z9,112024,24AACCG9911B1Z0,GAURAV POLYMERS PRIVATE LIMITED,GAU/24-25/8318,19-11-2024,73251000,18,12819.73,2307.55,0.0,0.0,0.0,15127.28,Y,,
29AABCV1234K1Z9,112024,29AAGFN7799P1ZY,NIRMAL PACKAGING INDUSTRIES,NIR/24-25/6666,05-11-2024,48191010,12,2043.72,0.0,122.63,122.62,0.0,2288.97,Y,,
29AABCV1234K1Z9,112024,29AAACV6688Y1ZQ,VISHWA ENTERPRISES PRIVATE LIMITED,VIS/24-25/2453,21-11-2024,73251000,18,38476.59,0.0,3462.9,3462.89,0.0,45402.38,Y,,
29AABCV1234K1Z9,112024,24AACCG9911B1Z0,GAURAV POLYMERS PRIVATE LIMITED,GAU/24-25/8454,16-11-2024,48191010,12,24873.05,2984.77,0.0,0.0,0.0,27857.82,Y,,
29AABCV1234K1Z9,112024,29AABCA2244T1Z8,APEX INDUSTRIAL SERVICES PRIVATE LIMITED,APE/24-25/3851,19-11-2024,998873,12,393318.23,0.0,23599.1,23599.09,0.0,440516.42,Y,,
29AABCV1234K1Z9,112024,29AAACB1199C1ZV,BHARAT SPECIAL STEELS LIMITED,BHA/24-25/6920,28-11-2024,48191010,12,15118.92,0.0,907.14,907.13,0.0,16933.19,Y,,
29AABCV1234K1Z9,112024,29AABCM5511D1ZT,MYSORE CASTINGS PRIVATE LIMITED,MYS/24-25/6271,02-11-2024,73251000,18,38168.87,0.0,3435.2,3435.2,0.0,45039.27,Y,,
29AABCV1234K1Z9,112024,27AADCI7733E1ZL,INDUS FORGINGS AND ALLOYS PRIVATE LIMITED,IND/24-25/1539,19-11-2024,73251000,18,75408.78,13573.58,0.0,0.0,0.0,88982.36,Y,,
29AABCV1234K1Z9,112024,29AAACB1199C1ZV,BHARAT SPECIAL STEELS LIMITED,BHA/24-25/6917,24-11-2024,997212,18,2001618.95,0.0,180145.71,180145.7,0.0,2361910.36,Y,,
29AABCV1234K1Z9,122024,24AACCG9911B1Z0,GAURAV POLYMERS PRIVATE LIMITED,GAU/24-25/7919,10-12-2024,48191010,12,9621.78,1154.61,0.0,0.0,0.0,10776.39,Y,,
29AABCV1234K1Z9,122024,29AABCA2244T1Z8,APEX INDUSTRIAL SERVICES PRIVATE LIMITED,APE/24-25/7849,16-12-2024,998873,12,593507.77,0.0,35610.47,35610.46,0.0,664728.7,Y,,
29AABCV1234K1Z9,122024,29AABCM5511D1ZT,MYSORE CASTINGS PRIVATE LIMITED,MYS/24-25/5454,31-12-2024,48191010,12,24236.0,0.0,1454.16,1454.16,0.0,27144.32,Y,,
29AABCV1234K1Z9,122024,29AAGFN7799P1ZY,NIRMAL PACKAGING INDUSTRIES,NIR/24-25/3240,11-12-2024,997212,18,1637715.99,0.0,147394.44,147394.44,0.0,1932504.87,Y,,
29AABCV1234K1Z9,122024,29AABCM5511D1ZT,MYSORE CASTINGS PRIVATE LIMITED,MYS/24-25/3893,18-12-2024,72283000,18,2213207.58,0.0,199188.68,199188.68,0.0,2611584.94,Y,,
29AABCV1234K1Z9,122024,29AABCA2244T1Z8,APEX INDUSTRIAL SERVICES PRIVATE LIMITED,APE/24-25/9534,12-12-2024,39269099,18,65379.19,0.0,5884.13,5884.12,0.0,77147.44,Y,,
29AABCV1234K1Z9,122024,29AAACB1199C1ZV,BHARAT SPECIAL STEELS LIMITED,BHA/24-25/8287,10-12-2024,997212,18,1641228.45,0.0,147710.56,147710.56,0.0,1936649.57,Y,,
29AABCV1234K1Z9,122024,29AAACV6688Y1ZQ,VISHWA ENTERPRISES PRIVATE LIMITED,VIS/24-25/7832,12-12-2024,998873,12,205439.68,0.0,12326.38,12326.38,0.0,230092.44,Y,,
29AABCV1234K1Z9,122024,29AAGFN7799P1ZY,NIRMAL PACKAGING INDUSTRIES,NIR/24-25/4377,13-12-2024,997212,18,733659.03,0.0,66029.32,66029.31,0.0,865717.66,Y,,
29AABCV1234K1Z9,122024,29AABCM5511D1ZT,MYSORE CASTINGS PRIVATE LIMITED,MYS/24-25/8908,14-12-2024,48191010,12,2308.75,0.0,138.53,138.52,0.0,2585.8,Y,,
29AABCV1234K1Z9,122024,29AAACV6688Y1ZQ,VISHWA ENTERPRISES PRIVATE LIMITED,VIS/24-25/6603,12-12-2024,48191010,12,10418.99,0.0,625.14,625.14,0.0,11669.27,Y,,
29AABCV1234K1Z9,122024,29AAACV6688Y1ZQ,VISHWA ENTERPRISES PRIVATE LIMITED,VIS/24-25/5902,05-12-2024,998873,12,257084.75,0.0,15425.09,15425.08,0.0,287934.92,Y,,
29AABCV1234K1Z9,122024,27AABCO3399Z1Z4,ORION METALS PRIVATE LIMITED,ORI/24-25/8172,25-12-2024,72283000,18,1176497.88,211769.62,0.0,0.0,0.0,1388267.5,Y,,
29AABCV1234K1Z9,122024,29AAACB1199C1ZV,BHARAT SPECIAL STEELS LIMITED,BHA/24-25/2130,02-12-2024,998873,12,394007.7,0.0,23640.46,23640.46,0.0,441288.62,Y,,
29AABCV1234K1Z9,012025,27AADCI7733E1ZL,INDUS FORGINGS AND ALLOYS PRIVATE LIMITED,IND/24-25/9325,04-01-2025,997212,18,309522.36,55714.02,0.0,0.0,0.0,365236.38,Y,,
29AABCV1234K1Z9,012025,24AACCG9911B1Z0,GAURAV POLYMERS PRIVATE LIMITED,GAU/24-25/5624,07-01-2025,72283000,18,1597255.43,287505.98,0.0,0.0,0.0,1884761.41,Y,,
29AABCV1234K1Z9,012025,29AAGFN7799P1ZY,NIRMAL PACKAGING INDUSTRIES,NIR/24-25/1959,27-01-2025,72283000,18,1103004.67,0.0,99270.42,99270.42,0.0,1301545.51,Y,,
29AABCV1234K1Z9,012025,29AABCA2244T1Z8,APEX INDUSTRIAL SERVICES PRIVATE LIMITED,APE/24-25/8020,03-01-2025,72283000,18,1492415.78,0.0,134317.42,134317.42,0.0,1761050.62,Y,,
29AABCV1234K1Z9,012025,29AAACV6688Y1ZQ,VISHWA ENTERPRISES PRIVATE LIMITED,VIS/24-25/4425,22-01-2025,39269099,18,27572.49,0.0,2481.53,2481.52,0.0,32535.54,Y,,CANCELLED_SUPPLIER
29AABCV1234K1Z9,012025,24AACCG9911B1Z0,GAURAV POLYMERS PRIVATE LIMITED,GAU/24-25/2672,21-01-2025,73251000,18,2264.15,407.55,0.0,0.0,0.0,2671.7,Y,,
29AABCV1234K1Z9,012025,29AAACB1199C1ZV,BHARAT SPECIAL STEELS LIMITED,BHA/24-25/3764,17-01-2025,48191010,12,2124.1,0.0,127.45,127.44,0.0,2378.99,Y,,
29AABCV1234K1Z9,012025,29AABCA2244T1Z8,APEX INDUSTRIAL SERVICES PRIVATE LIMITED,APE/24-25/4121,14-01-2025,997212,18,328655.34,0.0,29578.98,29578.98,0.0,387813.3,N,C,
29AABCV1234K1Z9,012025,29AABCM5511D1ZT,MYSORE CASTINGS PRIVATE LIMITED,MYS/24-25/6736,23-01-2025,72283000,18,644910.35,0.0,58041.93,58041.93,0.0,760994.21,Y,,
29AABCV1234K1Z9,012025,29AABCM5511D1ZT,MYSORE CASTINGS PRIVATE LIMITED,MYS/24-25/7872,19-01-2025,39269099,18,14191.81,0.0,1277.27,1277.26,0.0,16746.34,Y,,
29AABCV1234K1Z9,012025,29AAGFN7799P1ZY,NIRMAL PACKAGING INDUSTRIES,NIR/24-25/9340,22-01-2025,39269099,18,16307.16,0.0,1467.65,1467.64,0.0,19242.45,Y,,
29AABCV1234K1Z9,012025,29AABCM5511D1ZT,MYSORE CASTINGS PRIVATE LIMITED,MYS/24-25/4852,16-01-2025,72283000,18,1132867.58,0.0,101958.08,101958.08,0.0,1336783.74,Y,,
29AABCV1234K1Z9,012025,29AAGFN7799P1ZY,NIRMAL PACKAGING INDUSTRIES,NIR/24-25/6318,20-01-2025,48191010,12,949.72,0.0,56.99,56.98,0.0,1063.69,Y,,
29AABCV1234K1Z9,012025,27AABCO3399Z1Z4,ORION METALS PRIVATE LIMITED,ORI/24-25/5334,04-01-2025,48191010,12,6249.76,749.97,0.0,0.0,0.0,6999.73,Y,,
29AABCV1234K1Z9,022025,29AABCA2244T1Z8,APEX INDUSTRIAL SERVICES PRIVATE LIMITED,APE/24-25/6558,02-02-2025,997212,18,1344589.41,0.0,121013.05,121013.04,0.0,1586615.5,Y,,
29AABCV1234K1Z9,022025,27AADCI7733E1ZL,INDUS FORGINGS AND ALLOYS PRIVATE LIMITED,IND/24-25/1821,04-02-2025,72283000,18,2009818.07,361767.25,0.0,0.0,0.0,2371585.32,Y,,
29AABCV1234K1Z9,022025,29AABCM5511D1ZT,MYSORE CASTINGS PRIVATE LIMITED,MYS/24-25/8254,24-02-2025,998873,12,416383.28,0.0,24983.0,24982.99,0.0,466349.27,Y,,
29AABCV1234K1Z9,022025,24AACCG9911B1Z0,GAURAV POLYMERS PRIVATE LIMITED,GAU/24-25/7760,24-02-2025,998873,12,158188.4,18982.61,0.0,0.0,0.0,177171.01,Y,,
29AABCV1234K1Z9,022025,29AAACV6688Y1ZQ,VISHWA ENTERPRISES PRIVATE LIMITED,VIS/24-25/6065,27-02-2025,998873,12,276524.15,0.0,16591.45,16591.45,0.0,309707.05,Y,,CANCELLED_SUPPLIER
29AABCV1234K1Z9,022025,33AAHFS3355G1ZA,SUNRISE TOOLING SOLUTIONS,SUN/24-25/1863,21-02-2025,39269099,18,31581.53,5684.68,0.0,0.0,0.0,37266.21,Y,,
29AABCV1234K1Z9,022025,33AAHFS3355G1ZA,SUNRISE TOOLING SOLUTIONS,SUN/24-25/3344,09-02-2025,39269099,18,35669.16,6420.45,0.0,0.0,0.0,42089.61,Y,,
29AABCV1234K1Z9,022025,27AABCO3399Z1Z4,ORION METALS PRIVATE LIMITED,ORI/24-25/2618,01-02-2025,72283000,18,1648528.74,296735.17,0.0,0.0,0.0,1945263.91,Y,,
29AABCV1234K1Z9,022025,24AACCG9911B1Z0,GAURAV POLYMERS PRIVATE LIMITED,GAU/24-25/4990,04-02-2025,39269099,18,34385.36,6189.36,0.0,0.0,0.0,40574.72,Y,,
29AABCV1234K1Z9,022025,29AAACV6688Y1ZQ,VISHWA ENTERPRISES PRIVATE LIMITED,VIS/24-25/1381,11-02-2025,39269099,18,60944.66,0.0,5485.02,5485.02,0.0,71914.7,Y,,CANCELLED_SUPPLIER
29AABCV1234K1Z9,022025,27AABCO3399Z1Z4,ORION METALS PRIVATE LIMITED,ORI/24-25/5623,20-02-2025,998873,12,315312.1,37837.45,0.0,0.0,0.0,353149.55,Y,,
29AABCV1234K1Z9,022025,29AAGFN7799P1ZY,NIRMAL PACKAGING INDUSTRIES,NIR/24-25/9477,02-02-2025,73251000,18,14433.36,0.0,1299.0,1299.0,0.0,17031.36,Y,,
29AABCV1234K1Z9,022025,24AACCG9911B1Z0,GAURAV POLYMERS PRIVATE LIMITED,GAU/24-25/6196,06-02-2025,998873,12,241502.03,28980.24,0.0,0.0,0.0,270482.27,Y,,
29AABCV1234K1Z9,022025,29AABCA2244T1Z8,APEX INDUSTRIAL SERVICES PRIVATE LIMITED,APE/24-25/7544,10-02-2025,997212,18,1233240.97,0.0,110991.69,110991.68,0.0,1455224.34,Y,,
29AABCV1234K1Z9,032025,29AAACV6688Y1ZQ,VISHWA ENTERPRISES PRIVATE LIMITED,VIS/24-25/9454,20-03-2025,72283000,18,3290384.18,0.0,296134.58,296134.57,0.0,3882653.33,Y,,CANCELLED_SUPPLIER
29AABCV1234K1Z9,032025,29AAACV6688Y1ZQ,VISHWA ENTERPRISES PRIVATE LIMITED,VIS/24-25/1594,27-03-2025,73251000,18,55106.94,0.0,4959.63,4959.62,0.0,65026.19,Y,,CANCELLED_SUPPLIER
29AABCV1234K1Z9,032025,29AAGFN7799P1ZY,NIRMAL PACKAGING INDUSTRIES,NIR/24-25/4580,28-03-2025,997212,18,1536331.43,0.0,138269.83,138269.83,0.0,1812871.09,Y,,
29AABCV1234K1Z9,032025,27AABCO3399Z1Z4,ORION METALS PRIVATE LIMITED,ORI/24-25/9287,14-03-2025,39269099,18,35330.39,6359.47,0.0,0.0,0.0,41689.86,Y,,
29AABCV1234K1Z9,032025,33AAHFS3355G1ZA,SUNRISE TOOLING SOLUTIONS,SUN/24-25/5205,28-03-2025,998873,12,675342.59,81041.11,0.0,0.0,0.0,756383.7,Y,,
29AABCV1234K1Z9,032025,29AAGFN7799P1ZY,NIRMAL PACKAGING INDUSTRIES,NIR/24-25/9814,06-03-2025,39269099,18,19477.64,0.0,1752.99,1752.99,0.0,22983.62,Y,,
29AABCV1234K1Z9,032025,33AAHFS3355G1ZA,SUNRISE TOOLING SOLUTIONS,SUN/24-25/6446,11-03-2025,48191010,12,18379.85,2205.58,0.0,0.0,0.0,20585.43,Y,,
29AABCV1234K1Z9,032025,33AAHFS3355G1ZA,SUNRISE TOOLING SOLUTIONS,SUN/24-25/9293,21-03-2025,48191010,12,6749.78,809.97,0.0,0.0,0.0,7559.75,Y,,
29AABCV1234K1Z9,032025,29AAGFN7799P1ZY,NIRMAL PACKAGING INDUSTRIES,NIR/24-25/7642,06-03-2025,73251000,18,72823.76,0.0,6554.14,6554.14,0.0,85932.04,Y,,
29AABCV1234K1Z9,032025,29AABCA2244T1Z8,APEX INDUSTRIAL SERVICES PRIVATE LIMITED,APE/24-25/9874,25-03-2025,48191010,12,28259.97,0.0,1695.6,1695.6,0.0,31651.17,Y,,
29AABCV1234K1Z9,032025,29AAACB1199C1ZV,BHARAT SPECIAL STEELS LIMITED,BHA/24-25/5910,11-03-2025,39269099,18,52134.21,0.0,4692.08,4692.08,0.0,61518.37,Y,,
29AABCV1234K1Z9,032025,29AAACV6688Y1ZQ,VISHWA ENTERPRISES PRIVATE LIMITED,VIS/24-25/8808,11-03-2025,39269099,18,55014.55,0.0,4951.31,4951.31,0.0,64917.17,Y,,CANCELLED_SUPPLIER
29AABCV1234K1Z9,032025,29AAACB1199C1ZV,BHARAT SPECIAL STEELS LIMITED,BHA/24-25/1366,14-03-2025,998873,12,413552.03,0.0,24813.12,24813.12,0.0,463178.27,Y,,
29AABCV1234K1Z9,032025,27AABCO3399Z1Z4,ORION METALS PRIVATE LIMITED,ORI/24-25/2403,17-03-2025,997212,18,1318142.74,237265.69,0.0,0.0,0.0,1555408.43,Y,,
27AABCV1234K1ZD,042024,27AADCI7733E1ZL,INDUS FORGINGS AND ALLOYS PRIVATE LIMITED,IND/24-25/1017,02-04-2024,72283000,18,1214015.67,0.0,109261.41,109261.41,0.0,1432538.49,Y,,
27AABCV1234K1ZD,042024,27AADCI7733E1ZL,INDUS FORGINGS AND ALLOYS PRIVATE LIMITED,IND/24-25/2542,06-04-2024,48191010,12,510.54,0.0,30.63,30.63,0.0,571.8,Y,,
27AABCV1234K1ZD,042024,33AAHFS3355G1ZA,SUNRISE TOOLING SOLUTIONS,SUN/24-25/7488,04-04-2024,998873,12,194113.99,23293.68,0.0,0.0,0.0,217407.67,Y,,
27AABCV1234K1ZD,042024,27AABCO3399Z1Z4,ORION METALS PRIVATE LIMITED,ORI/24-25/2861,09-04-2024,39269099,18,6943.34,0.0,624.9,624.9,0.0,8193.14,Y,,
27AABCV1234K1ZD,042024,29AAGFN7799P1ZY,NIRMAL PACKAGING INDUSTRIES,NIR/24-25/2832,18-04-2024,72283000,18,554505.64,99811.02,0.0,0.0,0.0,654316.66,Y,,
27AABCV1234K1ZD,052024,24AACCG9911B1Z0,GAURAV POLYMERS PRIVATE LIMITED,GAU/24-25/2041,17-05-2024,998873,12,172911.7,20749.4,0.0,0.0,0.0,193661.1,Y,,
27AABCV1234K1ZD,052024,33AAHFS3355G1ZA,SUNRISE TOOLING SOLUTIONS,SUN/24-25/4003,30-05-2024,39269099,18,31449.49,5660.91,0.0,0.0,0.0,37110.4,Y,,
27AABCV1234K1ZD,052024,29AABCM5511D1ZT,MYSORE CASTINGS PRIVATE LIMITED,MYS/24-25/5438,23-05-2024,73251000,18,25593.16,4606.77,0.0,0.0,0.0,30199.93,Y,,
27AABCV1234K1ZD,052024,33AAHFS3355G1ZA,SUNRISE TOOLING SOLUTIONS,SUN/24-25/3180,23-05-2024,73251000,18,20415.6,3674.81,0.0,0.0,0.0,24090.41,Y,,
27AABCV1234K1ZD,052024,29AAACV6688Y1ZQ,VISHWA ENTERPRISES PRIVATE LIMITED,VIS/24-25/6771,14-05-2024,72283000,18,2586398.45,465551.72,0.0,0.0,0.0,3051950.17,Y,,
27AABCV1234K1ZD,062024,29AAACB1199C1ZV,BHARAT SPECIAL STEELS LIMITED,BHA/24-25/4688,27-06-2024,998873,12,435742.81,52289.14,0.0,0.0,0.0,488031.95,Y,,
27AABCV1234K1ZD,062024,27AABCO3399Z1Z4,ORION METALS PRIVATE LIMITED,ORI/24-25/8052,13-06-2024,72283000,18,1704851.4,0.0,153436.63,153436.62,0.0,2011724.65,Y,,
27AABCV1234K1ZD,062024,33AAHFS3355G1ZA,SUNRISE TOOLING SOLUTIONS,SUN/24-25/8034,15-06-2024,998873,12,323311.86,38797.42,0.0,0.0,0.0,362109.28,Y,,
27AABCV1234K1ZD,062024,27AADCI7733E1ZL,INDUS FORGINGS AND ALLOYS PRIVATE LIMITED,IND/24-25/8433,04-06-2024,998873,12,201476.03,0.0,12088.56,12088.56,0.0,225653.15,Y,,
27AABCV1234K1ZD,062024,29AAGFN7799P1ZY,NIRMAL PACKAGING INDUSTRIES,NIR/24-25/2107,14-06-2024,73251000,18,10842.81,1951.71,0.0,0.0,0.0,12794.52,Y,,
27AABCV1234K1ZD,072024,24AACCG9911B1Z0,GAURAV POLYMERS PRIVATE LIMITED,GAU/24-25/2536,21-07-2024,997212,18,266513.33,47972.4,0.0,0.0,0.0,314485.73,Y,,
27AABCV1234K1ZD,072024,27AABCO3399Z1Z4,ORION METALS PRIVATE LIMITED,ORI/24-25/2966,17-07-2024,72283000,18,929118.35,0.0,83620.65,83620.65,0.0,1096359.65,Y,,
27AABCV1234K1ZD,072024,24AACCG9911B1Z0,GAURAV POLYMERS PRIVATE LIMITED,GAU/24-25/6688,20-07-2024,73251000,18,5728.84,1031.19,0.0,0.0,0.0,6760.03,Y,,
27AABCV1234K1ZD,072024,29AAACB1199C1ZV,BHARAT SPECIAL STEELS LIMITED,BHA/24-25/5025,26-07-2024,72283000,18,1227063.82,220871.49,0.0,0.0,0.0,1447935.31,Y,,
27AABCV1234K1ZD,072024,27AABCO3399Z1Z4,ORION METALS PRIVATE LIMITED,ORI/24-25/8971,24-07-2024,73251000,18,7723.66,0.0,695.13,695.13,0.0,9113.92,Y,,
27AABCV1234K1ZD,082024,29AAGFN7799P1ZY,NIRMAL PACKAGING INDUSTRIES,NIR/24-25/5368,19-08-2024,73251000,18,20392.32,3670.62,0.0,0.0,0.0,24062.94,Y,,
27AABCV1234K1ZD,082024,24AACCG9911B1Z0,GAURAV POLYMERS PRIVATE LIMITED,GAU/24-25/6188,13-08-2024,48191010,12,3453.15,414.38,0.0,0.0,0.0,3867.53,Y,,
27AABCV1234K1ZD,082024,24AACCG9911B1Z0,GAURAV POLYMERS PRIVATE LIMITED,GAU/24-25/2695,19-08-2024,39269099,18,37627.47,6772.94,0.0,0.0,0.0,44400.41,Y,,
27AABCV1234K1ZD,082024,29AAACV6688Y1ZQ,VISHWA ENTERPRISES PRIVATE LIMITED,VIS/24-25/7679,02-08-2024,997212,18,1394995.85,251099.25,0.0,0.0,0.0,1646095.1,Y,,
27AABCV1234K1ZD,082024,27AADCI7733E1ZL,INDUS FORGINGS AND ALLOYS PRIVATE LIMITED,IND/24-25/4285,18-08-2024,72283000,18,1242665.84,0.0,111839.93,111839.92,0.0,1466345.69,Y,,
27AABCV1234K1ZD,092024,29AAACV6688Y1ZQ,VISHWA ENTERPRISES PRIVATE LIMITED,VIS/24-25/1270,10-09-2024,39269099,18,32840.76,5911.34,0.0,0.0,0.0,38752.1,Y,,
27AABCV1234K1ZD,092024,29AAGFN7799P1ZY,NIRMAL PACKAGING INDUSTRIES,NIR/24-25/9214,13-09-2024,998873,12,310569.02,37268.28,0.0,0.0,0.0,347837.3,Y,,
27AABCV1234K1ZD,092024,29AAACV6688Y1ZQ,VISHWA ENTERPRISES PRIVATE LIMITED,VIS/24-25/7022,08-09-2024,997212,18,810357.41,145864.33,0.0,0.0,0.0,956221.74,Y,,
27AABCV1234K1ZD,092024,29AAACB1199C1ZV,BHARAT SPECIAL STEELS LIMITED,BHA/24-25/5576,02-09-2024,73251000,18,35011.04,6301.99,0.0,0.0,0.0,41313.03,Y,,
27AABCV1234K1ZD,092024,33AAHFS3355G1ZA,SUNRISE TOOLING SOLUTIONS,SUN/24-25/2737,12-09-2024,997212,18,1248285.54,224691.4,0.0,0.0,0.0,1472976.94,Y,,
27AABCV1234K1ZD,102024,27AABCO3399Z1Z4,ORION METALS PRIVATE LIMITED,ORI/24-25/4145,28-10-2024,998873,12,360299.88,0.0,21618.0,21617.99,0.0,403535.87,Y,,
27AABCV1234K1ZD,102024,29AABCA2244T1Z8,APEX INDUSTRIAL SERVICES PRIVATE LIMITED,APE/24-25/9690,24-10-2024,997212,18,2111771.34,380118.84,0.0,0.0,0.0,2491890.18,Y,,
27AABCV1234K1ZD,102024,27AADCI7733E1ZL,INDUS FORGINGS AND ALLOYS PRIVATE LIMITED,IND/24-25/8719,14-10-2024,39269099,18,28281.16,0.0,2545.31,2545.3,0.0,33371.77,Y,,
27AABCV1234K1ZD,102024,29AAACB1199C1ZV,BHARAT SPECIAL STEELS LIMITED,BHA/24-25/4221,16-10-2024,48191010,12,3585.95,430.31,0.0,0.0,0.0,4016.26,Y,,
27AABCV1234K1ZD,102024,24AACCG9911B1Z0,GAURAV POLYMERS PRIVATE LIMITED,GAU/24-25/8607,10-10-2024,998873,12,294286.6,35314.39,0.0,0.0,0.0,329600.99,Y,,
27AABCV1234K1ZD,112024,33AAHFS3355G1ZA,SUNRISE TOOLING SOLUTIONS,SUN/24-25/5107,12-11-2024,48191010,12,7324.02,878.88,0.0,0.0,0.0,8202.9,Y,,
27AABCV1234K1ZD,112024,27AADCI7733E1ZL,INDUS FORGINGS AND ALLOYS PRIVATE LIMITED,IND/24-25/1219,21-11-2024,997212,18,1380215.24,0.0,124219.37,124219.37,0.0,1628653.98,Y,,
27AABCV1234K1ZD,112024,33AAHFS3355G1ZA,SUNRISE TOOLING SOLUTIONS,SUN/24-25/2798,04-11-2024,998873,12,626869.42,75224.33,0.0,0.0,0.0,702093.75,Y,,
27AABCV1234K1ZD,112024,29AABCA2244T1Z8,APEX INDUSTRIAL SERVICES PRIVATE LIMITED,APE/24-25/7566,21-11-2024,48191010,12,13061.82,1567.42,0.0,0.0,0.0,14629.24,Y,,
27AABCV1234K1ZD,112024,29AAACB1199C1ZV,BHARAT SPECIAL STEELS LIMITED,BHA/24-25/2389,15-11-2024,998873,12,797236.08,95668.33,0.0,0.0,0.0,892904.41,Y,,
27AABCV1234K1ZD,122024,29AAGFN7799P1ZY,NIRMAL PACKAGING INDUSTRIES,NIR/24-25/3369,13-12-2024,72283000,18,1162944.44,209330.0,0.0,0.0,0.0,1372274.44,Y,,
27AABCV1234K1ZD,122024,29AABCM5511D1ZT,MYSORE CASTINGS PRIVATE LIMITED,MYS/24-25/8276,24-12-2024,73251000,18,7087.68,1275.78,0.0,0.0,0.0,8363.46,Y,,
27AABCV1234K1ZD,122024,29AAGFN7799P1ZY,NIRMAL PACKAGING INDUSTRIES,NIR/24-25/4648,07-12-2024,72283000,18,926042.36,166687.62,0.0,0.0,0.0,1092729.98,Y,,
27AABCV1234K1ZD,122024,29AAGFN7799P1ZY,NIRMAL PACKAGING INDUSTRIES,NIR/24-25/2330,30-12-2024,997212,18,429070.33,77232.66,0.0,0.0,0.0,506302.99,Y,,
27AABCV1234K1ZD,122024,29AABCM5511D1ZT,MYSORE CASTINGS PRIVATE LIMITED,MYS/24-25/7543,19-12-2024,48191010,12,2190.92,262.91,0.0,0.0,0.0,2453.83,Y,,
27AABCV1234K1ZD,012025,29AAACV6688Y1ZQ,VISHWA ENTERPRISES PRIVATE LIMITED,VIS/24-25/4001,25-01-2025,998873,12,270920.31,32510.44,0.0,0.0,0.0,303430.75,Y,,CANCELLED_SUPPLIER
27AABCV1234K1ZD,012025,27AADCI7733E1ZL,INDUS FORGINGS AND ALLOYS PRIVATE LIMITED,IND/24-25/1017,15-01-2025,997212,18,2070586.77,0.0,186352.81,186352.81,0.0,2443292.39,Y,,
27AABCV1234K1ZD,012025,29AAACB1199C1ZV,BHARAT SPECIAL STEELS LIMITED,BHA/24-25/2507,19-01-2025,998873,12,482957.29,57954.87,0.0,0.0,0.0,540912.16,Y,,
27AABCV1234K1ZD,012025,29AABCA2244T1Z8,APEX INDUSTRIAL SERVICES PRIVATE LIMITED,APE/24-25/2977,11-01-2025,73251000,18,25650.44,4617.08,0.0,0.0,0.0,30267.52,Y,,
27AABCV1234K1ZD,012025,27AABCO3399Z1Z4,ORION METALS PRIVATE LIMITED,ORI/24-25/1934,17-01-2025,998873,12,213998.88,0.0,12839.94,12839.93,0.0,239678.75,Y,,
27AABCV1234K1ZD,022025,29AABCA2244T1Z8,APEX INDUSTRIAL SERVICES PRIVATE LIMITED,APE/24-25/9456,09-02-2025,73251000,18,2943.23,529.78,0.0,0.0,0.0,3473.01,Y,,
27AABCV1234K1ZD,022025,24AACCG9911B1Z0,GAURAV POLYMERS PRIVATE LIMITED,GAU/24-25/6493,07-02-2025,72283000,18,1060304.79,190854.86,0.0,0.0,0.0,1251159.65,Y,,
27AABCV1234K1ZD,022025,29AABCA2244T1Z8,APEX INDUSTRIAL SERVICES PRIVATE LIMITED,APE/24-25/4909,02-02-2025,72283000,18,1360635.23,244914.34,0.0,0.0,0.0,1605549.57,Y,,
27AABCV1234K1ZD,022025,29AAACV6688Y1ZQ,VISHWA ENTERPRISES PRIVATE LIMITED,VIS/24-25/5337,02-02-2025,998873,12,60669.9,7280.39,0.0,0.0,0.0,67950.29,Y,,CANCELLED_SUPPLIER
27AABCV1234K1ZD,022025,24AACCG9911B1Z0,GAURAV POLYMERS PRIVATE LIMITED,GAU/24-25/2497,16-02-2025,39269099,18,15708.76,2827.58,0.0,0.0,0.0,18536.34,Y,,
27AABCV1234K1ZD,032025,29AAGFN7799P1ZY,NIRMAL PACKAGING INDUSTRIES,NIR/24-25/6331,04-03-2025,39269099,18,132573.73,23863.27,0.0,0.0,0.0,156437.0,Y,,
27AABCV1234K1ZD,032025,29AABCM5511D1ZT,MYSORE CASTINGS PRIVATE LIMITED,MYS/24-25/1259,09-03-2025,39269099,18,16985.07,3057.31,0.0,0.0,0.0,20042.38,Y,,
27AABCV1234K1ZD,032025,27AADCI7733E1ZL,INDUS FORGINGS AND ALLOYS PRIVATE LIMITED,IND/24-25/4618,06-03-2025,39269099,18,15016.0,0.0,1351.44,1351.44,0.0,17718.88,Y,,
27AABCV1234K1ZD,032025,27AADCI7733E1ZL,INDUS FORGINGS AND ALLOYS PRIVATE LIMITED,IND/24-25/8334,22-03-2025,39269099,18,47761.11,0.0,4298.5,4298.5,0.0,56358.11,Y,,
27AABCV1234K1ZD,032025,29AAGFN7799P1ZY,NIRMAL PACKAGING INDUSTRIES,NIR/24-25/5334,07-03-2025,997212,18,2099256.91,377866.24,0.0,0.0,0.0,2477123.15,Y,,
