gstin,tax_period,table,invoice_no,invoice_date,ctin,customer_name,pos,inv_typ,hsn,rate,taxable_value,igst,cgst,sgst,cess,invoice_value
29AABCV1234K1Z9,042024,B2B,VPI/KA/24-25/0001,12-04-2024,27AAEFS1122H1ZJ,SAHYADRI ENGINEERING WORKS,27,R,72085190,18,557039.05,100267.03,0.0,0.0,0.0,657306.08
29AABCV1234K1Z9,042024,B2B,VPI/KA/24-25/0002,28-04-2024,29AAAGK3344N1Z0,KARNATAKA STATE INFRA DEVELOPMENT CORPORATION,29,R,998719,18,225022.14,0.0,20252.0,20251.99,0.0,265526.13
29AABCV1234K1Z9,042024,B2B,VPI/KA/24-25/0003,21-04-2024,29AAGFK9012M1ZX,KAVERI HYDRAULICS LLP,29,R,84139110,18,38908.12,0.0,3501.73,3501.73,0.0,45911.58
29AABCV1234K1Z9,042024,B2B,VPI/KA/24-25/0004,07-04-2024,29AACCS7712F1ZB,SRIRAM AUTO COMPONENTS PRIVATE LIMITED,29,R,998719,18,370656.64,0.0,33359.1,33359.1,0.0,437374.84
29AABCV1234K1Z9,042024,B2B,VPI/KA/24-25/0005,03-04-2024,29AAGFK9012M1ZX,KAVERI HYDRAULICS LLP,29,R,72085190,18,938023.52,0.0,84422.12,84422.11,0.0,1106867.75
29AABCV1234K1Z9,042024,B2B,VPI/KA/24-25/0006,01-04-2024,27AAEFS1122H1ZJ,SAHYADRI ENGINEERING WORKS,27,R,72085190,18,1615911.09,290864.0,0.0,0.0,0.0,1906775.09
29AABCV1234K1Z9,042024,B2B,VPI/KA/24-25/0007,30-04-2024,29AAGFK9012M1ZX,KAVERI HYDRAULICS LLP,29,R,84819090,18,261193.11,0.0,23507.38,23507.38,0.0,308207.87
29AABCV1234K1Z9,042024,B2B,VPI/KA/24-25/0008,17-04-2024,07AAACN8899J1ZP,NORTHERN VALVE SYSTEMS PRIVATE LIMITED,07,R,84139110,18,164042.66,29527.68,0.0,0.0,0.0,193570.34
29AABCV1234K1Z9,042024,B2B,VPI/KA/24-25/0009,11-04-2024,19AAACB6677K1Z6,BENGAL PUMPS AND SEALS PRIVATE LIMITED,19,R,73181500,18,69158.15,12448.47,0.0,0.0,0.0,81606.62
29AABCV1234K1Z9,042024,B2B,VPI/KA/24-25/0010,14-04-2024,29AACCS7712F1ZB,SRIRAM AUTO COMPONENTS PRIVATE LIMITED,29,R,72085190,18,1606175.35,0.0,144555.78,144555.78,0.0,1895286.91
29AABCV1234K1Z9,042024,B2B,VPI/KA/24-25/0011,17-04-2024,07AAACN8899J1ZP,NORTHERN VALVE SYSTEMS PRIVATE LIMITED,07,R,84139110,18,230338.69,41460.96,0.0,0.0,0.0,271799.65
29AABCV1234K1Z9,042024,B2B,VPI/KA/24-25/0012,09-04-2024,36AABCD4455L1ZH,DECCAN MACHINE TOOLS PRIVATE LIMITED,36,R,998719,18,315598.1,56807.66,0.0,0.0,0.0,372405.76
29AABCV1234K1Z9,042024,B2B,VPI/KA/24-25/0013,14-04-2024,19AAACB6677K1Z6,BENGAL PUMPS AND SEALS PRIVATE LIMITED,19,R,72085190,18,876544.14,157777.95,0.0,0.0,0.0,1034322.09
29AABCV1234K1Z9,042024,B2B,VPI/KA/24-25/0014,26-04-2024,29AAAGK3344N1Z0,KARNATAKA STATE INFRA DEVELOPMENT CORPORATION,29,R,73181500,18,27432.98,0.0,2468.97,2468.97,0.0,32370.92
29AABCV1234K1Z9,042024,B2B,VPI/KA/24-25/0015,11-04-2024,07AAACN8899J1ZP,NORTHERN VALVE SYSTEMS PRIVATE LIMITED,07,R,84139110,18,353436.76,63618.62,0.0,0.0,0.0,417055.38
29AABCV1234K1Z9,042024,B2B,VPI/KA/24-25/0016,19-04-2024,29AAAGK3344N1Z0,KARNATAKA STATE INFRA DEVELOPMENT CORPORATION,29,R,84139110,18,25990.65,0.0,2339.16,2339.16,0.0,30668.97
29AABCV1234K1Z9,042024,EXPWOP,VPI/KA/24-25/0017,19-04-2024,,PACIFIC RIM INDUSTRIAL PTE LTD,96,EXPWOP,84819090,18,1894725.64,0.0,0.0,0.0,0.0,1894725.64
29AABCV1234K1Z9,042024,EXPWOP,VPI/KA/24-25/0018,15-04-2024,,PACIFIC RIM INDUSTRIAL PTE LTD,96,EXPWOP,84139110,18,1588178.99,0.0,0.0,0.0,0.0,1588178.99
29AABCV1234K1Z9,042024,B2CL,VPI/KA/24-25/0019,25-04-2024,,Unregistered customer,32,R,998719,18,1522446.38,274040.35,0.0,0.0,0.0,1796486.73
29AABCV1234K1Z9,042024,B2CL,VPI/KA/24-25/0020,11-04-2024,,Unregistered customer,36,R,72085190,18,570544.52,102698.01,0.0,0.0,0.0,673242.53
29AABCV1234K1Z9,042024,B2CS,,30-04-2024,,B2C aggregate,29,OE,84819090,18,834009.71,0.0,75060.88,75060.87,0.0,984131.46
29AABCV1234K1Z9,042024,B2CS,,30-04-2024,,B2C aggregate,29,OE,84819090,12,316739.26,0.0,19004.36,19004.35,0.0,354747.97
29AABCV1234K1Z9,052024,B2B,VPI/KA/24-25/0021,20-05-2024,36AABCD4455L1ZH,DECCAN MACHINE TOOLS PRIVATE LIMITED,36,R,73181500,18,29538.12,5316.86,0.0,0.0,0.0,34854.98
29AABCV1234K1Z9,052024,B2B,VPI/KA/24-25/0022,19-05-2024,19AAACB6677K1Z6,BENGAL PUMPS AND SEALS PRIVATE LIMITED,19,R,72085190,18,1377744.6,247994.03,0.0,0.0,0.0,1625738.63
29AABCV1234K1Z9,052024,B2B,VPI/KA/24-25/0023,22-05-2024,29AAAGK3344N1Z0,KARNATAKA STATE INFRA DEVELOPMENT CORPORATION,29,R,40169390,12,8795.47,0.0,527.73,527.73,0.0,9850.93
29AABCV1234K1Z9,052024,B2B,VPI/KA/24-25/0024,19-05-2024,27AAEFS1122H1ZJ,SAHYADRI ENGINEERING WORKS,27,R,73181500,18,96266.43,17327.96,0.0,0.0,0.0,113594.39
29AABCV1234K1Z9,052024,B2B,VPI/KA/24-25/0025,07-05-2024,29AACCS7712F1ZB,SRIRAM AUTO COMPONENTS PRIVATE LIMITED,29,R,73181500,18,82029.99,0.0,7382.7,7382.7,0.0,96795.39
29AABCV1234K1Z9,052024,B2B,VPI/KA/24-25/0026,29-05-2024,29AACCS7712F1ZB,SRIRAM AUTO COMPONENTS PRIVATE LIMITED,29,R,998719,18,390953.81,0.0,35185.85,35185.84,0.0,461325.5
29AABCV1234K1Z9,052024,B2B,VPI/KA/24-25/0027,26-05-2024,07AAACN8899J1ZP,NORTHERN VALVE SYSTEMS PRIVATE LIMITED,07,R,40169390,12,11030.99,1323.72,0.0,0.0,0.0,12354.71
29AABCV1234K1Z9,052024,B2B,VPI/KA/24-25/0028,20-05-2024,36AABCD4455L1ZH,DECCAN MACHINE TOOLS PRIVATE LIMITED,36,R,84819090,18,34243.7,6163.87,0.0,0.0,0.0,40407.57
29AABCV1234K1Z9,052024,B2B,VPI/KA/24-25/0029,06-05-2024,29AACCS7712F1ZB,SRIRAM AUTO COMPONENTS PRIVATE LIMITED,29,R,40169390,12,7798.65,0.0,467.92,467.92,0.0,8734.49
29AABCV1234K1Z9,052024,B2B,VPI/KA/24-25/0030,21-05-2024,27AAEFS1122H1ZJ,SAHYADRI ENGINEERING WORKS,27,R,84819090,18,709301.01,127674.18,0.0,0.0,0.0,836975.19
29AABCV1234K1Z9,052024,B2B,VPI/KA/24-25/0031,08-05-2024,19AAACB6677K1Z6,BENGAL PUMPS AND SEALS PRIVATE LIMITED,19,R,72085190,18,2188068.93,393852.41,0.0,0.0,0.0,2581921.34
29AABCV1234K1Z9,052024,B2B,VPI/KA/24-25/0032,12-05-2024,29AAAGK3344N1Z0,KARNATAKA STATE INFRA DEVELOPMENT CORPORATION,29,R,998719,18,506213.57,0.0,45559.22,45559.22,0.0,597332.01
29AABCV1234K1Z9,052024,B2B,VPI/KA/24-25/0033,04-05-2024,27AAEFS1122H1ZJ,SAHYADRI ENGINEERING WORKS,27,R,40169390,12,46606.22,5592.75,0.0,0.0,0.0,52198.97
29AABCV1234K1Z9,052024,SEZWOP,VPI/KA/24-25/0034,22-05-2024,29AAFCQ2233R1ZV,QUANTUM PRECISION SEZ UNIT PRIVATE LIMITED,29,SEWOP,72085190,18,1537961.44,0.0,0.0,0.0,0.0,1537961.44
29AABCV1234K1Z9,052024,B2B,VPI/KA/24-25/0035,19-05-2024,29AAGFK9012M1ZX,KAVERI HYDRAULICS LLP,29,R,72085190,18,781331.03,0.0,70319.8,70319.79,0.0,921970.62
29AABCV1234K1Z9,052024,B2B,VPI/KA/24-25/0036,26-05-2024,29AACCS7712F1ZB,SRIRAM AUTO COMPONENTS PRIVATE LIMITED,29,R,998719,18,314467.42,0.0,28302.07,28302.07,0.0,371071.56
29AABCV1234K1Z9,052024,EXPWOP,VPI/KA/24-25/0037,06-05-2024,,ATLAS VALVE CORP,96,EXPWOP,84819090,18,1046480.28,0.0,0.0,0.0,0.0,1046480.28
29AABCV1234K1Z9,052024,EXPWOP,VPI/KA/24-25/0038,03-05-2024,,PACIFIC RIM INDUSTRIAL PTE LTD,96,EXPWOP,84819090,18,1764376.42,0.0,0.0,0.0,0.0,1764376.42
29AABCV1234K1Z9,052024,B2CL,VPI/KA/24-25/0039,31-05-2024,,Unregistered customer,24,R,998719,18,1493212.04,268778.17,0.0,0.0,0.0,1761990.21
29AABCV1234K1Z9,052024,B2CL,VPI/KA/24-25/0040,31-05-2024,,Unregistered customer,32,R,40169390,12,925921.25,111110.55,0.0,0.0,0.0,1037031.8
29AABCV1234K1Z9,052024,B2CS,,31-05-2024,,B2C aggregate,29,OE,84819090,18,547285.98,0.0,49255.74,49255.74,0.0,645797.46
29AABCV1234K1Z9,052024,B2CS,,31-05-2024,,B2C aggregate,29,OE,84819090,12,804509.54,0.0,48270.57,48270.57,0.0,901050.68
29AABCV1234K1Z9,062024,B2B,VPI/KA/24-25/0041,21-06-2024,29ADHPG5566Q1ZQ,GOKUL TRADERS,29,R,84819090,18,184087.55,0.0,16567.88,16567.88,0.0,217223.31
29AABCV1234K1Z9,062024,B2B,VPI/KA/24-25/0042,07-06-2024,07AAACN8899J1ZP,NORTHERN VALVE SYSTEMS PRIVATE LIMITED,07,R,84819090,18,215035.61,38706.41,0.0,0.0,0.0,253742.02
29AABCV1234K1Z9,062024,B2B,VPI/KA/24-25/0043,25-06-2024,36AABCD4455L1ZH,DECCAN MACHINE TOOLS PRIVATE LIMITED,36,R,998719,18,650915.93,117164.87,0.0,0.0,0.0,768080.8
29AABCV1234K1Z9,062024,B2B,VPI/KA/24-25/0044,18-06-2024,36AABCD4455L1ZH,DECCAN MACHINE TOOLS PRIVATE LIMITED,36,R,998719,18,51427.63,9256.97,0.0,0.0,0.0,60684.6
29AABCV1234K1Z9,062024,B2B,VPI/KA/24-25/0045,26-06-2024,36AABCD4455L1ZH,DECCAN MACHINE TOOLS PRIVATE LIMITED,36,R,73181500,18,79628.35,14333.1,0.0,0.0,0.0,93961.45
29AABCV1234K1Z9,062024,B2B,VPI/KA/24-25/0046,20-06-2024,29ADHPG5566Q1ZQ,GOKUL TRADERS,29,R,84819090,18,323553.89,0.0,29119.85,29119.85,0.0,381793.59
29AABCV1234K1Z9,062024,B2B,VPI/KA/24-25/0047,14-06-2024,29AACCS7712F1ZB,SRIRAM AUTO COMPONENTS PRIVATE LIMITED,29,R,84139110,18,200120.58,0.0,18010.85,18010.85,0.0,236142.28
29AABCV1234K1Z9,062024,B2B,VPI/KA/24-25/0048,21-06-2024,36AABCD4455L1ZH,DECCAN MACHINE TOOLS PRIVATE LIMITED,36,R,73181500,18,13924.08,2506.33,0.0,0.0,0.0,16430.41
29AABCV1234K1Z9,062024,B2B,VPI/KA/24-25/0049,03-06-2024,29AAGFK9012M1ZX,KAVERI HYDRAULICS LLP,29,R,40169390,12,24011.42,0.0,1440.69,1440.68,0.0,26892.79
29AABCV1234K1Z9,062024,B2B,VPI/KA/24-25/0050,19-06-2024,29ADHPG5566Q1ZQ,GOKUL TRADERS,29,R,40169390,12,5672.54,0.0,340.35,340.35,0.0,6353.24
29AABCV1234K1Z9,062024,B2B,VPI/KA/24-25/0051,03-06-2024,29AAGFK9012M1ZX,KAVERI HYDRAULICS LLP,29,R,84139110,18,163277.66,0.0,14694.99,14694.99,0.0,192667.64
29AABCV1234K1Z9,062024,SEZWOP,VPI/KA/24-25/0052,01-06-2024,29AAFCQ2233R1ZV,QUANTUM PRECISION SEZ UNIT PRIVATE LIMITED,29,SEWOP,998719,18,156372.79,0.0,0.0,0.0,0.0,156372.79
29AABCV1234K1Z9,062024,B2B,VPI/KA/24-25/0053,29-06-2024,27AAEFS1122H1ZJ,SAHYADRI ENGINEERING WORKS,27,R,84139110,18,109718.85,19749.39,0.0,0.0,0.0,129468.24
29AABCV1234K1Z9,062024,B2B,VPI/KA/24-25/0054,15-06-2024,19AAACB6677K1Z6,BENGAL PUMPS AND SEALS PRIVATE LIMITED,19,R,84819090,18,106606.26,19189.13,0.0,0.0,0.0,125795.39
29AABCV1234K1Z9,062024,B2B,VPI/KA/24-25/0055,04-06-2024,29AAGFK9012M1ZX,KAVERI HYDRAULICS LLP,29,R,998719,18,467676.4,0.0,42090.88,42090.87,0.0,551858.15
29AABCV1234K1Z9,062024,B2B,VPI/KA/24-25/0056,18-06-2024,19AAACB6677K1Z6,BENGAL PUMPS AND SEALS PRIVATE LIMITED,19,R,40169390,12,34184.51,4102.14,0.0,0.0,0.0,38286.65
29AABCV1234K1Z9,062024,EXPWOP,VPI/KA/24-25/0057,28-06-2024,,PACIFIC RIM INDUSTRIAL PTE LTD,96,EXPWOP,72085190,18,2977670.19,0.0,0.0,0.0,0.0,2977670.19
29AABCV1234K1Z9,062024,EXPWOP,VPI/KA/24-25/0058,02-06-2024,,ATLAS VALVE CORP,96,EXPWOP,73181500,18,2312188.59,0.0,0.0,0.0,0.0,2312188.59
29AABCV1234K1Z9,062024,B2CL,VPI/KA/24-25/0059,15-06-2024,,Unregistered customer,06,R,84819090,18,2093757.72,376876.39,0.0,0.0,0.0,2470634.11
29AABCV1234K1Z9,062024,B2CL,VPI/KA/24-25/0060,02-06-2024,,Unregistered customer,06,R,998719,18,1209613.4,217730.41,0.0,0.0,0.0,1427343.81
29AABCV1234K1Z9,062024,B2CS,,30-06-2024,,B2C aggregate,29,OE,84819090,18,940885.59,0.0,84679.71,84679.7,0.0,1110245.0
29AABCV1234K1Z9,062024,B2CS,,30-06-2024,,B2C aggregate,29,OE,84819090,12,1068803.57,0.0,64128.22,64128.21,0.0,1197060.0
29AABCV1234K1Z9,072024,B2B,VPI/KA/24-25/0061,17-07-2024,29AAAGK3344N1Z0,KARNATAKA STATE INFRA DEVELOPMENT CORPORATION,29,R,998719,18,304825.59,0.0,27434.31,27434.3,0.0,359694.2
29AABCV1234K1Z9,072024,SEZWOP,VPI/KA/24-25/0062,20-07-2024,29AAFCQ2233R1ZV,QUANTUM PRECISION SEZ UNIT PRIVATE LIMITED,29,SEWOP,998719,18,630461.57,0.0,0.0,0.0,0.0,630461.57
29AABCV1234K1Z9,072024,B2B,VPI/KA/24-25/0063,11-07-2024,29AAAGK3344N1Z0,KARNATAKA STATE INFRA DEVELOPMENT CORPORATION,29,R,84139110,18,53890.18,0.0,4850.12,4850.11,0.0,63590.41
29AABCV1234K1Z9,072024,B2B,VPI/KA/24-25/0064,31-07-2024,19AAACB6677K1Z6,BENGAL PUMPS AND SEALS PRIVATE LIMITED,19,R,84819090,18,577835.25,104010.35,0.0,0.0,0.0,681845.6
29AABCV1234K1Z9,072024,B2B,VPI/KA/24-25/0065,17-07-2024,07AAACN8899J1ZP,NORTHERN VALVE SYSTEMS PRIVATE LIMITED,07,R,84819090,18,310389.88,55870.18,0.0,0.0,0.0,366260.06
29AABCV1234K1Z9,072024,B2B,VPI/KA/24-25/0066,15-07-2024,27AAEFS1122H1ZJ,SAHYADRI ENGINEERING WORKS,27,R,73181500,18,65025.42,11704.58,0.0,0.0,0.0,76730.0
29AABCV1234K1Z9,072024,SEZWOP,VPI/KA/24-25/0067,28-07-2024,29AAFCQ2233R1ZV,QUANTUM PRECISION SEZ UNIT PRIVATE LIMITED,29,SEWOP,40169390,12,14876.92,0.0,0.0,0.0,0.0,14876.92
29AABCV1234K1Z9,072024,B2B,VPI/KA/24-25/0068,11-07-2024,36AABCD4455L1ZH,DECCAN MACHINE TOOLS PRIVATE LIMITED,36,R,40169390,12,23351.41,2802.17,0.0,0.0,0.0,26153.58
29AABCV1234K1Z9,072024,B2B,VPI/KA/24-25/0069,12-07-2024,19AAACB6677K1Z6,BENGAL PUMPS AND SEALS PRIVATE LIMITED,19,R,73181500,18,30831.45,5549.66,0.0,0.0,0.0,36381.11
29AABCV1234K1Z9,072024,B2B,VPI/KA/24-25/0070,23-07-2024,27AAEFS1122H1ZJ,SAHYADRI ENGINEERING WORKS,27,R,84819090,18,936238.38,168522.91,0.0,0.0,0.0,1104761.29
29AABCV1234K1Z9,072024,B2B,VPI/KA/24-25/0071,01-07-2024,36AABCD4455L1ZH,DECCAN MACHINE TOOLS PRIVATE LIMITED,36,R,40169390,12,18758.29,2250.99,0.0,0.0,0.0,21009.28
29AABCV1234K1Z9,072024,B2B,VPI/KA/24-25/0072,10-07-2024,19AAACB6677K1Z6,BENGAL PUMPS AND SEALS PRIVATE LIMITED,19,R,998719,18,735664.34,132419.58,0.0,0.0,0.0,868083.92
29AABCV1234K1Z9,072024,B2B,VPI/KA/24-25/0073,28-07-2024,29AACCS7712F1ZB,SRIRAM AUTO COMPONENTS PRIVATE LIMITED,29,R,40169390,12,39811.48,0.0,2388.69,2388.69,0.0,44588.86
29AABCV1234K1Z9,072024,B2B,VPI/KA/24-25/0074,27-07-2024,27AAEFS1122H1ZJ,SAHYADRI ENGINEERING WORKS,27,R,73181500,18,60864.67,10955.64,0.0,0.0,0.0,71820.31
29AABCV1234K1Z9,072024,B2B,VPI/KA/24-25/0075,06-07-2024,29ADHPG5566Q1ZQ,GOKUL TRADERS,29,R,84139110,18,209234.79,0.0,18831.13,18831.13,0.0,246897.05
29AABCV1234K1Z9,072024,B2B,VPI/KA/24-25/0076,05-07-2024,29AAGFK9012M1ZX,KAVERI HYDRAULICS LLP,29,R,73181500,18,152211.58,0.0,13699.04,13699.04,0.0,179609.66
29AABCV1234K1Z9,072024,EXPWOP,VPI/KA/24-25/0077,03-07-2024,,ATLAS VALVE CORP,96,EXPWOP,84819090,18,1636202.09,0.0,0.0,0.0,0.0,1636202.09
29AABCV1234K1Z9,072024,EXPWOP,VPI/KA/24-25/0078,31-07-2024,,HELIOS FLUID SYSTEMS GMBH,96,EXPWOP,72085190,18,2418808.73,0.0,0.0,0.0,0.0,2418808.73
29AABCV1234K1Z9,072024,B2CL,VPI/KA/24-25/0079,21-07-2024,,Unregistered customer,06,R,84819090,18,2163958.69,389512.56,0.0,0.0,0.0,2553471.25
29AABCV1234K1Z9,072024,B2CL,VPI/KA/24-25/0080,03-07-2024,,Unregistered customer,06,R,72085190,18,1189511.92,214112.15,0.0,0.0,0.0,1403624.07
29AABCV1234K1Z9,072024,B2CS,,31-07-2024,,B2C aggregate,29,OE,84819090,18,1380923.01,0.0,124283.07,124283.07,0.0,1629489.15
29AABCV1234K1Z9,072024,B2CS,,31-07-2024,,B2C aggregate,29,OE,84819090,12,1017910.13,0.0,61074.61,61074.61,0.0,1140059.35
29AABCV1234K1Z9,082024,B2B,VPI/KA/24-25/0081,14-08-2024,19AAACB6677K1Z6,BENGAL PUMPS AND SEALS PRIVATE LIMITED,19,R,998719,18,130067.62,23412.17,0.0,0.0,0.0,153479.79
29AABCV1234K1Z9,082024,B2B,VPI/KA/24-25/0082,03-08-2024,27AAEFS1122H1ZJ,SAHYADRI ENGINEERING WORKS,27,R,40169390,12,18120.57,2174.47,0.0,0.0,0.0,20295.04
29AABCV1234K1Z9,082024,B2B,VPI/KA/24-25/0083,29-08-2024,27AAEFS1122H1ZJ,SAHYADRI ENGINEERING WORKS,27,R,84139110,18,824219.76,148359.56,0.0,0.0,0.0,972579.32
29AABCV1234K1Z9,082024,B2B,VPI/KA/24-25/0084,13-08-2024,07AAACN8899J1ZP,NORTHERN VALVE SYSTEMS PRIVATE LIMITED,07,R,40169390,12,33787.39,4054.49,0.0,0.0,0.0,37841.88
29AABCV1234K1Z9,082024,B2B,VPI/KA/24-25/0085,22-08-2024,29AAGFK9012M1ZX,KAVERI HYDRAULICS LLP,29,R,998719,18,156177.43,0.0,14055.97,14055.97,0.0,184289.37
29AABCV1234K1Z9,082024,B2B,VPI/KA/24-25/0086,05-08-2024,29AACCS7712F1ZB,SRIRAM AUTO COMPONENTS PRIVATE LIMITED,29,R,84819090,18,216135.1,0.0,19452.16,19452.16,0.0,255039.42
29AABCV1234K1Z9,082024,B2B,VPI/KA/24-25/0087,26-08-2024,07AAACN8899J1ZP,NORTHERN VALVE SYSTEMS PRIVATE LIMITED,07,R,84139110,18,196623.68,35392.26,0.0,0.0,0.0,232015.94
29AABCV1234K1Z9,082024,B2B,VPI/KA/24-25/0088,01-08-2024,29AAAGK3344N1Z0,KARNATAKA STATE INFRA DEVELOPMENT CORPORATION,29,R,73181500,18,9768.5,0.0,879.17,879.16,0.0,11526.83
29AABCV1234K1Z9,082024,B2B,VPI/KA/24-25/0089,20-08-2024,36AABCD4455L1ZH,DECCAN MACHINE TOOLS PRIVATE LIMITED,36,R,73181500,18,65111.72,11720.11,0.0,0.0,0.0,76831.83
29AABCV1234K1Z9,082024,B2B,VPI/KA/24-25/0090,05-08-2024,07AAACN8899J1ZP,NORTHERN VALVE SYSTEMS PRIVATE LIMITED,07,R,998719,18,229959.86,41392.77,0.0,0.0,0.0,271352.63
29AABCV1234K1Z9,082024,B2B,VPI/KA/24-25/0091,30-08-2024,19AAACB6677K1Z6,BENGAL PUMPS AND SEALS PRIVATE LIMITED,19,R,73181500,18,23863.06,4295.35,0.0,0.0,0.0,28158.41
29AABCV1234K1Z9,082024,B2B,VPI/KA/24-25/0092,23-08-2024,29ADHPG5566Q1ZQ,GOKUL TRADERS,29,R,84139110,18,90798.23,0.0,8171.84,8171.84,0.0,107141.91
29AABCV1234K1Z9,082024,B2B,VPI/KA/24-25/0093,14-08-2024,36AABCD4455L1ZH,DECCAN MACHINE TOOLS PRIVATE LIMITED,36,R,72085190,18,1408925.13,253606.52,0.0,0.0,0.0,1662531.65
29AABCV1234K1Z9,082024,B2B,VPI/KA/24-25/0094,08-08-2024,29AAAGK3344N1Z0,KARNATAKA STATE INFRA DEVELOPMENT CORPORATION,29,R,998719,18,417550.0,0.0,37579.5,37579.5,0.0,492709.0
29AABCV1234K1Z9,082024,B2B,VPI/KA/24-25/0095,08-08-2024,19AAACB6677K1Z6,BENGAL PUMPS AND SEALS PRIVATE LIMITED,19,R,72085190,18,1882250.96,338805.17,0.0,0.0,0.0,2221056.13
29AABCV1234K1Z9,082024,B2B,VPI/KA/24-25/0096,12-08-2024,29AACCS7712F1ZB,SRIRAM AUTO COMPONENTS PRIVATE LIMITED,29,R,84819090,18,596706.67,0.0,53703.6,53703.6,0.0,704113.87
29AABCV1234K1Z9,082024,EXPWOP,VPI/KA/24-25/0097,04-08-2024,,ATLAS VALVE CORP,96,EXPWOP,84139110,18,840430.82,0.0,0.0,0.0,0.0,840430.82
29AABCV1234K1Z9,082024,EXPWOP,VPI/KA/24-25/0098,08-08-2024,,PACIFIC RIM INDUSTRIAL PTE LTD,96,EXPWOP,40169390,12,1861302.17,0.0,0.0,0.0,0.0,1861302.17
29AABCV1234K1Z9,082024,B2CL,VPI/KA/24-25/0099,12-08-2024,,Unregistered customer,06,R,84139110,18,1397095.93,251477.27,0.0,0.0,0.0,1648573.2
29AABCV1234K1Z9,082024,B2CL,VPI/KA/24-25/0100,28-08-2024,,Unregistered customer,08,R,40169390,12,1758921.28,211070.55,0.0,0.0,0.0,1969991.83
29AABCV1234K1Z9,082024,B2CS,,31-08-2024,,B2C aggregate,29,OE,84819090,18,1318626.95,0.0,118676.43,118676.42,0.0,1555979.8
29AABCV1234K1Z9,082024,B2CS,,31-08-2024,,B2C aggregate,29,OE,84819090,12,286531.12,0.0,17191.87,17191.86,0.0,320914.85
29AABCV1234K1Z9,092024,B2B,VPI/KA/24-25/0101,20-09-2024,29ADHPG5566Q1ZQ,GOKUL TRADERS,29,R,84139110,18,26509.5,0.0,2385.86,2385.85,0.0,31281.21
29AABCV1234K1Z9,092024,SEZWOP,VPI/KA/24-25/0102,30-09-2024,29AAFCQ2233R1ZV,QUANTUM PRECISION SEZ UNIT PRIVATE LIMITED,29,SEWOP,84819090,18,138908.22,0.0,0.0,0.0,0.0,138908.22
29AABCV1234K1Z9,092024,B2B,VPI/KA/24-25/0103,09-09-2024,29ADHPG5566Q1ZQ,GOKUL TRADERS,29,R,84139110,18,573795.29,0.0,51641.58,51641.57,0.0,677078.44
29AABCV1234K1Z9,092024,B2B,VPI/KA/24-25/0104,10-09-2024,36AABCD4455L1ZH,DECCAN MACHINE TOOLS PRIVATE LIMITED,36,R,84819090,18,398709.05,71767.63,0.0,0.0,0.0,470476.68
29AABCV1234K1Z9,092024,B2B,VPI/KA/24-25/0105,08-09-2024,29ADHPG5566Q1ZQ,GOKUL TRADERS,29,R,84139110,18,55002.57,0.0,4950.23,4950.23,0.0,64903.03
29AABCV1234K1Z9,092024,SEZWOP,VPI/KA/24-25/0106,24-09-2024,29AAFCQ2233R1ZV,QUANTUM PRECISION SEZ UNIT PRIVATE LIMITED,29,SEWOP,40169390,12,9964.96,0.0,0.0,0.0,0.0,9964.96
29AABCV1234K1Z9,092024,B2B,VPI/KA/24-25/0107,19-09-2024,29AACCS7712F1ZB,SRIRAM AUTO COMPONENTS PRIVATE LIMITED,29,R,73181500,18,10416.52,0.0,937.49,937.48,0.0,12291.49
29AABCV1234K1Z9,092024,B2B,VPI/KA/24-25/0108,29-09-2024,29AAAGK3344N1Z0,KARNATAKA STATE INFRA DEVELOPMENT CORPORATION,29,R,40169390,12,24113.14,0.0,1446.79,1446.79,0.0,27006.72
29AABCV1234K1Z9,092024,B2B,VPI/KA/24-25/0109,28-09-2024,29ADHPG5566Q1ZQ,GOKUL TRADERS,29,R,40169390,12,26650.79,0.0,1599.05,1599.04,0.0,29848.88
29AABCV1234K1Z9,092024,B2B,VPI/KA/24-25/0110,20-09-2024,19AAACB6677K1Z6,BENGAL PUMPS AND SEALS PRIVATE LIMITED,19,R,40169390,12,18794.07,2255.29,0.0,0.0,0.0,21049.36
29AABCV1234K1Z9,092024,B2B,VPI/KA/24-25/0111,30-09-2024,29AAGFK9012M1ZX,KAVERI HYDRAULICS LLP,29,R,84139110,18,416577.82,0.0,37492.01,37492.0,0.0,491561.83
29AABCV1234K1Z9,092024,B2B,VPI/KA/24-25/0112,20-09-2024,29ADHPG5566Q1ZQ,GOKUL TRADERS,29,R,84819090,18,606887.15,0.0,54619.85,54619.84,0.0,716126.84
29AABCV1234K1Z9,092024,B2B,VPI/KA/24-25/0113,15-09-2024,07AAACN8899J1ZP,NORTHERN VALVE SYSTEMS PRIVATE LIMITED,07,R,72085190,18,1889166.7,340050.01,0.0,0.0,0.0,2229216.71
29AABCV1234K1Z9,092024,B2B,VPI/KA/24-25/0114,17-09-2024,29AACCS7712F1ZB,SRIRAM AUTO COMPONENTS PRIVATE LIMITED,29,R,72085190,18,1402041.87,0.0,126183.77,126183.77,0.0,1654409.41
29AABCV1234K1Z9,092024,B2B,VPI/KA/24-25/0115,11-09-2024,29AACCS7712F1ZB,SRIRAM AUTO COMPONENTS PRIVATE LIMITED,29,R,40169390,12,38463.57,0.0,2307.82,2307.81,0.0,43079.2
29AABCV1234K1Z9,092024,B2B,VPI/KA/24-25/0116,25-09-2024,07AAACN8899J1ZP,NORTHERN VALVE SYSTEMS PRIVATE LIMITED,07,R,40169390,12,7175.21,861.03,0.0,0.0,0.0,8036.24
29AABCV1234K1Z9,092024,EXPWOP,VPI/KA/24-25/0117,11-09-2024,,PACIFIC RIM INDUSTRIAL PTE LTD,96,EXPWOP,72085190,18,1696909.82,0.0,0.0,0.0,0.0,1696909.82
29AABCV1234K1Z9,092024,EXPWOP,VPI/KA/24-25/0118,06-09-2024,,PACIFIC RIM INDUSTRIAL PTE LTD,96,EXPWOP,40169390,12,2564071.53,0.0,0.0,0.0,0.0,2564071.53
29AABCV1234K1Z9,092024,B2CL,VPI/KA/24-25/0119,21-09-2024,,Unregistered customer,06,R,40169390,12,941052.54,112926.3,0.0,0.0,0.0,1053978.84
29AABCV1234K1Z9,092024,B2CL,VPI/KA/24-25/0120,26-09-2024,,Unregistered customer,08,R,73181500,18,753740.73,135673.33,0.0,0.0,0.0,889414.06
29AABCV1234K1Z9,092024,B2CS,,30-09-2024,,B2C aggregate,29,OE,84819090,18,1548812.34,0.0,139393.11,139393.11,0.0,1827598.56
29AABCV1234K1Z9,092024,B2CS,,30-09-2024,,B2C aggregate,29,OE,84819090,12,558688.56,0.0,33521.32,33521.31,0.0,625731.19
29AABCV1234K1Z9,102024,B2B,VPI/KA/24-25/0121,21-10-2024,36AABCD4455L1ZH,DECCAN MACHINE TOOLS PRIVATE LIMITED,36,R,84819090,18,185762.43,33437.24,0.0,0.0,0.0,219199.67
29AABCV1234K1Z9,102024,B2B,VPI/KA/24-25/0122,10-10-2024,29AACCS7712F1ZB,SRIRAM AUTO COMPONENTS PRIVATE LIMITED,29,R,40169390,12,29310.86,0.0,1758.65,1758.65,0.0,32828.16
29AABCV1234K1Z9,102024,B2B,VPI/KA/24-25/0123,18-10-2024,27AAEFS1122H1ZJ,SAHYADRI ENGINEERING WORKS,27,R,40169390,12,18580.11,2229.61,0.0,0.0,0.0,20809.72
29AABCV1234K1Z9,102024,B2B,VPI/KA/24-25/0124,20-10-2024,29AAGFK9012M1ZX,KAVERI HYDRAULICS LLP,29,R,40169390,12,12511.86,0.0,750.71,750.71,0.0,14013.28
29AABCV1234K1Z9,102024,SEZWOP,VPI/KA/24-25/0125,29-10-2024,29AAFCQ2233R1ZV,QUANTUM PRECISION SEZ UNIT PRIVATE LIMITED,29,SEWOP,84139110,18,86449.57,0.0,0.0,0.0,0.0,86449.57
29AABCV1234K1Z9,102024,B2B,VPI/KA/24-25/0126,30-10-2024,29AAGFK9012M1ZX,KAVERI HYDRAULICS LLP,29,R,84819090,18,346468.03,0.0,31182.13,31182.12,0.0,408832.28
29AABCV1234K1Z9,102024,B2B,VPI/KA/24-25/0127,22-10-2024,29ADHPG5566Q1ZQ,GOKUL TRADERS,29,R,40169390,12,36737.02,0.0,2204.22,2204.22,0.0,41145.46
29AABCV1234K1Z9,102024,B2B,VPI/KA/24-25/0128,16-10-2024,07AAACN8899J1ZP,NORTHERN VALVE SYSTEMS PRIVATE LIMITED,07,R,84819090,18,51493.65,9268.86,0.0,0.0,0.0,60762.51
29AABCV1234K1Z9,102024,B2B,VPI/KA/24-25/0129,09-10-2024,29AACCS7712F1ZB,SRIRAM AUTO COMPONENTS PRIVATE LIMITED,29,R,84139110,18,62844.48,0.0,5656.01,5656.0,0.0,74156.49
29AABCV1234K1Z9,102024,B2B,VPI/KA/24-25/0130,24-10-2024,29AACCS7712F1ZB,SRIRAM AUTO COMPONENTS PRIVATE LIMITED,29,R,84819090,18,214732.9,0.0,19325.96,19325.96,0.0,253384.82
29AABCV1234K1Z9,102024,B2B,VPI/KA/24-25/0131,12-10-2024,19AAACB6677K1Z6,BENGAL PUMPS AND SEALS PRIVATE LIMITED,19,R,72085190,18,870330.27,156659.45,0.0,0.0,0.0,1026989.72
29AABCV1234K1Z9,102024,B2B,VPI/KA/24-25/0132,24-10-2024,29AAGFK9012M1ZX,KAVERI HYDRAULICS LLP,29,R,40169390,12,7678.23,0.0,460.7,460.69,0.0,8599.62
29AABCV1234K1Z9,102024,B2B,VPI/KA/24-25/0133,19-10-2024,29AACCS7712F1ZB,SRIRAM AUTO COMPONENTS PRIVATE LIMITED,29,R,72085190,18,1304338.98,0.0,117390.51,117390.51,0.0,1539120.0
29AABCV1234K1Z9,102024,SEZWOP,VPI/KA/24-25/0134,14-10-2024,29AAFCQ2233R1ZV,QUANTUM PRECISION SEZ UNIT PRIVATE LIMITED,29,SEWOP,72085190,18,1431131.92,0.0,0.0,0.0,0.0,1431131.92
29AABCV1234K1Z9,102024,B2B,VPI/KA/24-25/0135,10-10-2024,36AABCD4455L1ZH,DECCAN MACHINE TOOLS PRIVATE LIMITED,36,R,72085190,18,1502206.63,270397.19,0.0,0.0,0.0,1772603.82
29AABCV1234K1Z9,102024,B2B,VPI/KA/24-25/0136,16-10-2024,07AAACN8899J1ZP,NORTHERN VALVE SYSTEMS PRIVATE LIMITED,07,R,84139110,18,249681.46,44942.66,0.0,0.0,0.0,294624.12
29AABCV1234K1Z9,102024,EXPWOP,VPI/KA/24-25/0137,06-10-2024,,ATLAS VALVE CORP,96,EXPWOP,73181500,18,1580676.21,0.0,0.0,0.0,0.0,1580676.21
29AABCV1234K1Z9,102024,EXPWOP,VPI/KA/24-25/0138,09-10-2024,,ATLAS VALVE CORP,96,EXPWOP,84819090,18,1253209.64,0.0,0.0,0.0,0.0,1253209.64
29AABCV1234K1Z9,102024,B2CL,VPI/KA/24-25/0139,09-10-2024,,Unregistered customer,06,R,40169390,12,1334994.86,160199.38,0.0,0.0,0.0,1495194.24
29AABCV1234K1Z9,102024,B2CL,VPI/KA/24-25/0140,14-10-2024,,Unregistered customer,06,R,84139110,18,865448.8,155780.78,0.0,0.0,0.0,1021229.58
29AABCV1234K1Z9,102024,B2CS,,31-10-2024,,B2C aggregate,29,OE,84819090,18,596066.69,0.0,53646.0,53646.0,0.0,703358.69
29AABCV1234K1Z9,102024,B2CS,,31-10-2024,,B2C aggregate,29,OE,84819090,12,301627.74,0.0,18097.67,18097.66,0.0,337823.07
29AABCV1234K1Z9,112024,B2B,VPI/KA/24-25/0141,10-11-2024,07AAACN8899J1ZP,NORTHERN VALVE SYSTEMS PRIVATE LIMITED,07,R,84139110,18,572974.85,103135.47,0.0,0.0,0.0,676110.32
29AABCV1234K1Z9,112024,B2B,VPI/KA/24-25/0142,08-11-2024,19AAACB6677K1Z6,BENGAL PUMPS AND SEALS PRIVATE LIMITED,19,R,72085190,18,2084797.98,375263.64,0.0,0.0,0.0,2460061.62
29AABCV1234K1Z9,112024,B2B,VPI/KA/24-25/0143,25-11-2024,07AAACN8899J1ZP,NORTHERN VALVE SYSTEMS PRIVATE LIMITED,07,R,84139110,18,42153.63,7587.65,0.0,0.0,0.0,49741.28
29AABCV1234K1Z9,112024,B2B,VPI/KA/24-25/0144,16-11-2024,19AAACB6677K1Z6,BENGAL PUMPS AND SEALS PRIVATE LIMITED,19,R,73181500,18,126842.27,22831.61,0.0,0.0,0.0,149673.88
29AABCV1234K1Z9,112024,B2B,VPI/KA/24-25/0145,22-11-2024,29ADHPG5566Q1ZQ,GOKUL TRADERS,29,R,40169390,12,11709.34,0.0,702.56,702.56,0.0,13114.46
29AABCV1234K1Z9,112024,B2B,VPI/KA/24-25/0146,14-11-2024,19AAACB6677K1Z6,BENGAL PUMPS AND SEALS PRIVATE LIMITED,19,R,40169390,12,31053.17,3726.38,0.0,0.0,0.0,34779.55
29AABCV1234K1Z9,112024,B2B,VPI/KA/24-25/0147,02-11-2024,07AAACN8899J1ZP,NORTHERN VALVE SYSTEMS PRIVATE LIMITED,07,R,84139110,18,128267.47,23088.14,0.0,0.0,0.0,151355.61
29AABCV1234K1Z9,112024,B2B,VPI/KA/24-25/0148,22-11-2024,29AACCS7712F1ZB,SRIRAM AUTO COMPONENTS PRIVATE LIMITED,29,R,998719,18,266293.83,0.0,23966.45,23966.44,0.0,314226.72
29AABCV1234K1Z9,112024,B2B,VPI/KA/24-25/0149,17-11-2024,27AAEFS1122H1ZJ,SAHYADRI ENGINEERING WORKS,27,R,73181500,18,16466.68,2964.0,0.0,0.0,0.0,19430.68
29AABCV1234K1Z9,112024,B2B,VPI/KA/24-25/0150,19-11-2024,07AAACN8899J1ZP,NORTHERN VALVE SYSTEMS PRIVATE LIMITED,07,R,84819090,18,43535.33,7836.36,0.0,0.0,0.0,51371.69
29AABCV1234K1Z9,112024,B2B,VPI/KA/24-25/0151,13-11-2024,29AAGFK9012M1ZX,KAVERI HYDRAULICS LLP,29,R,84139110,18,99994.43,0.0,8999.5,8999.5,0.0,117993.43
29AABCV1234K1Z9,112024,B2B,VPI/KA/24-25/0152,25-11-2024,29AACCS7712F1ZB,SRIRAM AUTO COMPONENTS PRIVATE LIMITED,29,R,84819090,18,717347.68,0.0,64561.29,64561.29,0.0,846470.26
29AABCV1234K1Z9,112024,B2B,VPI/KA/24-25/0153,27-11-2024,29AACCS7712F1ZB,SRIRAM AUTO COMPONENTS PRIVATE LIMITED,29,R,84139110,18,197519.85,0.0,17776.79,17776.78,0.0,233073.42
29AABCV1234K1Z9,112024,B2B,VPI/KA/24-25/0154,11-11-2024,36AABCD4455L1ZH,DECCAN MACHINE TOOLS PRIVATE LIMITED,36,R,73181500,18,13539.34,2437.08,0.0,0.0,0.0,15976.42
29AABCV1234K1Z9,112024,B2B,VPI/KA/24-25/0155,25-11-2024,27AAEFS1122H1ZJ,SAHYADRI ENGINEERING WORKS,27,R,998719,18,419137.53,75444.76,0.0,0.0,0.0,494582.29
29AABCV1234K1Z9,112024,SEZWOP,VPI/KA/24-25/0156,03-11-2024,29AAFCQ2233R1ZV,QUANTUM PRECISION SEZ UNIT PRIVATE LIMITED,29,SEWOP,84819090,18,89710.28,0.0,0.0,0.0,0.0,89710.28
29AABCV1234K1Z9,112024,EXPWOP,VPI/KA/24-25/0157,04-11-2024,,ATLAS VALVE CORP,96,EXPWOP,73181500,18,2696303.25,0.0,0.0,0.0,0.0,2696303.25
29AABCV1234K1Z9,112024,EXPWOP,VPI/KA/24-25/0158,15-11-2024,,HELIOS FLUID SYSTEMS GMBH,96,EXPWOP,84819090,18,1425036.83,0.0,0.0,0.0,0.0,1425036.83
29AABCV1234K1Z9,112024,B2CL,VPI/KA/24-25/0159,09-11-2024,,Unregistered customer,32,R,84819090,18,2856865.08,514235.71,0.0,0.0,0.0,3371100.79
29AABCV1234K1Z9,112024,B2CL,VPI/KA/24-25/0160,08-11-2024,,Unregistered customer,36,R,40169390,12,2251137.53,270136.5,0.0,0.0,0.0,2521274.03
29AABCV1234K1Z9,112024,B2CS,,30-11-2024,,B2C aggregate,29,OE,84819090,18,447216.53,0.0,40249.49,40249.49,0.0,527715.51
29AABCV1234K1Z9,112024,B2CS,,30-11-2024,,B2C aggregate,29,OE,84819090,12,1262494.45,0.0,75749.67,75749.66,0.0,1413993.78
29AABCV1234K1Z9,122024,B2B,VPI/KA/24-25/0161,07-12-2024,36AABCD4455L1ZH,DECCAN MACHINE TOOLS PRIVATE LIMITED,36,R,84819090,18,582783.15,104900.97,0.0,0.0,0.0,687684.12
29AABCV1234K1Z9,122024,B2B,VPI/KA/24-25/0162,09-12-2024,29AAGFK9012M1ZX,KAVERI HYDRAULICS LLP,29,R,40169390,12,6826.51,0.0,409.59,409.59,0.0,7645.69
29AABCV1234K1Z9,122024,B2B,VPI/KA/24-25/0163,03-12-2024,29AACCS7712F1ZB,SRIRAM AUTO COMPONENTS PRIVATE LIMITED,29,R,40169390,12,15530.7,0.0,931.84,931.84,0.0,17394.38
29AABCV1234K1Z9,122024,B2B,VPI/KA/24-25/0164,11-12-2024,27AAEFS1122H1ZJ,SAHYADRI ENGINEERING WORKS,27,R,998719,18,426429.1,76757.24,0.0,0.0,0.0,503186.34
29AABCV1234K1Z9,122024,B2B,VPI/KA/24-25/0165,12-12-2024,36AABCD4455L1ZH,DECCAN MACHINE TOOLS PRIVATE LIMITED,36,R,84139110,18,264543.83,47617.89,0.0,0.0,0.0,312161.72
29AABCV1234K1Z9,122024,B2B,VPI/KA/24-25/0166,07-12-2024,29AAAGK3344N1Z0,KARNATAKA STATE INFRA DEVELOPMENT CORPORATION,29,R,84139110,18,80931.5,0.0,7283.84,7283.83,0.0,95499.17
29AABCV1234K1Z9,122024,SEZWOP,VPI/KA/24-25/0167,30-12-2024,29AAFCQ2233R1ZV,QUANTUM PRECISION SEZ UNIT PRIVATE LIMITED,29,SEWOP,84819090,18,503455.64,0.0,0.0,0.0,0.0,503455.64
29AABCV1234K1Z9,122024,B2B,VPI/KA/24-25/0168,10-12-2024,36AABCD4455L1ZH,DECCAN MACHINE TOOLS PRIVATE LIMITED,36,R,84139110,18,280758.77,50536.58,0.0,0.0,0.0,331295.35
29AABCV1234K1Z9,122024,B2B,VPI/KA/24-25/0169,06-12-2024,19AAACB6677K1Z6,BENGAL PUMPS AND SEALS PRIVATE LIMITED,19,R,998719,18,205877.25,37057.91,0.0,0.0,0.0,242935.16
29AABCV1234K1Z9,122024,B2B,VPI/KA/24-25/0170,31-12-2024,07AAACN8899J1ZP,NORTHERN VALVE SYSTEMS PRIVATE LIMITED,07,R,72085190,18,402175.11,72391.52,0.0,0.0,0.0,474566.63
29AABCV1234K1Z9,122024,B2B,VPI/KA/24-25/0171,21-12-2024,07AAACN8899J1ZP,NORTHERN VALVE SYSTEMS PRIVATE LIMITED,07,R,40169390,12,7892.65,947.12,0.0,0.0,0.0,8839.77
29AABCV1234K1Z9,122024,B2B,VPI/KA/24-25/0172,05-12-2024,36AABCD4455L1ZH,DECCAN MACHINE TOOLS PRIVATE LIMITED,36,R,84139110,18,70270.05,12648.61,0.0,0.0,0.0,82918.66
29AABCV1234K1Z9,122024,B2B,VPI/KA/24-25/0173,05-12-2024,36AABCD4455L1ZH,DECCAN MACHINE TOOLS PRIVATE LIMITED,36,R,998719,18,600627.54,108112.96,0.0,0.0,0.0,708740.5
29AABCV1234K1Z9,122024,B2B,VPI/KA/24-25/0174,06-12-2024,07AAACN8899J1ZP,NORTHERN VALVE SYSTEMS PRIVATE LIMITED,07,R,998719,18,305607.89,55009.42,0.0,0.0,0.0,360617.31
29AABCV1234K1Z9,122024,B2B,VPI/KA/24-25/0175,18-12-2024,29ADHPG5566Q1ZQ,GOKUL TRADERS,29,R,73181500,18,42216.13,0.0,3799.45,3799.45,0.0,49815.03
29AABCV1234K1Z9,122024,B2B,VPI/KA/24-25/0176,10-12-2024,29AACCS7712F1ZB,SRIRAM AUTO COMPONENTS PRIVATE LIMITED,29,R,84819090,18,734987.19,0.0,66148.85,66148.84,0.0,867284.88
29AABCV1234K1Z9,122024,EXPWOP,VPI/KA/24-25/0177,11-12-2024,,PACIFIC RIM INDUSTRIAL PTE LTD,96,EXPWOP,84139110,18,1169703.57,0.0,0.0,0.0,0.0,1169703.57
29AABCV1234K1Z9,122024,EXPWOP,VPI/KA/24-25/0178,18-12-2024,,PACIFIC RIM INDUSTRIAL PTE LTD,96,EXPWOP,40169390,12,2272711.06,0.0,0.0,0.0,0.0,2272711.06
29AABCV1234K1Z9,122024,B2CL,VPI/KA/24-25/0179,23-12-2024,,Unregistered customer,06,R,72085190,18,2548890.19,458800.23,0.0,0.0,0.0,3007690.42
29AABCV1234K1Z9,122024,B2CL,VPI/KA/24-25/0180,23-12-2024,,Unregistered customer,24,R,40169390,12,1926331.9,231159.83,0.0,0.0,0.0,2157491.73
29AABCV1234K1Z9,122024,B2CS,,31-12-2024,,B2C aggregate,29,OE,84819090,18,1251392.51,0.0,112625.33,112625.32,0.0,1476643.16
29AABCV1234K1Z9,122024,B2CS,,31-12-2024,,B2C aggregate,29,OE,84819090,12,1888148.02,0.0,113288.88,113288.88,0.0,2114725.78
29AABCV1234K1Z9,012025,B2B,VPI/KA/24-25/0181,03-01-2025,19AAACB6677K1Z6,BENGAL PUMPS AND SEALS PRIVATE LIMITED,19,R,998719,18,203993.41,36718.81,0.0,0.0,0.0,240712.22
29AABCV1234K1Z9,012025,B2B,VPI/KA/24-25/0182,21-01-2025,29AACCS7712F1ZB,SRIRAM AUTO COMPONENTS PRIVATE LIMITED,29,R,84139110,18,184609.8,0.0,16614.88,16614.88,0.0,217839.56
29AABCV1234K1Z9,012025,B2B,VPI/KA/24-25/0183,13-01-2025,19AAACB6677K1Z6,BENGAL PUMPS AND SEALS PRIVATE LIMITED,19,R,84819090,18,54918.45,9885.32,0.0,0.0,0.0,64803.77
29AABCV1234K1Z9,012025,B2B,VPI/KA/24-25/0184,27-01-2025,07AAACN8899J1ZP,NORTHERN VALVE SYSTEMS PRIVATE LIMITED,07,R,72085190,18,1065326.24,191758.72,0.0,0.0,0.0,1257084.96
29AABCV1234K1Z9,012025,B2B,VPI/KA/24-25/0185,12-01-2025,27AAEFS1122H1ZJ,SAHYADRI ENGINEERING WORKS,27,R,40169390,12,44285.99,5314.32,0.0,0.0,0.0,49600.31
29AABCV1234K1Z9,012025,B2B,VPI/KA/24-25/0186,17-01-2025,29ADHPG5566Q1ZQ,GOKUL TRADERS,29,R,72085190,18,1265586.73,0.0,113902.81,113902.8,0.0,1493392.34
29AABCV1234K1Z9,012025,B2B,VPI/KA/24-25/0187,16-01-2025,27AAEFS1122H1ZJ,SAHYADRI ENGINEERING WORKS,27,R,84819090,18,333752.63,60075.47,0.0,0.0,0.0,393828.1
29AABCV1234K1Z9,012025,B2B,VPI/KA/24-25/0188,14-01-2025,29ADHPG5566Q1ZQ,GOKUL TRADERS,29,R,72085190,18,589292.14,0.0,53036.3,53036.29,0.0,695364.73
29AABCV1234K1Z9,012025,B2B,VPI/KA/24-25/0189,03-01-2025,29AACCS7712F1ZB,SRIRAM AUTO COMPONENTS PRIVATE LIMITED,29,R,73181500,18,31458.32,0.0,2831.25,2831.25,0.0,37120.82
29AABCV1234K1Z9,012025,B2B,VPI/KA/24-25/0190,01-01-2025,29AACCS7712F1ZB,SRIRAM AUTO COMPONENTS PRIVATE LIMITED,29,R,998719,18,345025.63,0.0,31052.31,31052.3,0.0,407130.24
29AABCV1234K1Z9,012025,B2B,VPI/KA/24-25/0191,22-01-2025,36AABCD4455L1ZH,DECCAN MACHINE TOOLS PRIVATE LIMITED,36,R,84139110,18,65154.28,11727.77,0.0,0.0,0.0,76882.05
29AABCV1234K1Z9,012025,B2B,VPI/KA/24-25/0192,14-01-2025,29ADHPG5566Q1ZQ,GOKUL TRADERS,29,R,84819090,18,326778.86,0.0,29410.1,29410.09,0.0,385599.05
29AABCV1234K1Z9,012025,B2B,VPI/KA/24-25/0193,18-01-2025,29AAAGK3344N1Z0,KARNATAKA STATE INFRA DEVELOPMENT CORPORATION,29,R,72085190,18,1386461.19,0.0,124781.51,124781.5,0.0,1636024.2
29AABCV1234K1Z9,012025,B2B,VPI/KA/24-25/0194,20-01-2025,27AAEFS1122H1ZJ,SAHYADRI ENGINEERING WORKS,27,R,73181500,18,14467.18,2604.09,0.0,0.0,0.0,17071.27
29AABCV1234K1Z9,012025,B2B,VPI/KA/24-25/0195,16-01-2025,27AAEFS1122H1ZJ,SAHYADRI ENGINEERING WORKS,27,R,73181500,18,30660.84,5518.95,0.0,0.0,0.0,36179.79
29AABCV1234K1Z9,012025,B2B,VPI/KA/24-25/0196,20-01-2025,07AAACN8899J1ZP,NORTHERN VALVE SYSTEMS PRIVATE LIMITED,07,R,40169390,12,7122.24,854.67,0.0,0.0,0.0,7976.91
29AABCV1234K1Z9,012025,EXPWOP,VPI/KA/24-25/0197,13-01-2025,,PACIFIC RIM INDUSTRIAL PTE LTD,96,EXPWOP,73181500,18,999181.47,0.0,0.0,0.0,0.0,999181.47
29AABCV1234K1Z9,012025,EXPWOP,VPI/KA/24-25/0198,14-01-2025,,ATLAS VALVE CORP,96,EXPWOP,72085190,18,1389538.73,0.0,0.0,0.0,0.0,1389538.73
29AABCV1234K1Z9,012025,B2CL,VPI/KA/24-25/0199,04-01-2025,,Unregistered customer,36,R,73181500,18,571051.74,102789.31,0.0,0.0,0.0,673841.05
29AABCV1234K1Z9,012025,B2CL,VPI/KA/24-25/0200,26-01-2025,,Unregistered customer,24,R,73181500,18,1286779.53,231620.32,0.0,0.0,0.0,1518399.85
29AABCV1234K1Z9,012025,B2CS,,31-01-2025,,B2C aggregate,29,OE,84819090,18,894636.41,0.0,80517.28,80517.27,0.0,1055670.96
29AABCV1234K1Z9,012025,B2CS,,31-01-2025,,B2C aggregate,29,OE,84819090,12,735510.14,0.0,44130.61,44130.61,0.0,823771.36
29AABCV1234K1Z9,022025,B2B,VPI/KA/24-25/0201,27-02-2025,29AACCS7712F1ZB,SRIRAM AUTO COMPONENTS PRIVATE LIMITED,29,R,998719,18,490461.95,0.0,44141.58,44141.57,0.0,578745.1
29AABCV1234K1Z9,022025,B2B,VPI/KA/24-25/0202,25-02-2025,27AAEFS1122H1ZJ,SAHYADRI ENGINEERING WORKS,27,R,84139110,18,93775.18,16879.53,0.0,0.0,0.0,110654.71
29AABCV1234K1Z9,022025,B2B,VPI/KA/24-25/0203,06-02-2025,27AAEFS1122H1ZJ,SAHYADRI ENGINEERING WORKS,27,R,998719,18,327448.94,58940.81,0.0,0.0,0.0,386389.75
29AABCV1234K1Z9,022025,B2B,VPI/KA/24-25/0204,12-02-2025,29AAGFK9012M1ZX,KAVERI HYDRAULICS LLP,29,R,84139110,18,295098.41,0.0,26558.86,26558.85,0.0,348216.12
29AABCV1234K1Z9,022025,B2B,VPI/KA/24-25/0205,28-02-2025,36AABCD4455L1ZH,DECCAN MACHINE TOOLS PRIVATE LIMITED,36,R,84819090,18,47945.51,8630.19,0.0,0.0,0.0,56575.7
29AABCV1234K1Z9,022025,B2B,VPI/KA/24-25/0206,02-02-2025,29AACCS7712F1ZB,SRIRAM AUTO COMPONENTS PRIVATE LIMITED,29,R,73181500,18,28321.33,0.0,2548.92,2548.92,0.0,33419.17
29AABCV1234K1Z9,022025,B2B,VPI/KA/24-25/0207,06-02-2025,29AACCS7712F1ZB,SRIRAM AUTO COMPONENTS PRIVATE LIMITED,29,R,84819090,18,239556.44,0.0,21560.08,21560.08,0.0,282676.6
29AABCV1234K1Z9,022025,B2B,VPI/KA/24-25/0208,06-02-2025,07AAACN8899J1ZP,NORTHERN VALVE SYSTEMS PRIVATE LIMITED,07,R,84139110,18,115751.87,20835.34,0.0,0.0,0.0,136587.21
29AABCV1234K1Z9,022025,B2B,VPI/KA/24-25/0209,20-02-2025,29AACCS7712F1ZB,SRIRAM AUTO COMPONENTS PRIVATE LIMITED,29,R,84819090,18,39664.68,0.0,3569.82,3569.82,0.0,46804.32
29AABCV1234K1Z9,022025,B2B,VPI/KA/24-25/0210,19-02-2025,29AACCS7712F1ZB,SRIRAM AUTO COMPONENTS PRIVATE LIMITED,29,R,73181500,18,72440.09,0.0,6519.61,6519.61,0.0,85479.31
29AABCV1234K1Z9,022025,B2B,VPI/KA/24-25/0211,17-02-2025,29AACCS7712F1ZB,SRIRAM AUTO COMPONENTS PRIVATE LIMITED,29,R,84139110,18,664849.69,0.0,59836.47,59836.47,0.0,784522.63
29AABCV1234K1Z9,022025,B2B,VPI/KA/24-25/0212,25-02-2025,29AACCS7712F1ZB,SRIRAM AUTO COMPONENTS PRIVATE LIMITED,29,R,84819090,18,98035.36,0.0,8823.18,8823.18,0.0,115681.72
29AABCV1234K1Z9,022025,B2B,VPI/KA/24-25/0213,17-02-2025,29ADHPG5566Q1ZQ,GOKUL TRADERS,29,R,998719,18,265707.76,0.0,23913.7,23913.7,0.0,313535.16
29AABCV1234K1Z9,022025,B2B,VPI/KA/24-25/0214,18-02-2025,07AAACN8899J1ZP,NORTHERN VALVE SYSTEMS PRIVATE LIMITED,07,R,84819090,18,326362.51,58745.25,0.0,0.0,0.0,385107.76
29AABCV1234K1Z9,022025,B2B,VPI/KA/24-25/0215,05-02-2025,27AAEFS1122H1ZJ,SAHYADRI ENGINEERING WORKS,27,R,84139110,18,1043457.8,187822.4,0.0,0.0,0.0,1231280.2
29AABCV1234K1Z9,022025,B2B,VPI/KA/24-25/0216,12-02-2025,29AACCS7712F1ZB,SRIRAM AUTO COMPONENTS PRIVATE LIMITED,29,R,73181500,18,84519.14,0.0,7606.73,7606.72,0.0,99732.59
29AABCV1234K1Z9,022025,EXPWOP,VPI/KA/24-25/0217,17-02-2025,,PACIFIC RIM INDUSTRIAL PTE LTD,96,EXPWOP,40169390,12,1634689.72,0.0,0.0,0.0,0.0,1634689.72
29AABCV1234K1Z9,022025,EXPWOP,VPI/KA/24-25/0218,08-02-2025,,PACIFIC RIM INDUSTRIAL PTE LTD,96,EXPWOP,73181500,18,2497400.88,0.0,0.0,0.0,0.0,2497400.88
29AABCV1234K1Z9,022025,B2CL,VPI/KA/24-25/0219,09-02-2025,,Unregistered customer,24,R,84819090,18,1639283.52,295071.03,0.0,0.0,0.0,1934354.55
29AABCV1234K1Z9,022025,B2CL,VPI/KA/24-25/0220,16-02-2025,,Unregistered customer,06,R,998719,18,1267105.6,228079.01,0.0,0.0,0.0,1495184.61
29AABCV1234K1Z9,022025,B2CS,,28-02-2025,,B2C aggregate,29,OE,84819090,18,1065562.81,0.0,95900.66,95900.65,0.0,1257364.12
29AABCV1234K1Z9,022025,B2CS,,28-02-2025,,B2C aggregate,29,OE,84819090,12,1328490.33,0.0,79709.42,79709.42,0.0,1487909.17
29AABCV1234K1Z9,032025,B2B,VPI/KA/24-25/0221,16-03-2025,29AAGFK9012M1ZX,KAVERI HYDRAULICS LLP,29,R,72085190,18,1659866.98,0.0,149388.03,149388.03,0.0,1958643.04
29AABCV1234K1Z9,032025,B2B,VPI/KA/24-25/0222,05-03-2025,07AAACN8899J1ZP,NORTHERN VALVE SYSTEMS PRIVATE LIMITED,07,R,84139110,18,189366.95,34086.05,0.0,0.0,0.0,223453.0
29AABCV1234K1Z9,032025,B2B,VPI/KA/24-25/0223,30-03-2025,19AAACB6677K1Z6,BENGAL PUMPS AND SEALS PRIVATE LIMITED,19,R,40169390,12,8562.9,1027.55,0.0,0.0,0.0,9590.45
29AABCV1234K1Z9,032025,B2B,VPI/KA/24-25/0224,17-03-2025,27AAEFS1122H1ZJ,SAHYADRI ENGINEERING WORKS,27,R,998719,18,125576.71,22603.81,0.0,0.0,0.0,148180.52
29AABCV1234K1Z9,032025,B2B,VPI/KA/24-25/0225,03-03-2025,29AACCS7712F1ZB,SRIRAM AUTO COMPONENTS PRIVATE LIMITED,29,R,998719,18,158367.39,0.0,14253.07,14253.06,0.0,186873.52
29AABCV1234K1Z9,032025,SEZWOP,VPI/KA/24-25/0226,04-03-2025,29AAFCQ2233R1ZV,QUANTUM PRECISION SEZ UNIT PRIVATE LIMITED,29,SEWOP,998719,18,45543.73,0.0,0.0,0.0,0.0,45543.73
29AABCV1234K1Z9,032025,B2B,VPI/KA/24-25/0227,05-03-2025,19AAACB6677K1Z6,BENGAL PUMPS AND SEALS PRIVATE LIMITED,19,R,72085190,18,2068334.63,372300.23,0.0,0.0,0.0,2440634.86
29AABCV1234K1Z9,032025,B2B,VPI/KA/24-25/0228,16-03-2025,29AACCS7712F1ZB,SRIRAM AUTO COMPONENTS PRIVATE LIMITED,29,R,73181500,18,61373.71,0.0,5523.64,5523.63,0.0,72420.98
29AABCV1234K1Z9,032025,B2B,VPI/KA/24-25/0229,10-03-2025,27AAEFS1122H1ZJ,SAHYADRI ENGINEERING WORKS,27,R,998719,18,266453.07,47961.55,0.0,0.0,0.0,314414.62
29AABCV1234K1Z9,032025,B2B,VPI/KA/24-25/0230,02-03-2025,29AAGFK9012M1ZX,KAVERI HYDRAULICS LLP,29,R,72085190,18,1430282.17,0.0,128725.4,128725.39,0.0,1687732.96
29AABCV1234K1Z9,032025,B2B,VPI/KA/24-25/0231,11-03-2025,36AABCD4455L1ZH,DECCAN MACHINE TOOLS PRIVATE LIMITED,36,R,73181500,18,57035.98,10266.48,0.0,0.0,0.0,67302.46
29AABCV1234K1Z9,032025,B2B,VPI/KA/24-25/0232,26-03-2025,29AAGFK9012M1ZX,KAVERI HYDRAULICS LLP,29,R,73181500,18,31692.49,0.0,2852.33,2852.32,0.0,37397.14
29AABCV1234K1Z9,032025,B2B,VPI/KA/24-25/0233,03-03-2025,27AAEFS1122H1ZJ,SAHYADRI ENGINEERING WORKS,27,R,40169390,12,22514.2,2701.7,0.0,0.0,0.0,25215.9
29AABCV1234K1Z9,032025,B2B,VPI/KA/24-25/0234,07-03-2025,19AAACB6677K1Z6,BENGAL PUMPS AND SEALS PRIVATE LIMITED,19,R,84139110,18,52152.9,9387.52,0.0,0.0,0.0,61540.42
29AABCV1234K1Z9,032025,B2B,VPI/KA/24-25/0235,29-03-2025,36AABCD4455L1ZH,DECCAN MACHINE TOOLS PRIVATE LIMITED,36,R,998719,18,547735.49,98592.39,0.0,0.0,0.0,646327.88
29AABCV1234K1Z9,032025,B2B,VPI/KA/24-25/0236,08-03-2025,07AAACN8899J1ZP,NORTHERN VALVE SYSTEMS PRIVATE LIMITED,07,R,73181500,18,15409.72,2773.75,0.0,0.0,0.0,18183.47
29AABCV1234K1Z9,032025,EXPWOP,VPI/KA/24-25/0237,26-03-2025,,PACIFIC RIM INDUSTRIAL PTE LTD,96,EXPWOP,73181500,18,860412.72,0.0,0.0,0.0,0.0,860412.72
29AABCV1234K1Z9,032025,EXPWOP,VPI/KA/24-25/0238,05-03-2025,,ATLAS VALVE CORP,96,EXPWOP,73181500,18,1665698.16,0.0,0.0,0.0,0.0,1665698.16
29AABCV1234K1Z9,032025,B2CL,VPI/KA/24-25/0239,31-03-2025,,Unregistered customer,24,R,72085190,18,2028481.99,365126.76,0.0,0.0,0.0,2393608.75
29AABCV1234K1Z9,032025,B2CL,VPI/KA/24-25/0240,23-03-2025,,Unregistered customer,08,R,84139110,18,1014950.19,182691.03,0.0,0.0,0.0,1197641.22
29AABCV1234K1Z9,032025,B2CS,,31-03-2025,,B2C aggregate,29,OE,84819090,18,307496.46,0.0,27674.68,27674.68,0.0,362845.82
29AABCV1234K1Z9,032025,B2CS,,31-03-2025,,B2C aggregate,29,OE,84819090,12,616383.79,0.0,36983.03,36983.02,0.0,690349.84
27AABCV1234K1ZD,042024,B2B,VPI/MH/24-25/0001,29-04-2024,29AACCS7712F1ZB,SRIRAM AUTO COMPONENTS PRIVATE LIMITED,29,R,84819090,18,492050.58,88569.1,0.0,0.0,0.0,580619.68
27AABCV1234K1ZD,042024,B2B,VPI/MH/24-25/0002,14-04-2024,29AACCS7712F1ZB,SRIRAM AUTO COMPONENTS PRIVATE LIMITED,29,R,40169390,12,31970.2,3836.42,0.0,0.0,0.0,35806.62
27AABCV1234K1ZD,042024,B2B,VPI/MH/24-25/0003,27-04-2024,07AAACN8899J1ZP,NORTHERN VALVE SYSTEMS PRIVATE LIMITED,07,R,73181500,18,44182.19,7952.79,0.0,0.0,0.0,52134.98
27AABCV1234K1ZD,042024,B2B,VPI/MH/24-25/0004,21-04-2024,07AAACN8899J1ZP,NORTHERN VALVE SYSTEMS PRIVATE LIMITED,07,R,40169390,12,10791.63,1295.0,0.0,0.0,0.0,12086.63
27AABCV1234K1ZD,042024,B2B,VPI/MH/24-25/0005,22-04-2024,27AAEFS1122H1ZJ,SAHYADRI ENGINEERING WORKS,27,R,72085190,18,2012872.53,0.0,181158.53,181158.53,0.0,2375189.59
27AABCV1234K1ZD,042024,B2B,VPI/MH/24-25/0006,14-04-2024,07AAACN8899J1ZP,NORTHERN VALVE SYSTEMS PRIVATE LIMITED,07,R,84139110,18,289628.23,52133.08,0.0,0.0,0.0,341761.31
27AABCV1234K1ZD,042024,B2CS,,30-04-2024,,B2C aggregate,27,OE,84819090,18,352546.59,0.0,31729.2,31729.19,0.0,416004.98
27AABCV1234K1ZD,042024,B2CS,,30-04-2024,,B2C aggregate,27,OE,84819090,12,222978.82,0.0,13378.73,13378.73,0.0,249736.28
27AABCV1234K1ZD,052024,B2B,VPI/MH/24-25/0007,12-05-2024,29AACCS7712F1ZB,SRIRAM AUTO COMPONENTS PRIVATE LIMITED,29,R,84139110,18,942813.09,169706.36,0.0,0.0,0.0,1112519.45
27AABCV1234K1ZD,052024,SEZWOP,VPI/MH/24-25/0008,16-05-2024,29AAFCQ2233R1ZV,QUANTUM PRECISION SEZ UNIT PRIVATE LIMITED,29,SEWOP,84139110,18,1253611.53,0.0,0.0,0.0,0.0,1253611.53
27AABCV1234K1ZD,052024,B2B,VPI/MH/24-25/0009,01-05-2024,29AAGFK9012M1ZX,KAVERI HYDRAULICS LLP,29,R,40169390,12,82785.58,9934.27,0.0,0.0,0.0,92719.85
27AABCV1234K1ZD,052024,B2B,VPI/MH/24-25/0010,17-05-2024,19AAACB6677K1Z6,BENGAL PUMPS AND SEALS PRIVATE LIMITED,19,R,84819090,18,543969.16,97914.45,0.0,0.0,0.0,641883.61
27AABCV1234K1ZD,052024,B2B,VPI/MH/24-25/0011,13-05-2024,19AAACB6677K1Z6,BENGAL PUMPS AND SEALS PRIVATE LIMITED,19,R,40169390,12,182862.99,21943.56,0.0,0.0,0.0,204806.55
27AABCV1234K1ZD,052024,B2B,VPI/MH/24-25/0012,09-05-2024,29ADHPG5566Q1ZQ,GOKUL TRADERS,29,R,73181500,18,183568.02,33042.24,0.0,0.0,0.0,216610.26
27AABCV1234K1ZD,052024,B2CS,,31-05-2024,,B2C aggregate,27,OE,84819090,18,524421.23,0.0,47197.91,47197.91,0.0,618817.05
27AABCV1234K1ZD,052024,B2CS,,31-05-2024,,B2C aggregate,27,OE,84819090,12,567224.08,0.0,34033.45,34033.44,0.0,635290.97
27AABCV1234K1ZD,062024,B2B,VPI/MH/24-25/0013,13-06-2024,27AAEFS1122H1ZJ,SAHYADRI ENGINEERING WORKS,27,R,84819090,18,87712.72,0.0,7894.15,7894.14,0.0,103501.01
27AABCV1234K1ZD,062024,B2B,VPI/MH/24-25/0014,12-06-2024,29AACCS7712F1ZB,SRIRAM AUTO COMPONENTS PRIVATE LIMITED,29,R,84139110,18,195060.05,35110.81,0.0,0.0,0.0,230170.86
27AABCV1234K1ZD,062024,B2B,VPI/MH/24-25/0015,02-06-2024,29AAAGK3344N1Z0,KARNATAKA STATE INFRA DEVELOPMENT CORPORATION,29,R,998719,18,272102.34,48978.42,0.0,0.0,0.0,321080.76
27AABCV1234K1ZD,062024,B2B,VPI/MH/24-25/0016,22-06-2024,36AABCD4455L1ZH,DECCAN MACHINE TOOLS PRIVATE LIMITED,36,R,73181500,18,200363.11,36065.36,0.0,0.0,0.0,236428.47
27AABCV1234K1ZD,062024,B2B,VPI/MH/24-25/0017,11-06-2024,19AAACB6677K1Z6,BENGAL PUMPS AND SEALS PRIVATE LIMITED,19,R,72085190,18,1793982.26,322916.81,0.0,0.0,0.0,2116899.07
27AABCV1234K1ZD,062024,B2B,VPI/MH/24-25/0018,21-06-2024,36AABCD4455L1ZH,DECCAN MACHINE TOOLS PRIVATE LIMITED,36,R,73181500,18,28757.42,5176.34,0.0,0.0,0.0,33933.76
27AABCV1234K1ZD,062024,B2CS,,30-06-2024,,B2C aggregate,27,OE,84819090,18,790119.23,0.0,71110.73,71110.73,0.0,932340.69
27AABCV1234K1ZD,062024,B2CS,,30-06-2024,,B2C aggregate,27,OE,84819090,12,1051611.16,0.0,63096.67,63096.67,0.0,1177804.5
27AABCV1234K1ZD,072024,B2B,VPI/MH/24-25/0019,28-07-2024,07AAACN8899J1ZP,NORTHERN VALVE SYSTEMS PRIVATE LIMITED,07,R,73181500,18,129083.1,23234.96,0.0,0.0,0.0,152318.06
27AABCV1234K1ZD,072024,B2B,VPI/MH/24-25/0020,12-07-2024,29AAGFK9012M1ZX,KAVERI HYDRAULICS LLP,29,R,40169390,12,21760.78,2611.29,0.0,0.0,0.0,24372.07
27AABCV1234K1ZD,072024,B2B,VPI/MH/24-25/0021,08-07-2024,29AACCS7712F1ZB,SRIRAM AUTO COMPONENTS PRIVATE LIMITED,29,R,998719,18,928027.87,167045.02,0.0,0.0,0.0,1095072.89
27AABCV1234K1ZD,072024,B2B,VPI/MH/24-25/0022,14-07-2024,19AAACB6677K1Z6,BENGAL PUMPS AND SEALS PRIVATE LIMITED,19,R,998719,18,707217.67,127299.18,0.0,0.0,0.0,834516.85
27AABCV1234K1ZD,072024,B2B,VPI/MH/24-25/0023,30-07-2024,29AAAGK3344N1Z0,KARNATAKA STATE INFRA DEVELOPMENT CORPORATION,29,R,84139110,18,253721.45,45669.86,0.0,0.0,0.0,299391.31
27AABCV1234K1ZD,072024,B2B,VPI/MH/24-25/0024,20-07-2024,19AAACB6677K1Z6,BENGAL PUMPS AND SEALS PRIVATE LIMITED,19,R,40169390,12,110123.44,13214.81,0.0,0.0,0.0,123338.25
27AABCV1234K1ZD,072024,B2CS,,31-07-2024,,B2C aggregate,27,OE,84819090,18,1090446.63,0.0,98140.2,98140.19,0.0,1286727.02
27AABCV1234K1ZD,072024,B2CS,,31-07-2024,,B2C aggregate,27,OE,84819090,12,682325.5,0.0,40939.53,40939.53,0.0,764204.56
27AABCV1234K1ZD,082024,B2B,VPI/MH/24-25/0025,19-08-2024,27AAEFS1122H1ZJ,SAHYADRI ENGINEERING WORKS,27,R,84139110,18,59259.51,0.0,5333.36,5333.35,0.0,69926.22
27AABCV1234K1ZD,082024,SEZWOP,VPI/MH/24-25/0026,20-08-2024,29AAFCQ2233R1ZV,QUANTUM PRECISION SEZ UNIT PRIVATE LIMITED,29,SEWOP,84819090,18,236538.25,0.0,0.0,0.0,0.0,236538.25
27AABCV1234K1ZD,082024,B2B,VPI/MH/24-25/0027,02-08-2024,27AAEFS1122H1ZJ,SAHYADRI ENGINEERING WORKS,27,R,40169390,12,2316.47,0.0,138.99,138.99,0.0,2594.45
27AABCV1234K1ZD,082024,B2B,VPI/MH/24-25/0028,01-08-2024,07AAACN8899J1ZP,NORTHERN VALVE SYSTEMS PRIVATE LIMITED,07,R,998719,18,516165.65,92909.82,0.0,0.0,0.0,609075.47
27AABCV1234K1ZD,082024,B2B,VPI/MH/24-25/0029,25-08-2024,07AAACN8899J1ZP,NORTHERN VALVE SYSTEMS PRIVATE LIMITED,07,R,73181500,18,114079.83,20534.37,0.0,0.0,0.0,134614.2
27AABCV1234K1ZD,082024,B2B,VPI/MH/24-25/0030,01-08-2024,27AAEFS1122H1ZJ,SAHYADRI ENGINEERING WORKS,27,R,72085190,18,1944383.07,0.0,174994.48,174994.47,0.0,2294372.02
27AABCV1234K1ZD,082024,B2CS,,31-08-2024,,B2C aggregate,27,OE,84819090,18,619767.17,0.0,55779.05,55779.04,0.0,731325.26
27AABCV1234K1ZD,082024,B2CS,,31-08-2024,,B2C aggregate,27,OE,84819090,12,652831.2,0.0,39169.87,39169.87,0.0,731170.94
27AABCV1234K1ZD,092024,B2B,VPI/MH/24-25/0031,04-09-2024,36AABCD4455L1ZH,DECCAN MACHINE TOOLS PRIVATE LIMITED,36,R,40169390,12,33304.32,3996.52,0.0,0.0,0.0,37300.84
27AABCV1234K1ZD,092024,B2B,VPI/MH/24-25/0032,22-09-2024,29AACCS7712F1ZB,SRIRAM AUTO COMPONENTS PRIVATE LIMITED,29,R,998719,18,856333.1,154139.96,0.0,0.0,0.0,1010473.06
27AABCV1234K1ZD,092024,B2B,VPI/MH/24-25/0033,29-09-2024,29AAGFK9012M1ZX,KAVERI HYDRAULICS LLP,29,R,84819090,18,1189148.46,214046.72,0.0,0.0,0.0,1403195.18
27AABCV1234K1ZD,092024,B2B,VPI/MH/24-25/0034,04-09-2024,29AAAGK3344N1Z0,KARNATAKA STATE INFRA DEVELOPMENT CORPORATION,29,R,40169390,12,2427.0,291.24,0.0,0.0,0.0,2718.24
27AABCV1234K1ZD,092024,B2B,VPI/MH/24-25/0035,23-09-2024,36AABCD4455L1ZH,DECCAN MACHINE TOOLS PRIVATE LIMITED,36,R,84819090,18,127580.7,22964.53,0.0,0.0,0.0,150545.23
27AABCV1234K1ZD,092024,B2B,VPI/MH/24-25/0036,11-09-2024,07AAACN8899J1ZP,NORTHERN VALVE SYSTEMS PRIVATE LIMITED,07,R,84139110,18,231084.63,41595.23,0.0,0.0,0.0,272679.86
27AABCV1234K1ZD,092024,B2CS,,30-09-2024,,B2C aggregate,27,OE,84819090,18,642771.38,0.0,57849.43,57849.42,0.0,758470.23
27AABCV1234K1ZD,092024,B2CS,,30-09-2024,,B2C aggregate,27,OE,84819090,12,1247693.53,0.0,74861.61,74861.61,0.0,1397416.75
27AABCV1234K1ZD,102024,B2B,VPI/MH/24-25/0037,26-10-2024,07AAACN8899J1ZP,NORTHERN VALVE SYSTEMS PRIVATE LIMITED,07,R,84139110,18,132647.74,23876.59,0.0,0.0,0.0,156524.33
27AABCV1234K1ZD,102024,B2B,VPI/MH/24-25/0038,10-10-2024,36AABCD4455L1ZH,DECCAN MACHINE TOOLS PRIVATE LIMITED,36,R,73181500,18,82432.76,14837.9,0.0,0.0,0.0,97270.66
27AABCV1234K1ZD,102024,B2B,VPI/MH/24-25/0039,16-10-2024,29AAGFK9012M1ZX,KAVERI HYDRAULICS LLP,29,R,72085190,18,750648.69,135116.76,0.0,0.0,0.0,885765.45
27AABCV1234K1ZD,102024,SEZWOP,VPI/MH/24-25/0040,26-10-2024,29AAFCQ2233R1ZV,QUANTUM PRECISION SEZ UNIT PRIVATE LIMITED,29,SEWOP,72085190,18,2185260.85,0.0,0.0,0.0,0.0,2185260.85
27AABCV1234K1ZD,102024,B2B,VPI/MH/24-25/0041,14-10-2024,29AACCS7712F1ZB,SRIRAM AUTO COMPONENTS PRIVATE LIMITED,29,R,40169390,12,59499.16,7139.9,0.0,0.0,0.0,66639.06
27AABCV1234K1ZD,102024,B2B,VPI/MH/24-25/0042,21-10-2024,19AAACB6677K1Z6,BENGAL PUMPS AND SEALS PRIVATE LIMITED,19,R,73181500,18,101059.4,18190.69,0.0,0.0,0.0,119250.09
27AABCV1234K1ZD,102024,B2CS,,31-10-2024,,B2C aggregate,27,OE,84819090,18,602917.8,0.0,54262.6,54262.6,0.0,711443.0
27AABCV1234K1ZD,102024,B2CS,,31-10-2024,,B2C aggregate,27,OE,84819090,12,669418.85,0.0,40165.13,40165.13,0.0,749749.11
27AABCV1234K1ZD,112024,SEZWOP,VPI/MH/24-25/0043,12-11-2024,29AAFCQ2233R1ZV,QUANTUM PRECISION SEZ UNIT PRIVATE LIMITED,29,SEWOP,998719,18,200222.04,0.0,0.0,0.0,0.0,200222.04
27AABCV1234K1ZD,112024,B2B,VPI/MH/24-25/0044,10-11-2024,07AAACN8899J1ZP,NORTHERN VALVE SYSTEMS PRIVATE LIMITED,07,R,73181500,18,26887.4,4839.73,0.0,0.0,0.0,31727.13
27AABCV1234K1ZD,112024,SEZWOP,VPI/MH/24-25/0045,16-11-2024,29AAFCQ2233R1ZV,QUANTUM PRECISION SEZ UNIT PRIVATE LIMITED,29,SEWOP,998719,18,574722.65,0.0,0.0,0.0,0.0,574722.65
27AABCV1234K1ZD,112024,B2B,VPI/MH/24-25/0046,21-11-2024,29AAGFK9012M1ZX,KAVERI HYDRAULICS LLP,29,R,84819090,18,1217991.86,219238.53,0.0,0.0,0.0,1437230.39
27AABCV1234K1ZD,112024,B2B,VPI/MH/24-25/0047,06-11-2024,27AAEFS1122H1ZJ,SAHYADRI ENGINEERING WORKS,27,R,73181500,18,125268.69,0.0,11274.18,11274.18,0.0,147817.05
27AABCV1234K1ZD,112024,B2B,VPI/MH/24-25/0048,10-11-2024,29AACCS7712F1ZB,SRIRAM AUTO COMPONENTS PRIVATE LIMITED,29,R,40169390,12,75314.86,9037.78,0.0,0.0,0.0,84352.64
27AABCV1234K1ZD,112024,B2CS,,30-11-2024,,B2C aggregate,27,OE,84819090,18,1240023.96,0.0,111602.16,111602.15,0.0,1463228.27
27AABCV1234K1ZD,112024,B2CS,,30-11-2024,,B2C aggregate,27,OE,84819090,12,1098080.56,0.0,65884.84,65884.83,0.0,1229850.23
27AABCV1234K1ZD,122024,B2B,VPI/MH/24-25/0049,09-12-2024,29AACCS7712F1ZB,SRIRAM AUTO COMPONENTS PRIVATE LIMITED,29,R,84139110,18,280462.85,50483.31,0.0,0.0,0.0,330946.16
27AABCV1234K1ZD,122024,B2B,VPI/MH/24-25/0050,19-12-2024,27AAEFS1122H1ZJ,SAHYADRI ENGINEERING WORKS,27,R,84819090,18,642783.72,0.0,57850.54,57850.53,0.0,758484.79
27AABCV1234K1ZD,122024,B2B,VPI/MH/24-25/0051,04-12-2024,29AACCS7712F1ZB,SRIRAM AUTO COMPONENTS PRIVATE LIMITED,29,R,84139110,18,605603.58,109008.64,0.0,0.0,0.0,714612.22
27AABCV1234K1ZD,122024,B2B,VPI/MH/24-25/0052,19-12-2024,19AAACB6677K1Z6,BENGAL PUMPS AND SEALS PRIVATE LIMITED,19,R,998719,18,754997.09,135899.48,0.0,0.0,0.0,890896.57
27AABCV1234K1ZD,122024,B2B,VPI/MH/24-25/0053,13-12-2024,36AABCD4455L1ZH,DECCAN MACHINE TOOLS PRIVATE LIMITED,36,R,84139110,18,389357.39,70084.33,0.0,0.0,0.0,459441.72
27AABCV1234K1ZD,122024,B2B,VPI/MH/24-25/0054,20-12-2024,29AAGFK9012M1ZX,KAVERI HYDRAULICS LLP,29,R,84819090,18,136134.58,24504.22,0.0,0.0,0.0,160638.8
27AABCV1234K1ZD,122024,B2CS,,31-12-2024,,B2C aggregate,27,OE,84819090,18,341139.42,0.0,30702.55,30702.55,0.0,402544.52
27AABCV1234K1ZD,122024,B2CS,,31-12-2024,,B2C aggregate,27,OE,84819090,12,674880.89,0.0,40492.86,40492.85,0.0,755866.6
27AABCV1234K1ZD,012025,B2B,VPI/MH/24-25/0055,01-01-2025,29AACCS7712F1ZB,SRIRAM AUTO COMPONENTS PRIVATE LIMITED,29,R,73181500,18,317846.3,57212.33,0.0,0.0,0.0,375058.63
27AABCV1234K1ZD,012025,B2B,VPI/MH/24-25/0056,12-01-2025,07AAACN8899J1ZP,NORTHERN VALVE SYSTEMS PRIVATE LIMITED,07,R,40169390,12,119385.95,14326.31,0.0,0.0,0.0,133712.26
27AABCV1234K1ZD,012025,B2B,VPI/MH/24-25/0057,27-01-2025,29AAGFK9012M1ZX,KAVERI HYDRAULICS LLP,29,R,998719,18,502461.45,90443.06,0.0,0.0,0.0,592904.51
27AABCV1234K1ZD,012025,B2B,VPI/MH/24-25/0058,21-01-2025,29AACCS7712F1ZB,SRIRAM AUTO COMPONENTS PRIVATE LIMITED,29,R,84139110,18,140659.16,25318.65,0.0,0.0,0.0,165977.81
27AABCV1234K1ZD,012025,B2B,VPI/MH/24-25/0059,06-01-2025,29ADHPG5566Q1ZQ,GOKUL TRADERS,29,R,73181500,18,136838.51,24630.93,0.0,0.0,0.0,161469.44
27AABCV1234K1ZD,012025,B2B,VPI/MH/24-25/0060,16-01-2025,36AABCD4455L1ZH,DECCAN MACHINE TOOLS PRIVATE LIMITED,36,R,998719,18,218537.3,39336.71,0.0,0.0,0.0,257874.01
27AABCV1234K1ZD,012025,B2CS,,31-01-2025,,B2C aggregate,27,OE,84819090,18,2308104.81,0.0,207729.44,207729.43,0.0,2723563.68
27AABCV1234K1ZD,012025,B2CS,,31-01-2025,,B2C aggregate,27,OE,84819090,12,884620.75,0.0,53077.25,53077.24,0.0,990775.24
27AABCV1234K1ZD,022025,B2B,VPI/MH/24-25/0061,14-02-2025,29AACCS7712F1ZB,SRIRAM AUTO COMPONENTS PRIVATE LIMITED,29,R,72085190,18,709454.25,127701.77,0.0,0.0,0.0,837156.02
27AABCV1234K1ZD,022025,B2B,VPI/MH/24-25/0062,22-02-2025,07AAACN8899J1ZP,NORTHERN VALVE SYSTEMS PRIVATE LIMITED,07,R,84819090,18,82115.56,14780.8,0.0,0.0,0.0,96896.36
27AABCV1234K1ZD,022025,B2B,VPI/MH/24-25/0063,26-02-2025,27AAEFS1122H1ZJ,SAHYADRI ENGINEERING WORKS,27,R,40169390,12,38491.67,0.0,2309.5,2309.5,0.0,43110.67
27AABCV1234K1ZD,022025,B2B,VPI/MH/24-25/0064,12-02-2025,27AAEFS1122H1ZJ,SAHYADRI ENGINEERING WORKS,27,R,84139110,18,720883.15,0.0,64879.49,64879.48,0.0,850642.12
27AABCV1234K1ZD,022025,B2B,VPI/MH/24-25/0065,23-02-2025,07AAACN8899J1ZP,NORTHERN VALVE SYSTEMS PRIVATE LIMITED,07,R,998719,18,459035.59,82626.41,0.0,0.0,0.0,541662.0
27AABCV1234K1ZD,022025,B2B,VPI/MH/24-25/0066,28-02-2025,27AAEFS1122H1ZJ,SAHYADRI ENGINEERING WORKS,27,R,998719,18,610612.25,0.0,54955.11,54955.1,0.0,720522.46
27AABCV1234K1ZD,022025,B2CS,,28-02-2025,,B2C aggregate,27,OE,84819090,18,646326.48,0.0,58169.39,58169.38,0.0,762665.25
27AABCV1234K1ZD,022025,B2CS,,28-02-2025,,B2C aggregate,27,OE,84819090,12,426673.12,0.0,25600.39,25600.38,0.0,477873.89
27AABCV1234K1ZD,032025,B2B,VPI/MH/24-25/0067,03-03-2025,07AAACN8899J1ZP,NORTHERN VALVE SYSTEMS PRIVATE LIMITED,07,R,998719,18,113520.49,20433.69,0.0,0.0,0.0,133954.18
27AABCV1234K1ZD,032025,B2B,VPI/MH/24-25/0068,18-03-2025,29AACCS7712F1ZB,SRIRAM AUTO COMPONENTS PRIVATE LIMITED,29,R,72085190,18,1764020.08,317523.61,0.0,0.0,0.0,2081543.69
27AABCV1234K1ZD,032025,B2B,VPI/MH/24-25/0069,17-03-2025,29ADHPG5566Q1ZQ,GOKUL TRADERS,29,R,998719,18,384665.03,69239.71,0.0,0.0,0.0,453904.74
27AABCV1234K1ZD,032025,B2B,VPI/MH/24-25/0070,09-03-2025,07AAACN8899J1ZP,NORTHERN VALVE SYSTEMS PRIVATE LIMITED,07,R,998719,18,155812.05,28046.17,0.0,0.0,0.0,183858.22
27AABCV1234K1ZD,032025,B2B,VPI/MH/24-25/0071,16-03-2025,27AAEFS1122H1ZJ,SAHYADRI ENGINEERING WORKS,27,R,73181500,18,63633.82,0.0,5727.05,5727.04,0.0,75087.91
27AABCV1234K1ZD,032025,B2B,VPI/MH/24-25/0072,13-03-2025,29AAGFK9012M1ZX,KAVERI HYDRAULICS LLP,29,R,998719,18,383719.73,69069.55,0.0,0.0,0.0,452789.28
27AABCV1234K1ZD,032025,B2CS,,31-03-2025,,B2C aggregate,27,OE,84819090,18,353770.71,0.0,31839.37,31839.36,0.0,417449.44
27AABCV1234K1ZD,032025,B2CS,,31-03-2025,,B2C aggregate,27,OE,84819090,12,272980.11,0.0,16378.81,16378.8,0.0,305737.72
33AABCV1234K1ZK,092024,B2B,VPI/TN/24-25/0001,28-09-2024,27AAEFS1122H1ZJ,SAHYADRI ENGINEERING WORKS,27,R,72085190,18,751780.06,135320.41,0.0,0.0,0.0,887100.47
33AABCV1234K1ZK,092024,B2B,VPI/TN/24-25/0002,30-09-2024,27AAEFS1122H1ZJ,SAHYADRI ENGINEERING WORKS,27,R,73181500,18,14829.42,2669.3,0.0,0.0,0.0,17498.72
33AABCV1234K1ZK,092024,B2B,VPI/TN/24-25/0003,12-09-2024,27AAEFS1122H1ZJ,SAHYADRI ENGINEERING WORKS,27,R,72085190,18,120796.94,21743.45,0.0,0.0,0.0,142540.39
33AABCV1234K1ZK,092024,B2CS,,30-09-2024,,B2C aggregate,33,OE,84819090,18,111459.58,0.0,10031.36,10031.36,0.0,131522.3
33AABCV1234K1ZK,092024,B2CS,,30-09-2024,,B2C aggregate,33,OE,84819090,12,63327.2,0.0,3799.63,3799.63,0.0,70926.46
33AABCV1234K1ZK,102024,B2B,VPI/TN/24-25/0004,21-10-2024,29AACCS7712F1ZB,SRIRAM AUTO COMPONENTS PRIVATE LIMITED,29,R,84139110,18,316569.65,56982.54,0.0,0.0,0.0,373552.19
33AABCV1234K1ZK,102024,SEZWOP,VPI/TN/24-25/0005,19-10-2024,29AAFCQ2233R1ZV,QUANTUM PRECISION SEZ UNIT PRIVATE LIMITED,29,SEWOP,73181500,18,49355.88,0.0,0.0,0.0,0.0,49355.88
33AABCV1234K1ZK,102024,B2B,VPI/TN/24-25/0006,08-10-2024,29AACCS7712F1ZB,SRIRAM AUTO COMPONENTS PRIVATE LIMITED,29,R,40169390,12,9507.95,1140.95,0.0,0.0,0.0,10648.9
33AABCV1234K1ZK,102024,B2CS,,31-10-2024,,B2C aggregate,33,OE,84819090,18,265051.04,0.0,23854.6,23854.59,0.0,312760.23
33AABCV1234K1ZK,102024,B2CS,,31-10-2024,,B2C aggregate,33,OE,84819090,12,493565.91,0.0,29613.96,29613.95,0.0,552793.82
33AABCV1234K1ZK,112024,B2B,VPI/TN/24-25/0007,26-11-2024,07AAACN8899J1ZP,NORTHERN VALVE SYSTEMS PRIVATE LIMITED,07,R,84819090,18,74904.66,13482.84,0.0,0.0,0.0,88387.5
33AABCV1234K1ZK,112024,B2B,VPI/TN/24-25/0008,19-11-2024,29ADHPG5566Q1ZQ,GOKUL TRADERS,29,R,72085190,18,527222.09,94899.98,0.0,0.0,0.0,622122.07
33AABCV1234K1ZK,112024,B2B,VPI/TN/24-25/0009,16-11-2024,29AACCS7712F1ZB,SRIRAM AUTO COMPONENTS PRIVATE LIMITED,29,R,84819090,18,198186.46,35673.56,0.0,0.0,0.0,233860.02
33AABCV1234K1ZK,112024,B2CS,,30-11-2024,,B2C aggregate,33,OE,84819090,18,407098.56,0.0,36638.87,36638.87,0.0,480376.3
33AABCV1234K1ZK,112024,B2CS,,30-11-2024,,B2C aggregate,33,OE,84819090,12,99448.2,0.0,5966.89,5966.89,0.0,111381.98
33AABCV1234K1ZK,122024,SEZWOP,VPI/TN/24-25/0010,13-12-2024,29AAFCQ2233R1ZV,QUANTUM PRECISION SEZ UNIT PRIVATE LIMITED,29,SEWOP,72085190,18,590834.15,0.0,0.0,0.0,0.0,590834.15
33AABCV1234K1ZK,122024,SEZWOP,VPI/TN/24-25/0011,06-12-2024,29AAFCQ2233R1ZV,QUANTUM PRECISION SEZ UNIT PRIVATE LIMITED,29,SEWOP,40169390,12,2204.11,0.0,0.0,0.0,0.0,2204.11
33AABCV1234K1ZK,122024,B2B,VPI/TN/24-25/0012,29-12-2024,29AACCS7712F1ZB,SRIRAM AUTO COMPONENTS PRIVATE LIMITED,29,R,72085190,18,161153.13,29007.56,0.0,0.0,0.0,190160.69
33AABCV1234K1ZK,122024,B2CS,,31-12-2024,,B2C aggregate,33,OE,84819090,18,156504.67,0.0,14085.42,14085.42,0.0,184675.51
33AABCV1234K1ZK,122024,B2CS,,31-12-2024,,B2C aggregate,33,OE,84819090,12,178113.49,0.0,10686.81,10686.81,0.0,199487.11
33AABCV1234K1ZK,012025,B2B,VPI/TN/24-25/0013,20-01-2025,36AABCD4455L1ZH,DECCAN MACHINE TOOLS PRIVATE LIMITED,36,R,73181500,18,33847.3,6092.51,0.0,0.0,0.0,39939.81
33AABCV1234K1ZK,012025,B2B,VPI/TN/24-25/0014,15-01-2025,07AAACN8899J1ZP,NORTHERN VALVE SYSTEMS PRIVATE LIMITED,07,R,84139110,18,174221.59,31359.89,0.0,0.0,0.0,205581.48
33AABCV1234K1ZK,012025,B2B,VPI/TN/24-25/0015,25-01-2025,27AAEFS1122H1ZJ,SAHYADRI ENGINEERING WORKS,27,R,72085190,18,636700.24,114606.04,0.0,0.0,0.0,751306.28
33AABCV1234K1ZK,012025,B2CS,,31-01-2025,,B2C aggregate,33,OE,84819090,18,131750.75,0.0,11857.57,11857.57,0.0,155465.89
33AABCV1234K1ZK,012025,B2CS,,31-01-2025,,B2C aggregate,33,OE,84819090,12,212275.35,0.0,12736.52,12736.52,0.0,237748.39
33AABCV1234K1ZK,022025,B2B,VPI/TN/24-25/0016,16-02-2025,29AACCS7712F1ZB,SRIRAM AUTO COMPONENTS PRIVATE LIMITED,29,R,72085190,18,622105.37,111978.97,0.0,0.0,0.0,734084.34
33AABCV1234K1ZK,022025,B2B,VPI/TN/24-25/0017,01-02-2025,36AABCD4455L1ZH,DECCAN MACHINE TOOLS PRIVATE LIMITED,36,R,998719,18,107085.68,19275.42,0.0,0.0,0.0,126361.1
33AABCV1234K1ZK,022025,B2B,VPI/TN/24-25/0018,15-02-2025,29AAGFK9012M1ZX,KAVERI HYDRAULICS LLP,29,R,40169390,12,11493.9,1379.27,0.0,0.0,0.0,12873.17
33AABCV1234K1ZK,022025,B2CS,,28-02-2025,,B2C aggregate,33,OE,84819090,18,139352.13,0.0,12541.69,12541.69,0.0,164435.51
33AABCV1234K1ZK,022025,B2CS,,28-02-2025,,B2C aggregate,33,OE,84819090,12,226789.32,0.0,13607.36,13607.36,0.0,254004.04
33AABCV1234K1ZK,032025,B2B,VPI/TN/24-25/0019,31-03-2025,07AAACN8899J1ZP,NORTHERN VALVE SYSTEMS PRIVATE LIMITED,07,R,73181500,18,28672.97,5161.13,0.0,0.0,0.0,33834.1
33AABCV1234K1ZK,032025,B2B,VPI/TN/24-25/0020,19-03-2025,27AAEFS1122H1ZJ,SAHYADRI ENGINEERING WORKS,27,R,40169390,12,60235.26,7228.23,0.0,0.0,0.0,67463.49
33AABCV1234K1ZK,032025,B2B,VPI/TN/24-25/0021,10-03-2025,07AAACN8899J1ZP,NORTHERN VALVE SYSTEMS PRIVATE LIMITED,07,R,73181500,18,118699.92,21365.99,0.0,0.0,0.0,140065.91
33AABCV1234K1ZK,032025,B2CS,,31-03-2025,,B2C aggregate,33,OE,84819090,18,364145.82,0.0,32773.13,32773.12,0.0,429692.07
33AABCV1234K1ZK,032025,B2CS,,31-03-2025,,B2C aggregate,33,OE,84819090,12,735308.81,0.0,44118.53,44118.53,0.0,823545.87
