ebrc_no,ebrc_date,shipping_bill_no,shipping_bill_date,invoice_no,invoice_date,iec,ad_code,bank_name,currency,invoice_value_fc,realised_value_fc,realised_value_inr,realisation_date,days_from_invoice,realisation_status,mock_flag
EBRC8308009278,05-07-2024,7100013,23-04-2024,VPI/KA/24-25/0017,19-04-2024,0788012345,0510005,HDFC BANK LTD - PEENYA BRANCH,USD,21760.95,21760.95,1894725.92,05-07-2024,77,Fully realised,
EBRC5724282162,06-08-2024,7100026,23-04-2024,VPI/KA/24-25/0018,15-04-2024,0788012345,0510005,HDFC BANK LTD - PEENYA BRANCH,USD,18477.94,18200.77,1588178.94,06-08-2024,113,Fully realised,
,,7100039,10-05-2024,VPI/KA/24-25/0037,06-05-2024,0788012345,0510005,,USD,12450.69,0.0,0.0,,329,Unrealised,No realisation - Rule 96A 12-month deadline breach
EBRC6637945020,03-09-2024,7100052,08-05-2024,VPI/KA/24-25/0038,03-05-2024,0788012345,0510005,HDFC BANK LTD - PEENYA BRANCH,USD,20496.94,20496.94,1764376.6,03-09-2024,123,Fully realised,
EBRC7809056551,05-08-2024,7100065,02-07-2024,VPI/KA/24-25/0057,28-06-2024,0788012345,0510005,HDFC BANK LTD - PEENYA BRANCH,USD,34116.29,34116.29,2977669.79,05-08-2024,38,Fully realised,
EBRC8222856505,31-07-2024,7100078,04-06-2024,VPI/KA/24-25/0058,02-06-2024,0788012345,0510005,HDFC BANK LTD - PEENYA BRANCH,USD,27549.01,27549.01,2312188.41,31-07-2024,59,Fully realised,
EBRC5948336662,21-09-2024,7100091,05-07-2024,VPI/KA/24-25/0077,03-07-2024,0788012345,0510005,HDFC BANK LTD - PEENYA BRANCH,USD,18935.33,18935.33,1636201.87,21-09-2024,80,Fully realised,
EBRC7825466306,14-12-2024,,,VPI/KA/24-25/0078,31-07-2024,0788012345,0510005,HDFC BANK LTD - PEENYA BRANCH,EUR,26363.04,26363.04,2418808.92,14-12-2024,136,Fully realised,
EBRC5102082000,30-09-2024,7100117,10-08-2024,VPI/KA/24-25/0097,04-08-2024,0788012345,0510005,HDFC BANK LTD - PEENYA BRANCH,USD,9790.67,9643.81,840431.11,30-09-2024,57,Fully realised,
EBRC3226933741,04-11-2024,7100130,15-08-2024,VPI/KA/24-25/0098,08-08-2024,0788012345,0510005,HDFC BANK LTD - PEENYA BRANCH,USD,22158.36,22158.36,1861302.24,04-11-2024,88,Fully realised,
EBRC7010809832,25-11-2024,7100143,18-09-2024,VPI/KA/24-25/0117,11-09-2024,0788012345,0510005,HDFC BANK LTD - PEENYA BRANCH,USD,20103.18,20103.18,1696909.42,25-11-2024,75,Fully realised,
EBRC1150809250,21-12-2024,7100156,08-09-2024,VPI/KA/24-25/0118,06-09-2024,0788012345,0510005,HDFC BANK LTD - PEENYA BRANCH,USD,29594.55,29150.63,2564071.81,21-12-2024,106,Fully realised,
EBRC9606359589,19-02-2025,7100169,12-10-2024,VPI/KA/24-25/0137,06-10-2024,0788012345,0510005,HDFC BANK LTD - PEENYA BRANCH,USD,18212.65,18212.65,1580675.89,19-02-2025,136,Fully realised,
EBRC8940767208,25-12-2024,7100182,14-10-2024,VPI/KA/24-25/0138,09-10-2024,0788012345,0510005,HDFC BANK LTD - PEENYA BRANCH,USD,14494.68,14277.26,1253210.03,25-12-2024,77,Fully realised,
EBRC5679864348,15-03-2025,7100195,08-11-2024,VPI/KA/24-25/0157,04-11-2024,0788012345,0510005,HDFC BANK LTD - PEENYA BRANCH,USD,32318.15,31833.38,2696303.25,15-03-2025,131,Fully realised,
EBRC2899326385,14-02-2025,7100208,22-11-2024,VPI/KA/24-25/0158,15-11-2024,0788012345,0510005,HDFC BANK LTD - PEENYA BRANCH,EUR,15174.5,14946.88,1425037.3,14-02-2025,91,Fully realised,
EBRC1500402254,21-03-2025,7100221,15-12-2024,VPI/KA/24-25/0177,11-12-2024,0788012345,0510005,HDFC BANK LTD - PEENYA BRANCH,USD,14006.75,14006.75,1169703.69,21-03-2025,100,Fully realised,
EBRC6408663791,08-02-2025,7100234,19-12-2024,VPI/KA/24-25/0178,18-12-2024,0788012345,0510005,HDFC BANK LTD - PEENYA BRANCH,USD,26386.99,25991.19,2272711.45,08-02-2025,52,Fully realised,
EBRC6539021633,21-02-2025,7100247,14-01-2025,VPI/KA/24-25/0197,13-01-2025,0788012345,0510005,HDFC BANK LTD - PEENYA BRANCH,USD,11682.23,11507.0,999181.13,21-02-2025,39,Fully realised,
EBRC6371810369,19-05-2025,7100260,17-01-2025,VPI/KA/24-25/0198,14-01-2025,0788012345,0510005,HDFC BANK LTD - PEENYA BRANCH,USD,16355.21,16355.21,1389538.64,19-05-2025,125,Fully realised,
EBRC9001526576,26-03-2025,7100273,22-02-2025,VPI/KA/24-25/0217,17-02-2025,0788012345,0510005,HDFC BANK LTD - PEENYA BRANCH,USD,18924.4,18924.4,1634689.67,26-03-2025,37,Fully realised,
EBRC4221035162,20-06-2025,7100286,15-02-2025,VPI/KA/24-25/0218,08-02-2025,0788012345,0510005,HDFC BANK LTD - PEENYA BRANCH,USD,28587.46,28587.46,2497400.51,20-06-2025,132,Fully realised,
EBRC2955067154,02-06-2025,7100299,01-04-2025,VPI/KA/24-25/0237,26-03-2025,0788012345,0510005,HDFC BANK LTD - PEENYA BRANCH,USD,10057.43,9906.57,860413.14,02-06-2025,68,Fully realised,
EBRC5135709354,06-05-2025,7100312,08-03-2025,VPI/KA/24-25/0238,05-03-2025,0788012345,0510005,HDFC BANK LTD - PEENYA BRANCH,USD,19205.56,19205.56,1665698.22,06-05-2025,62,Fully realised,
